Order Date,Category,List Price Per Unit,Purchase Price Per Unit,Quantity,Item Subtotal,Item Subtotal Tax,Item Total
2006-06-01,BEAUTY,39.99,39.95,2.00,79.90,0.00,79.90
2006-11-18,SPORTING_GOODS,99.99,64.99,1.00,64.99,0.00,64.99
2007-01-20,PHONE_ACCESSORY,24.99,3.98,1.00,3.98,0.00,3.98
2007-01-20,,19.99,0.49,1.00,0.49,0.00,0.49
2007-07-01,FOOD_DEHYDRATOR,46.99,39.99,1.00,39.99,0.00,39.99
2008-08-14,ABIS_BOOK,162.95,130.36,1.00,130.36,0.00,130.36
2008-09-11,ABIS_BOOK,21.00,12.60,1.00,12.60,0.00,12.60
2008-09-11,ABIS_BOOK,19.95,13.57,1.00,13.57,0.00,13.57
2008-09-27,TOOLS,81.58,62.74,2.00,125.48,0.00,125.48
2008-09-27,HARDWARE_PLANER,256.22,107.05,1.00,107.05,0.00,107.05
2008-10-17,TOOLS,44.99,39.95,1.00,39.95,0.00,39.95
2008-10-25,TOOLS,7.99,7.99,4.00,31.96,0.00,31.96
2008-11-07,HEADPHONES,219.95,92.22,1.00,92.22,0.00,92.22
2008-12-09,ABIS_BOOK,201.95,81.00,1.00,81.00,0.00,81.00
2008-12-09,ABIS_BOOK,92.95,60.00,1.00,60.00,0.00,60.00
2008-12-19,PHYSICAL_TV_SERIES,19.99,16.49,1.00,16.49,0.00,16.49
2009-05-02,ABIS_BOOK,80.00,80.00,1.00,80.00,0.00,80.00
2009-05-04,ABIS_BOOK,85.00,85.00,1.00,85.00,0.00,85.00
2009-06-26,HARDWARE_TUBING,32.50,32.50,1.00,32.50,0.00,32.50
2009-06-26,TOOLS,1.90,1.90,1.00,1.90,0.00,1.90
2009-06-26,TOOLS,522.90,295.92,1.00,295.92,0.00,295.92
2009-07-07,HARDWARE_CLAMP_VISE,9.46,9.46,2.00,18.92,0.00,18.92
2009-07-07,HARDWARE_TUBING,33.00,17.69,1.00,17.69,0.00,17.69
2009-07-08,ABIS_BOOK,79.95,45.69,1.00,45.69,0.00,45.69
2009-07-15,ABIS_BOOK,147.95,38.00,1.00,38.00,0.00,38.00
2009-07-29,HARDWARE_PIN,3.89,3.89,2.00,7.78,0.64,8.42
2009-07-29,SCREWS,6.49,6.49,4.00,25.96,2.16,28.12
2009-08-17,ABIS_BOOK,80.41,46.72,1.00,46.72,0.00,46.72
2009-08-25,ABIS_BOOK,14.99,1.60,1.00,1.60,0.00,1.60
2009-08-29,ABIS_BOOK,14.95,4.38,1.00,4.38,0.00,4.38
2009-08-29,ABIS_BOOK,15.95,0.25,1.00,0.25,0.00,0.25
2009-08-29,ABIS_BOOK,14.00,0.64,1.00,0.64,0.00,0.64
2009-08-29,ABIS_BOOK,15.99,0.75,1.00,0.75,0.00,0.75
2009-09-28,ABIS_BOOK,19.95,8.64,1.00,8.64,0.00,8.64
2009-09-28,ABIS_BOOK,16.00,6.99,1.00,6.99,0.00,6.99
2009-10-23,ABIS_BOOK,110.00,68.28,1.00,68.28,0.00,68.28
2009-11-16,THERMOMETER,25.00,18.25,1.00,18.25,0.00,18.25
2009-11-23,COUNTERTOP_GRIDDLE_APPLIANCE,32.99,29.99,1.00,29.99,0.00,29.99
2009-11-23,COUNTERTOP_BURNER,14.99,14.99,1.00,14.99,0.00,14.99
2009-11-27,ABIS_BOOK,99.00,62.37,1.00,62.37,0.00,62.37
2009-12-13,ABIS_BOOK,218.95,59.00,1.00,59.00,0.00,59.00
2009-12-16,ABIS_BOOK,9.99,9.99,1.00,9.99,0.00,9.99
2009-12-16,ABIS_BOOK,68.00,38.50,1.00,38.50,0.00,38.50
2009-12-27,ABIS_BOOK,7.85,7.85,1.00,7.85,0.00,7.85
2010-01-06,HEALTH_PERSONAL_CARE,49.99,26.59,1.00,26.59,0.00,26.59
2010-01-24,ABIS_BOOK,99.00,99.00,1.00,99.00,0.00,99.00
2010-02-24,CHARGING_ADAPTER,17.90,17.90,1.00,17.90,0.00,17.90
2010-03-22,NOTEBOOK_COMPUTER,339.99,329.00,1.00,329.00,0.00,329.00
2010-03-24,PHONE,0.00,0.02,1.00,0.02,0.00,0.02
2010-03-24,,1.72,1.72,1.00,1.72,0.00,1.72
2010-03-24,CELLULAR_PHONE_CASE,24.99,0.61,1.00,0.61,0.00,0.61
2010-05-12,ABIS_BOOK,15.99,4.00,1.00,4.00,0.00,4.00
2010-05-24,ABIS_BOOK,82.20,38.00,1.00,38.00,0.00,38.00
2010-06-24,,11.70,3.00,1.00,3.00,0.00,3.00
2010-07-02,WIRELESS_ACCESSORY,24.99,0.69,1.00,0.69,0.00,0.69
2010-09-20,SCREEN_PROTECTOR,0.01,0.01,1.00,0.01,0.00,0.01
2010-09-20,PAPER_SHREDDER,39.99,39.99,1.00,39.99,0.00,39.99
2010-09-20,,41.95,33.97,1.00,33.97,0.00,33.97
2010-09-20,SCREEN_PROTECTOR,0.00,1.49,1.00,1.49,0.00,1.49
2010-11-18,HARDWARE,3.74,2.94,7.00,20.58,0.00,20.58
2010-11-29,CAMERA_DIGITAL,199.95,99.95,1.00,99.95,0.00,99.95
2010-11-29,FLASH_MEMORY,13.99,13.95,1.00,13.95,0.00,13.95
2011-01-06,HEALTH_PERSONAL_CARE,70.00,38.89,3.00,116.67,0.00,116.67
2011-01-07,,73.99,43.50,1.00,43.50,0.00,43.50
2011-02-17,PROTEIN_SUPPLEMENT_POWDER,70.00,38.89,3.00,116.67,0.00,116.67
2011-04-07,WALLET,13.99,12.23,1.00,12.23,0.00,12.23
2011-10-10,,40.75,40.75,1.00,40.75,0.00,40.75
2011-11-01,HEALTH_PERSONAL_CARE,70.00,42.20,2.00,84.40,0.00,84.40
2011-11-01,PROTEIN_SUPPLEMENT_POWDER,52.98,47.49,1.00,47.49,0.00,47.49
2011-11-01,HEALTH_PERSONAL_CARE,70.00,40.70,2.00,81.40,0.00,81.40
2011-11-08,ABIS_BOOK,26.00,14.13,1.00,14.13,0.00,14.13
2012-01-08,PROTEIN_SUPPLEMENT_POWDER,52.98,48.89,1.00,48.89,0.00,48.89
2012-01-12,VEHICLE_BRAKE_PAD,112.58,56.29,1.00,56.29,0.00,56.29
2012-02-14,VEHICLE_BRAKE_PAD,102.00,53.63,1.00,53.63,0.00,53.63
2012-03-05,VITAMIN,26.95,20.86,1.00,20.86,0.00,20.86
2012-03-05,THERMOMETER,12.99,7.69,1.00,7.69,0.00,7.69
2012-05-02,PROTEIN_SUPPLEMENT_POWDER,190.00,88.79,1.00,88.79,0.00,88.79
2012-09-02,PET_SUPPLIES,24.99,18.99,1.00,18.99,1.57,20.56
2012-09-30,ABIS_BOOK,19.95,0.01,1.00,0.01,0.00,0.01
2012-09-30,ABIS_BOOK,38.95,0.97,1.00,0.97,0.00,0.97
2012-09-30,ABIS_BOOK,34.99,0.29,1.00,0.29,0.00,0.29
2012-09-30,ABIS_BOOK,34.99,1.38,1.00,1.38,0.00,1.38
2012-11-19,WATER_PUMP,16.00,9.94,1.00,9.94,0.00,9.94
2012-11-19,AIR_COMPRESSOR,49.95,49.95,1.00,49.95,4.12,54.07
2012-11-23,TELEVISION,499.99,249.98,1.00,249.98,20.62,270.60
2012-12-20,GIFT_CARD,150.00,150.00,1.00,150.00,0.00,150.00
2013-02-26,NUTRITIONAL_SUPPLEMENT,53.86,40.69,1.00,40.69,0.00,40.69
2013-02-28,ELECTRONIC_ADAPTER,69.99,9.99,1.00,9.99,0.00,9.99
2013-02-28,HOSE_PIPE_FITTING,4.00,4.00,1.00,4.00,0.33,4.33
2013-03-01,ABIS_BOOK,16.95,5.99,1.00,5.99,0.00,5.99
2013-03-04,ABIS_BOOK,18.95,6.49,1.00,6.49,0.00,6.49
2013-03-25,JUICER,199.99,149.95,1.00,149.95,12.37,162.32
2013-04-22,ABIS_BOOK,19.95,12.95,1.00,12.95,0.00,12.95
2013-04-22,ABIS_BOOK,17.95,11.23,1.00,11.23,0.93,12.16
2013-04-22,ABIS_BOOK,17.95,11.96,1.00,11.96,0.99,12.95
2013-04-22,ABIS_BOOK,11.95,8.85,1.00,8.85,0.73,9.58
2013-04-22,ABIS_BOOK,24.99,8.95,1.00,8.95,0.00,8.95
2013-05-11,,0.00,66.95,1.00,66.95,0.00,66.95
2013-05-11,ABIS_BOOK,95.00,54.07,1.00,54.07,4.46,58.53
2013-05-11,ABIS_BOOK,22.98,0.01,1.00,0.01,0.00,0.01
2013-05-11,ABIS_BOOK,19.95,2.42,1.00,2.42,0.00,2.42
2013-05-18,WATER_PURIFICATION_UNIT,74.96,43.60,1.00,43.60,0.00,43.60
2013-05-18,,33.71,19.21,1.00,19.21,1.58,20.79
2013-05-20,MECHANICAL_COMPONENTS,0.00,4.99,6.00,29.94,0.00,29.94
2013-07-14,PROTEIN_SUPPLEMENT_POWDER,82.45,55.05,2.00,110.10,0.00,110.10
2013-07-14,,27.40,27.40,2.00,54.80,0.00,54.80
2013-07-14,PROTEIN_DRINK,27.40,25.99,2.00,51.98,0.00,51.98
2013-07-14,PROTEIN_DRINK,27.40,26.49,2.00,52.98,0.00,52.98
2013-08-30,,27.40,27.40,1.00,27.40,0.00,27.40
2013-08-30,PROTEIN_DRINK,27.40,27.40,2.00,54.80,0.00,54.80
2013-08-30,PROTEIN_DRINK,27.40,27.40,1.00,27.40,0.00,27.40
2013-10-06,,0.00,74.98,1.00,74.98,0.00,74.98
2013-10-15,,21.90,8.99,2.00,17.98,0.00,17.98
2013-11-28,TELEVISION,799.99,397.00,1.00,397.00,32.75,429.75
2013-11-30,TOY_BUILDING_BLOCK,29.99,18.99,1.00,18.99,1.57,20.56
2013-11-30,SCIENCE_FUNDAMENTALS_KIT,34.99,20.55,1.00,20.55,0.00,20.55
2013-11-30,CE_ACCESSORY,22.00,9.99,1.00,9.99,0.00,9.99
2013-11-30,CE_ACCESSORY,22.00,9.99,1.00,9.99,0.00,9.99
2013-12-12,ELECTRIC_CIRCUIT_TESTING_DEVICE,59.99,58.24,1.00,58.24,4.80,63.04
2013-12-13,ABIS_MUSIC,9.99,10.16,1.00,10.16,0.00,10.16
2013-12-13,ABIS_MUSIC,9.99,10.67,1.00,10.67,0.00,10.67
2013-12-19,,0.00,7.06,1.00,7.06,0.00,7.06
2014-01-19,ABIS_BOOK,25.00,7.00,1.00,7.00,0.00,7.00
2014-01-19,ABIS_BOOK,19.95,13.14,1.00,13.14,0.00,13.14
2014-01-19,ABIS_BOOK,16.99,0.23,1.00,0.23,0.00,0.23
2014-02-22,HOSE_PIPE_FITTING,9.52,6.25,3.00,18.75,0.00,18.75
2014-02-22,VALVE,37.08,14.75,1.00,14.75,0.00,14.75
2014-02-22,HOSE_PIPE_FITTING,8.78,6.50,1.00,6.50,0.00,6.50
2014-02-22,VALVE,0.00,8.99,1.00,8.99,0.74,9.73
2014-02-22,HOSE_PIPE_FITTING,0.00,4.57,1.00,4.57,0.38,4.95
2014-02-22,HOSE_PIPE_FITTING,0.00,3.57,3.00,10.71,0.87,11.58
2014-02-22,,33.99,23.16,1.00,23.16,0.00,23.16
2014-02-26,,0.00,10.99,1.00,10.99,0.00,10.99
2014-03-17,PROTEIN_SUPPLEMENT_POWDER,39.55,29.76,1.00,29.76,0.00,29.76
2014-03-17,PROTEIN_SUPPLEMENT_POWDER,82.45,49.99,1.00,49.99,0.00,49.99
2014-03-17,PROTEIN_SUPPLEMENT_POWDER,82.45,53.98,1.00,53.98,0.00,53.98
2014-04-13,FOOD_BLENDER,659.00,403.86,1.00,403.86,33.32,437.18
2014-05-05,MECHANICAL_COMPONENTS,0.00,11.69,2.00,23.38,1.92,25.30
2014-05-05,HOSE_PIPE_FITTING,0.00,11.90,1.00,11.90,0.98,12.88
2014-05-05,HOSE_PIPE_FITTING,0.00,13.25,2.00,26.50,2.18,28.68
2014-05-05,HOSE_PIPE_FITTING,0.00,4.91,1.00,4.91,0.41,5.32
2014-05-05,HOSE_PIPE_FITTING,0.00,12.00,1.00,12.00,0.99,12.99
2014-05-09,HOSE_PIPE_FITTING,0.00,0.00,1.00,0.00,0.00,0.00
2014-05-15,ABIS_BOOK,19.99,13.32,1.00,13.32,1.10,14.42
2014-06-07,HOME,0.00,11.75,2.00,23.50,0.00,23.50
2014-06-08,MECHANICAL_COMPONENTS,0.00,0.90,1.00,0.90,0.07,0.97
2014-06-08,LAB_SUPPLY,0.00,10.90,1.00,10.90,0.00,10.90
2014-06-08,,29.99,6.94,1.00,6.94,0.57,7.51
2014-06-16,KITCHEN,0.00,41.00,1.00,41.00,0.00,41.00
2014-06-28,,0.00,7.63,1.00,7.63,0.00,7.63
2014-07-28,PANTS,198.00,198.00,1.00,198.00,16.34,214.34
2014-07-28,PANTS,198.00,198.00,1.00,198.00,16.34,214.34
2014-07-28,PANTS,189.00,139.00,1.00,139.00,11.47,150.47
2014-07-28,PANTS,189.00,139.00,1.00,139.00,11.47,150.47
2014-08-06,KEYBOARD_INSTRUMENTS,293.95,138.41,1.00,138.41,11.42,149.83
2014-08-18,PROTEIN_SUPPLEMENT_POWDER,82.45,53.98,1.00,53.98,0.00,53.98
2014-08-18,PROTEIN_SUPPLEMENT_POWDER,82.45,53.98,1.00,53.98,0.00,53.98
2014-08-29,LAB_SUPPLY,0.00,5.91,1.00,5.91,0.00,5.91
2014-08-29,HOSE_PIPE_FITTING,8.08,4.19,1.00,4.19,0.00,4.19
2014-08-29,,29.99,10.39,1.00,10.39,0.86,11.25
2014-09-16,DRAWER_SLIDE,0.00,7.89,4.00,31.56,2.60,34.16
2014-09-28,AIR_COMPRESSOR,69.93,49.95,1.00,49.95,4.12,54.07
2014-09-28,HOME_BED_AND_BATH,0.00,23.00,1.00,23.00,0.00,23.00
2014-11-08,,13.33,5.90,1.00,5.90,0.00,5.90
2014-11-08,SEXUAL_WELLNESS,20.00,13.79,1.00,13.79,0.00,13.79
2014-11-17,HOME_LIGHTING_ACCESSORY,0.00,27.95,1.00,27.95,0.00,27.95
2014-12-07,PROTEIN_SUPPLEMENT_POWDER,82.45,56.77,1.00,56.77,0.00,56.77
2014-12-07,PROTEIN_SUPPLEMENT_POWDER,82.45,53.99,1.00,53.99,0.00,53.99
2014-12-31,HARDWARE_HANDLE,137.57,54.36,1.00,54.36,4.48,58.84
2015-01-10,BONDING_ADHESIVES,22.00,22.00,1.00,22.00,1.82,23.82
2015-02-01,,0.00,17.95,1.00,17.95,1.48,19.43
2015-02-02,PROTEIN_SUPPLEMENT_POWDER,82.45,53.99,2.00,107.98,0.00,107.98
2015-02-15,DRILL_BITS,170.16,102.91,1.00,102.91,8.49,111.40
2015-03-14,DYE,0.00,8.00,1.00,8.00,0.00,8.00
2015-03-14,SHOE_INSERT,0.00,12.95,1.00,12.95,0.00,12.95
2015-03-14,,0.00,10.75,1.00,10.75,0.89,11.64
2015-04-19,PROTEIN_SUPPLEMENT_POWDER,82.45,57.99,1.00,57.99,0.00,57.99
2015-04-19,PROTEIN_SUPPLEMENT_POWDER,82.45,56.30,1.00,56.30,0.00,56.30
2015-04-19,PROTEIN_SUPPLEMENT_POWDER,82.45,53.99,2.00,107.98,0.00,107.98
2015-05-07,ABIS_BOOK,19.95,4.22,1.00,4.22,0.00,4.22
2015-05-07,ABIS_BOOK,4.95,0.01,1.00,0.01,0.00,0.01
2015-05-07,ABIS_BOOK,8.95,0.01,1.00,0.01,0.00,0.01
2015-05-18,,0.00,2.99,1.00,2.99,0.00,2.99
2015-05-18,,0.00,2.99,1.00,2.99,0.00,2.99
2015-05-18,,0.00,2.99,1.00,2.99,0.00,2.99
2015-05-18,SUGAR_CANDY,0.00,2.98,1.00,2.98,0.00,2.98
2015-05-18,SUGAR_CANDY,0.00,2.50,1.00,2.50,0.00,2.50
2015-05-18,,0.00,6.91,1.00,6.91,0.00,6.91
2015-05-20,PET_TOY,13.99,12.89,1.00,12.89,0.00,12.89
2015-05-21,POWER_STRIP,10.00,7.44,1.00,7.44,0.61,8.05
2015-05-24,BED_LINEN_SET,87.99,70.35,1.00,70.35,5.80,76.15
2015-05-24,MATTRESS_COVER,119.99,29.99,1.00,29.99,0.00,29.99
2015-06-16,PROTEIN_DRINK,27.40,27.40,1.00,27.40,0.00,27.40
2015-06-16,PROTEIN_DRINK,27.40,27.40,1.00,27.40,0.00,27.40
2015-06-16,PROTEIN_DRINK,27.40,27.40,1.00,27.40,0.00,27.40
2015-06-16,PROTEIN_DRINK,27.40,27.40,1.00,27.40,0.00,27.40
2015-06-29,PROTEIN_SUPPLEMENT_POWDER,82.45,53.45,1.00,53.45,0.00,53.45
2015-06-29,PROTEIN_SUPPLEMENT_POWDER,82.45,53.45,1.00,53.45,0.00,53.45
2015-07-14,VEHICLE_BRAKE_PAD,137.60,48.11,1.00,48.11,3.97,52.08
2015-07-14,VEHICLE_BRAKE_PAD,150.80,57.55,1.00,57.55,0.00,57.55
2015-07-22,ABIS_BOOK,59.99,2.52,1.00,2.52,0.00,2.52
2015-08-31,WEIGH_SCALE,49.99,13.60,1.00,13.60,1.12,14.72
2015-08-31,PROTEIN_SUPPLEMENT_POWDER,82.45,53.99,2.00,107.98,0.00,107.98
2015-08-31,ABIS_BOOK,27.00,15.88,0.00,0.00,0.00,0.00
2015-09-03,AIR_COMPRESSOR,69.93,41.80,1.00,41.80,3.45,45.25
2015-09-06,VEHICLE_BRAKE_PAD,63.95,43.09,1.00,43.09,3.55,46.64
2015-09-06,VEHICLE_BRAKE_PAD,156.40,56.70,1.00,56.70,0.00,56.70
2015-09-12,AUTO_ACCESSORY,13.99,10.97,1.00,10.97,0.91,11.88
2015-09-26,ABIS_BOOK,11.99,0.01,1.00,0.01,0.00,0.01
2015-09-26,ABIS_BOOK,19.95,0.01,1.00,0.01,0.00,0.01
2015-09-26,ABIS_BOOK,12.99,0.01,1.00,0.01,0.00,0.01
2015-09-26,ABIS_BOOK,14.95,0.11,1.00,0.11,0.00,0.11
2015-09-26,ABIS_BOOK,16.95,0.96,1.00,0.96,0.00,0.96
2015-09-28,ABIS_BOOK,15.95,6.14,1.00,6.14,0.00,6.14
2015-10-02,ABIS_BOOK,9.95,0.44,1.00,0.44,0.00,0.44
2015-10-02,ABIS_BOOK,16.00,0.01,1.00,0.01,0.00,0.01
2015-10-02,ABIS_BOOK,14.00,0.01,1.00,0.01,0.00,0.01
2015-10-02,ABIS_BOOK,14.99,1.49,1.00,1.49,0.00,1.49
2015-10-02,ABIS_BOOK,17.00,4.28,1.00,4.28,0.00,4.28
2015-10-02,ABIS_BOOK,19.99,7.31,1.00,7.31,0.00,7.31
2015-10-02,ABIS_BOOK,15.99,0.01,1.00,0.01,0.00,0.01
2015-10-02,ABIS_BOOK,12.95,0.01,1.00,0.01,0.00,0.01
2015-10-04,MOUTH_GUARD,41.33,17.49,1.00,17.49,1.44,18.93
2015-10-19,PET_FEEDER,14.99,14.99,2.00,29.98,2.48,32.46
2015-10-19,LEASH,23.99,12.74,1.00,12.74,1.05,13.79
2015-10-19,PET_SUPPLIES,0.00,4.88,1.00,4.88,0.40,5.28
2015-10-19,TOOTH_CLEANING_AGENT,8.99,3.97,1.00,3.97,0.33,4.30
2015-10-19,HAIR_BRUSH,0.00,12.77,1.00,12.77,0.00,12.77
2015-10-19,HAIR_BRUSH,7.49,4.99,1.00,4.99,0.41,5.40
2015-10-19,PROTEIN_SUPPLEMENT_POWDER,82.45,51.99,2.00,103.98,0.00,103.98
2015-10-19,ANIMAL_HARNESS,18.73,10.99,1.00,10.99,0.00,10.99
2015-10-19,ANIMAL_CAGE,49.99,28.99,1.00,28.99,2.39,31.38
2015-10-24,PET_BED_MAT,19.99,11.48,1.00,11.48,0.95,12.43
2015-11-07,MINERAL_SUPPLEMENT,20.49,17.99,1.00,17.99,0.00,17.99
2015-11-07,NUTRITIONAL_SUPPLEMENT,42.95,38.21,1.00,38.21,0.00,38.21
2015-11-10,MECHANICAL_COMPONENTS,0.00,35.85,1.00,35.85,0.00,35.85
2015-11-14,HERBAL_SUPPLEMENT,49.99,26.31,1.00,26.31,0.00,26.31
2015-11-14,PET_SUPPLIES,15.99,12.70,1.00,12.70,1.05,13.75
2015-11-14,PET_TOY,4.99,3.39,1.00,3.39,0.28,3.67
2015-11-14,PET_SUPPLIES,9.49,5.49,1.00,5.49,0.45,5.94
2015-11-27,CELLULAR_PHONE_CASE,30.00,4.99,1.00,4.99,0.00,4.99
2015-11-27,,0.00,10.00,1.00,10.00,0.00,10.00
2015-11-29,PET_FOOD,0.00,10.98,1.00,10.98,0.91,11.89
2015-12-05,PANTS,198.00,198.00,1.00,198.00,13.07,211.07
2015-12-05,PANTS,176.00,175.24,1.00,175.24,11.57,186.81
2015-12-05,PROTEIN_SUPPLEMENT_POWDER,82.45,49.43,1.00,49.43,0.00,49.43
2015-12-05,HOME_LIGHTING_ACCESSORY,0.00,37.15,1.00,37.15,0.00,37.15
2015-12-12,PLANT_SEED,0.00,3.50,1.00,3.50,0.00,3.50
2015-12-12,PLANT_SEED,2.99,1.79,1.00,1.79,0.00,1.79
2015-12-12,PLANT_SEED,17.95,14.99,1.00,14.99,0.00,14.99
2015-12-12,,15.99,13.99,1.00,13.99,0.00,13.99
2015-12-12,OIL_FILTER,12.10,4.64,1.00,4.64,0.38,5.02
2015-12-12,AUTO_OIL,0.00,26.44,1.00,26.44,2.18,28.62
2015-12-12,,8.99,6.99,1.00,6.99,0.57,7.56
2015-12-12,OUTDOOR_LIVING,17.10,13.69,1.00,13.69,1.13,14.82
2015-12-12,PLANTER,29.99,13.99,1.00,13.99,0.00,13.99
2015-12-17,KNIFE_SHARPENER,0.00,23.99,1.00,23.99,0.00,23.99
2015-12-17,KITCHEN_KNIFE,175.00,99.95,1.00,99.95,0.00,99.95
2015-12-17,ABIS_BOOK,39.95,27.96,1.00,27.96,2.31,30.27
2015-12-18,PANTS,198.00,198.00,1.00,198.00,16.34,214.34
2015-12-18,,42.99,22.57,1.00,22.57,1.86,24.43
2015-12-31,,15.99,13.99,1.00,13.99,0.00,13.99
2015-12-31,,8.99,6.99,2.00,13.98,1.14,15.12
2015-12-31,PET_FOOD,0.00,25.28,1.00,25.28,2.09,27.37
2015-12-31,PROTEIN_SUPPLEMENT_POWDER,82.45,47.69,1.00,47.69,0.00,47.69
2015-12-31,WALL_ART,6.90,5.99,1.00,5.99,0.49,6.48
2016-02-15,Kitchen,90.00,69.45,1.00,69.45,0.00,69.45
2016-02-15,Paperback,4.99,4.99,1.00,4.99,0.41,5.40
2016-02-15,Office Product,29.99,11.70,1.00,11.70,0.00,11.70
2016-02-15,Office Product,1.59,5.97,1.00,5.97,0.49,6.46
2016-02-15,Paperback,5.99,4.68,1.00,4.68,0.39,5.07
2016-02-27,Health and Beauty,82.45,49.49,1.00,49.49,0.00,49.49
2016-02-27,Hardcover,25.99,6.50,1.00,6.50,0.00,6.50
2016-02-27,Sports,16.00,11.93,1.00,11.93,0.98,12.91
2016-02-27,Health and Beauty,82.45,54.43,1.00,54.43,0.00,54.43
2016-02-27,Hardcover,9.95,0.67,1.00,0.67,0.00,0.67
2016-02-27,Hardcover,27.99,4.03,1.00,4.03,0.00,4.03
2016-03-05,Target,0.00,22.99,1.00,22.99,1.65,24.64
2016-03-21,Misc.,0.00,11.95,1.00,11.95,0.00,11.95
2016-03-21,Board book,12.99,10.73,1.00,10.73,0.89,11.62
2016-03-21,Health and Beauty,0.00,18.42,1.00,18.42,0.00,18.42
2016-03-21,Grocery,2.60,2.19,1.00,2.19,0.18,2.37
2016-03-25,Health and Beauty,49.99,26.48,1.00,26.48,0.00,26.48
2016-04-04,,41.79,35.06,1.00,35.06,2.34,37.40
2016-04-11,Health and Beauty,82.45,49.49,1.00,49.49,0.00,49.49
2016-04-16,Health and Beauty,82.45,49.49,1.00,49.49,0.00,49.49
2016-04-23,Automotive,14.33,7.22,1.00,7.22,0.60,7.82
2016-05-01,Tools & Home Improvement,24.99,19.98,1.00,19.98,1.65,21.63
2016-05-01,Tools & Home Improvement,39.00,32.99,1.00,32.99,2.72,35.71
2016-05-01,Target,0.00,22.99,1.00,22.99,1.65,24.64
2016-05-01,Tools & Home Improvement,29.99,18.75,1.00,18.75,1.55,20.30
2016-05-05,Misc.,0.00,64.99,1.00,64.99,0.00,64.99
2016-05-11,Health and Beauty,82.45,53.03,1.00,53.03,0.00,53.03
2016-05-27,Health and Beauty,8.99,8.39,1.00,8.39,0.00,8.39
2016-05-28,Health and Beauty,4.99,1.81,1.00,1.81,0.15,1.96
2016-06-01,Misc.,11.49,6.65,1.00,6.65,0.55,7.20
2016-06-04,Target,24.99,16.49,2.00,32.98,2.72,35.70
2016-06-04,Tools & Home Improvement,9.73,5.09,1.00,5.09,0.42,5.51
2016-06-08,Health and Beauty,82.45,53.79,1.00,53.79,0.00,53.79
2016-06-08,Target,41.98,40.99,1.00,40.99,3.38,44.37
2016-06-13,Lawn & Patio,0.00,12.99,1.00,12.99,0.00,12.99
2016-06-13,,0.00,3.65,1.00,3.65,0.00,3.65
2016-06-13,,0.00,1.64,1.00,1.64,0.00,1.64
2016-06-19,,0.00,8.99,1.00,8.99,0.00,8.99
2016-06-19,,0.00,5.78,1.00,5.78,0.00,5.78
2016-06-19,,0.00,7.99,1.00,7.99,0.00,7.99
2016-06-19,,0.00,21.59,1.00,21.59,0.00,21.59
2016-06-19,,0.00,1.64,1.00,1.64,0.00,1.64
2016-06-19,,0.00,2.06,1.00,2.06,0.00,2.06
2016-06-28,Misc.,0.00,24.95,1.00,24.95,0.00,24.95
2016-07-03,Health and Beauty,82.45,53.79,1.00,53.79,0.00,53.79
2016-08-19,Health and Beauty,0.00,13.31,1.00,13.31,0.00,13.31
2016-08-27,Health and Beauty,0.00,13.25,1.00,13.25,0.00,13.25
2016-09-10,Misc.,44.99,14.89,1.00,14.89,1.23,16.12
2016-09-11,Misc.,9.99,6.44,1.00,6.44,0.53,6.97
2016-09-11,Misc.,8.99,5.54,4.00,22.16,1.84,24.00
2016-09-22,Office Product,0.00,11.95,1.00,11.95,0.00,11.95
2016-09-22,Office Product,0.00,14.95,1.00,14.95,0.00,14.95
2016-09-23,Health and Beauty,62.95,32.95,1.00,32.95,0.00,32.95
2016-11-16,Office Product,0.00,11.95,1.00,11.95,0.00,11.95
2017-01-22,Office Product,0.00,11.95,1.00,11.95,0.00,11.95
2017-01-22,Office Product,0.00,11.94,1.00,11.94,0.00,11.94
2017-01-22,Misc.,9.99,6.99,3.00,20.97,1.74,22.71
2017-02-09,Automotive,63.95,42.77,1.00,42.77,0.00,42.77
2017-02-09,Automotive,141.75,57.67,1.00,57.67,0.00,57.67
2017-03-10,Misc.,8.99,7.49,2.00,14.98,1.24,16.22
2017-03-10,Office Product,0.00,11.95,2.00,23.90,0.00,23.90
2017-03-12,Office Product,0.00,11.95,1.00,11.95,0.00,11.95
2017-03-12,Office Product,0.00,11.94,1.00,11.94,0.00,11.94
2017-03-12,Misc.,8.99,7.49,2.00,14.98,1.24,16.22
2017-04-11,Office Product,0.00,11.95,3.00,35.85,0.00,35.85
2017-04-23,Tools & Home Improvement,0.00,54.99,2.00,109.98,0.00,109.98
2017-04-30,Tools & Home Improvement,29.99,9.02,1.00,9.02,0.00,9.02
2017-04-30,Tools & Home Improvement,25.10,18.88,1.00,18.88,1.56,20.44
2017-04-30,Tools & Home Improvement,0.00,8.34,1.00,8.34,0.69,9.03
2017-04-30,Tools & Home Improvement,79.00,59.97,0.00,0.00,0.00,0.00
2017-04-30,Tools & Home Improvement,6.80,8.57,1.00,8.57,0.71,9.28
2017-04-30,Tools & Home Improvement,0.00,3.29,1.00,3.29,0.27,3.56
2017-04-30,Tools & Home Improvement,41.99,27.22,1.00,27.22,2.25,29.47
2017-04-30,Tools & Home Improvement,79.00,59.97,1.00,59.97,4.95,64.92
2017-04-30,Tools & Home Improvement,93.09,55.77,1.00,55.77,4.60,60.37
2017-05-13,Misc.,6.99,2.47,5.00,12.35,1.00,13.35
2017-05-13,Tools & Home Improvement,0.00,9.79,1.00,9.79,0.00,9.79
2017-05-13,Misc.,6.99,2.42,5.00,12.10,1.00,13.10
2017-05-13,Tools & Home Improvement,11.29,7.46,1.00,7.46,0.62,8.08
2017-05-15,,16.99,9.98,1.00,9.98,0.00,9.98
2017-06-03,Tools & Home Improvement,29.10,20.97,1.00,20.97,1.73,22.70
2017-06-03,Grocery,16.88,12.96,1.00,12.96,0.00,12.96
2017-06-11,Tools & Home Improvement,20.30,16.88,1.00,16.88,1.39,18.27
2017-06-11,Tools & Home Improvement,56.50,24.34,3.00,73.02,6.03,79.05
2017-06-11,Grocery,16.88,12.96,1.00,12.96,0.00,12.96
2017-06-11,Office Product,0.00,11.95,2.00,23.90,0.00,23.90
2017-06-19,Sports,43.00,29.98,1.00,29.98,2.47,32.45
2017-06-19,Sports,43.00,27.16,1.00,27.16,2.24,29.40
2017-06-21,Sports,43.00,35.18,1.00,35.18,2.90,38.08
2017-06-21,Sports,46.00,36.59,1.00,36.59,3.02,39.61
2017-06-24,Tools & Home Improvement,29.99,21.73,1.00,21.73,1.79,23.52
2017-06-28,Electronics,11.99,10.99,1.00,10.99,0.91,11.90
2017-06-30,Target,24.99,22.98,1.00,22.98,1.90,24.88
2017-06-30,Grocery,16.88,12.96,2.00,25.92,0.00,25.92
2017-06-30,Tools & Home Improvement,17.99,11.29,1.00,11.29,0.93,12.22
2017-07-05,Misc.,25.49,15.00,1.00,15.00,0.00,15.00
2017-07-07,,0.00,14.99,1.00,14.99,0.00,14.99
2017-07-09,,0.00,14.99,1.00,14.99,0.00,14.99
2017-07-13,Grocery,16.88,12.96,4.00,51.84,0.00,51.84
2017-07-27,Misc.,8.99,8.99,2.00,17.98,1.48,19.46
2017-07-28,Office Product,0.00,9.99,1.00,9.99,0.00,9.99
2017-07-30,Grocery,16.88,12.96,4.00,51.84,0.00,51.84
2017-07-30,Kitchen,0.00,7.88,1.00,7.88,0.00,7.88
2017-08-11,Grocery,16.88,12.96,4.00,51.84,0.00,51.84
2017-08-19,Health and Beauty,0.00,3.88,2.00,7.76,0.64,8.40
2017-08-19,Health and Beauty,44.94,30.12,1.00,30.12,0.00,30.12
2017-08-19,Tools & Home Improvement,269.00,219.00,1.00,219.00,18.07,237.07
2017-08-20,Misc.,11.63,8.35,1.00,8.35,0.69,9.04
2017-08-25,Toy,29.99,22.75,1.00,22.75,0.00,22.75
2017-08-25,Misc.,64.95,27.35,1.00,27.35,0.00,27.35
2017-09-01,Toy,16.69,12.87,1.00,12.87,1.06,13.93
2017-09-01,Grocery,16.88,12.96,1.00,12.96,0.00,12.96
2017-09-10,Grocery,16.88,12.96,2.00,25.92,0.00,25.92
2017-09-10,Grocery,16.88,12.96,4.00,51.84,0.00,51.84
2017-09-16,Tools & Home Improvement,0.00,15.05,11.00,165.55,13.64,179.19
2017-09-30,Grocery,18.60,13.96,2.00,27.92,0.00,27.92
2017-10-03,Misc.,8.99,8.99,1.00,8.99,0.74,9.73
2017-10-03,Grocery,18.60,13.96,2.00,27.92,0.00,27.92
2017-10-07,,0.00,11.99,1.00,11.99,0.00,11.99
2017-10-07,Misc.,13.30,5.39,3.00,16.17,1.32,17.49
2017-10-07,Misc.,12.99,5.39,3.00,16.17,1.32,17.49
2017-10-15,Automotive,42.12,22.88,1.00,22.88,1.89,24.77
2017-10-22,Health and Beauty,0.00,9.99,1.00,9.99,0.00,9.99
2017-10-27,Grocery,18.60,12.96,4.00,51.84,0.00,51.84
2017-10-27,Tools & Home Improvement,17.80,13.44,1.00,13.44,1.11,14.55
2017-11-11,,0.00,6.99,1.00,6.99,0.00,6.99
2017-11-19,Grocery,18.60,12.96,2.00,25.92,0.00,25.92
2017-11-19,Misc.,0.00,12.99,1.00,12.99,0.00,12.99
2017-11-20,Grocery,18.60,12.96,4.00,51.84,0.00,51.84
2017-11-20,Kitchen,199.00,111.95,1.00,111.95,6.72,118.67
2017-11-23,Tools & Home Improvement,0.00,27.95,1.00,27.95,0.00,27.95
2017-11-27,Misc.,12.99,5.69,1.00,5.69,0.45,6.14
2017-11-27,Misc.,12.99,5.69,1.00,5.69,0.45,6.14
2017-11-27,Misc.,13.30,5.69,1.00,5.69,0.40,6.09
2017-11-27,Misc.,13.30,5.69,1.00,5.69,0.40,6.09
2017-11-27,Health and Beauty,16.99,16.99,1.00,16.99,1.19,18.18
2017-11-27,Tools & Home Improvement,18.95,7.99,1.00,7.99,0.00,7.99
2017-12-05,Sports,19.99,14.50,1.00,14.50,1.20,15.70
2017-12-10,Health and Beauty,82.45,49.35,1.00,49.35,0.00,49.35
2017-12-11,Health and Beauty,11.29,8.94,1.00,8.94,0.63,9.57
2017-12-16,Tools & Home Improvement,28.72,12.99,1.00,12.99,0.00,12.99
2017-12-22,Grocery,16.88,11.96,4.00,47.84,0.00,47.84
2017-12-23,Health and Beauty,82.45,49.35,1.00,49.35,0.00,49.35
2017-12-23,Kitchen,24.99,13.50,1.00,13.50,1.11,14.61
2017-12-23,Misc.,12.99,7.91,1.00,7.91,0.65,8.56
2017-12-26,Misc.,0.00,20.59,1.00,20.59,0.00,20.59
2017-12-27,,0.00,17.99,1.00,17.99,0.00,17.99
2017-12-31,Tools & Home Improvement,14.39,9.97,1.00,9.97,0.82,10.79
2018-01-07,Tools & Home Improvement,26.00,19.99,1.00,19.99,1.65,21.64
2018-01-07,Kitchen,0.00,19.99,1.00,19.99,0.00,19.99
2018-01-08,Misc.,17.69,9.48,1.00,9.48,0.78,10.26
2018-01-09,Apparel,0.00,11.20,1.00,11.20,0.00,11.20
2018-01-09,Kitchen,0.00,11.20,1.00,11.20,0.00,11.20
2018-01-09,Health and Beauty,17.00,13.99,1.00,13.99,0.00,13.99
2018-01-09,Health and Beauty,3.83,6.94,1.00,6.94,0.00,6.94
2018-01-21,Misc.,13.30,5.69,1.00,5.69,0.40,6.09
2018-01-21,Grocery,16.88,12.99,4.00,51.96,0.00,51.96
2018-01-21,Misc.,13.30,5.69,1.00,5.69,0.40,6.09
2018-01-21,Misc.,12.99,5.69,1.00,5.69,0.45,6.14
2018-01-21,Misc.,12.99,5.69,1.00,5.69,0.45,6.14
2018-01-22,Health and Beauty,82.45,48.44,1.00,48.44,0.00,48.44
2018-02-11,Paperback,16.95,16.95,1.00,16.95,1.40,18.35
2018-02-11,Paperback,14.95,13.46,1.00,13.46,1.11,14.57
2018-02-11,Tools & Home Improvement,29.95,29.95,1.00,29.95,2.47,32.42
2018-02-11,Office Product,0.00,9.25,1.00,9.25,0.76,10.01
2018-02-18,Grocery,18.60,12.99,4.00,51.96,0.00,51.96
2018-02-18,Misc.,12.99,5.69,1.00,5.69,0.45,6.14
2018-02-19,Misc.,13.30,5.69,1.00,5.69,0.40,6.09
2018-02-19,Misc.,12.99,5.69,1.00,5.69,0.45,6.14
2018-02-20,Health and Beauty,82.45,48.77,1.00,48.77,0.00,48.77
2018-02-20,Misc.,13.30,6.17,1.00,6.17,0.43,6.60
2018-03-03,Lawn & Patio,15.99,6.27,2.00,12.54,1.04,13.58
2018-03-20,Health and Beauty,19.99,18.39,1.00,18.39,1.52,19.91
2018-03-21,Health and Beauty,11.29,9.99,1.00,9.99,0.00,9.99
2018-03-21,Misc.,12.99,5.69,1.00,5.69,0.45,6.14
2018-03-21,Misc.,12.99,5.69,1.00,5.69,0.45,6.14
2018-03-21,Misc.,13.30,5.69,1.00,5.69,0.40,6.09
2018-03-21,Misc.,13.30,5.69,1.00,5.69,0.40,6.09
2018-03-21,Grocery,18.60,11.99,4.00,47.96,0.00,47.96
2018-03-26,Lawn & Patio,9.49,3.90,1.00,3.90,0.32,4.22
2018-03-26,Lawn & Patio,10.99,4.85,1.00,4.85,0.40,5.25
2018-03-27,Toy,0.00,16.99,1.00,16.99,0.00,16.99
2018-03-27,,0.00,29.89,1.00,29.89,0.00,29.89
2018-03-31,Unknown Binding,0.00,7.99,1.00,7.99,0.00,7.99
2018-03-31,,4.25,9.99,1.00,9.99,0.00,9.99
2018-03-31,,10.99,11.99,1.00,11.99,0.00,11.99
2018-03-31,Kitchen,19.78,19.65,1.00,19.65,1.62,21.27
2018-04-01,,0.00,12.84,1.00,12.84,1.06,13.90
2018-04-01,Lawn & Patio,11.99,4.80,1.00,4.80,0.40,5.20
2018-04-01,Automotive,42.12,25.47,1.00,25.47,2.10,27.57
2018-04-01,,0.00,69.99,1.00,69.99,5.77,75.76
2018-04-01,Wireless Phone Accessory,0.00,6.99,1.00,6.99,0.00,6.99
2018-04-01,Health and Beauty,0.00,5.49,1.00,5.49,0.45,5.94
2018-04-20,Misc.,12.99,5.69,1.00,5.69,0.45,6.14
2018-04-20,Misc.,12.99,5.69,1.00,5.69,0.45,6.14
2018-04-20,Misc.,13.30,5.69,1.00,5.69,0.40,6.09
2018-04-20,Misc.,13.30,5.69,1.00,5.69,0.40,6.09
2018-04-20,Grocery,18.60,12.99,4.00,51.96,0.00,51.96
2018-04-24,Health and Beauty,22.00,17.99,2.00,35.98,0.00,35.98
2018-04-26,Paperback,0.00,10.95,1.00,10.95,0.00,10.95
2018-05-21,Misc.,12.99,5.69,1.00,5.69,0.45,6.14
2018-05-21,Misc.,12.99,5.69,1.00,5.69,0.45,6.14
2018-05-21,Misc.,13.30,5.69,1.00,5.69,0.40,6.09
2018-05-21,Misc.,13.30,5.69,1.00,5.69,0.40,6.09
2018-05-21,Grocery,18.60,12.99,4.00,51.96,0.00,51.96
2018-05-21,Health and Beauty,22.00,19.99,2.00,39.98,0.00,39.98
2018-05-27,Misc.,83.30,62.20,1.00,62.20,4.62,66.82
2018-05-30,Health and Beauty,43.99,21.25,1.00,21.25,0.00,21.25
2018-06-03,Tools & Home Improvement,0.00,11.99,1.00,11.99,0.00,11.99
2018-06-07,Target,0.00,22.98,1.00,22.98,1.61,24.59
2018-06-07,Target,0.00,22.98,1.00,22.98,1.90,24.88
2018-06-20,Health and Beauty,16.99,16.99,1.00,16.99,1.19,18.18
2018-06-20,Misc.,12.99,5.69,1.00,5.69,0.45,6.14
2018-06-20,Misc.,12.99,5.69,1.00,5.69,0.45,6.14
2018-06-20,Misc.,13.30,5.69,1.00,5.69,0.40,6.09
2018-06-20,Misc.,13.30,4.94,1.00,4.94,0.35,5.29
2018-06-20,Grocery,18.60,12.99,4.00,51.96,0.00,51.96
2018-06-20,Health and Beauty,22.00,17.99,3.00,53.97,0.00,53.97
2018-07-03,Apparel,179.00,179.00,1.00,179.00,14.77,193.77
2018-07-03,Electronics,0.00,8.29,1.00,8.29,0.00,8.29
2018-07-17,Misc.,0.00,12.14,1.00,12.14,0.00,12.14
2018-07-21,Misc.,12.99,5.69,1.00,5.69,0.45,6.14
2018-07-21,Misc.,12.99,5.69,1.00,5.69,0.45,6.14
2018-07-21,Misc.,13.30,5.69,1.00,5.69,0.40,6.09
2018-07-21,Misc.,13.30,4.94,1.00,4.94,0.35,5.29
2018-07-21,Health and Beauty,22.00,17.99,3.00,53.97,0.00,53.97
2018-07-22,Kitchen,0.00,27.98,1.00,27.98,0.00,27.98
2018-07-22,,0.00,3.99,2.00,7.98,0.00,7.98
2018-07-22,Health and Beauty,34.99,16.99,1.00,16.99,0.00,16.99
2018-07-27,Electronics,99.99,14.99,1.00,14.99,0.00,14.99
2018-07-27,Misc.,0.00,8.99,1.00,8.99,0.00,8.99
2018-07-27,Electronics,19.99,15.44,1.00,15.44,1.27,16.71
2018-07-27,Office Product,0.00,10.99,1.00,10.99,0.00,10.99
2018-07-27,Electronics,19.99,13.99,1.00,13.99,1.15,15.14
2018-07-28,Health and Beauty,34.99,16.99,2.00,33.98,0.00,33.98
2018-07-29,Office Product,0.00,11.95,1.00,11.95,0.00,11.95
2018-08-10,Misc.,14.99,9.95,1.00,9.95,0.82,10.77
2018-08-13,Kitchen,47.99,32.99,1.00,32.99,0.00,32.99
2018-08-13,Misc.,9.99,6.95,1.00,6.95,0.57,7.52
2018-08-13,,0.00,15.79,1.00,15.79,0.00,15.79
2018-08-14,,0.00,8.99,1.00,8.99,0.00,8.99
2018-08-14,Electronics,19.99,9.89,1.00,9.89,0.82,10.71
2018-08-21,Misc.,12.99,6.07,1.00,6.07,0.48,6.55
2018-08-21,Misc.,12.99,5.69,1.00,5.69,0.45,6.14
2018-08-21,Misc.,13.30,5.69,1.00,5.69,0.40,6.09
2018-08-21,Misc.,13.30,4.94,1.00,4.94,0.35,5.29
2018-09-20,Misc.,12.99,6.07,1.00,6.07,0.48,6.55
2018-09-20,Misc.,13.30,5.69,1.00,5.69,0.45,6.14
2018-09-20,Misc.,13.30,5.19,1.00,5.19,0.41,5.60
2018-09-24,Tools & Home Improvement,15.70,11.08,1.00,11.08,0.91,11.99
2018-09-29,Tools & Home Improvement,15.70,0.00,1.00,0.00,0.00,0.00
2018-10-16,Paperback,19.99,15.52,1.00,15.52,1.20,16.72
2018-10-20,Misc.,12.99,6.07,1.00,6.07,0.48,6.55
2018-10-20,Misc.,13.30,7.49,1.00,7.49,0.59,8.08
2018-10-20,Misc.,13.30,6.18,1.00,6.18,0.48,6.66
2018-11-01,Health and Beauty,22.00,17.99,3.00,53.97,0.00,53.97
2018-11-04,Misc.,0.00,9.92,1.00,9.92,0.82,10.74
2018-11-09,Paperback,12.95,7.49,1.00,7.49,0.62,8.11
2018-11-10,Misc.,4.99,7.28,1.00,7.28,0.60,7.88
2018-11-11,Electronics,39.99,12.99,1.00,12.99,0.00,12.99
2018-11-17,Tools & Home Improvement,6.95,6.10,1.00,6.10,0.00,6.10
2018-11-19,Misc.,12.99,6.37,1.00,6.37,0.50,6.87
2018-11-19,Misc.,13.30,6.18,1.00,6.18,0.48,6.66
2018-11-24,Misc.,12.64,5.89,1.00,5.89,0.46,6.35
2018-11-24,Misc.,12.64,7.19,1.00,7.19,0.56,7.75
2018-11-30,Misc.,0.00,8.19,1.00,8.19,0.00,8.19
2018-12-05,Health and Beauty,38.99,36.95,1.00,36.95,2.90,39.85
2018-12-19,,0.00,11.99,1.00,11.99,0.00,11.99
2018-12-20,Misc.,12.99,5.52,1.00,5.52,0.39,5.91
2018-12-20,Misc.,12.99,5.52,1.00,5.52,0.39,5.91
2018-12-21,Misc.,12.64,5.89,1.00,5.89,0.41,6.30
2018-12-21,Misc.,12.64,5.10,1.00,5.10,0.36,5.46
2018-12-21,Misc.,13.30,6.49,1.00,6.49,0.46,6.95
2019-01-02,SPORTING_GOODS,19.99,14.99,1.00,14.99,1.24,16.23
2019-01-02,HOME_BED_AND_BATH,23.99,11.89,2.00,23.78,0.00,23.78
2019-01-06,PROFESSIONAL_HEALTHCARE,19.99,13.74,1.00,13.74,1.13,14.87
2019-01-17,PET_SUPPLIES,43.50,27.15,1.00,27.15,2.24,29.39
2019-01-20,TOY_FIGURE,12.99,10.43,1.00,10.43,0.86,11.29
2019-01-20,PET_FOOD,12.99,3.25,1.00,3.25,0.23,3.48
2019-01-20,PET_FOOD,12.99,3.25,1.00,3.25,0.23,3.48
2019-01-21,SKIN_CLEANING_AGENT,16.99,23.16,1.00,23.16,1.62,24.78
2019-01-21,PET_FOOD,12.64,5.89,1.00,5.89,0.41,6.30
2019-01-21,PET_FOOD,12.64,6.00,1.00,6.00,0.42,6.42
2019-01-21,PET_FOOD,13.30,6.49,1.00,6.49,0.46,6.95
2019-02-05,ART_SUPPLIES,0.00,13.98,1.00,13.98,0.00,13.98
2019-02-17,PET_FOOD,12.99,5.49,1.00,5.49,0.39,5.88
2019-02-17,PET_FOOD,12.99,3.25,1.00,3.25,0.23,3.48
2019-02-18,PET_FOOD,12.64,5.89,1.00,5.89,0.41,6.30
2019-02-18,PET_FOOD,12.64,6.33,1.00,6.33,0.44,6.77
2019-02-18,PET_FOOD,13.30,6.99,1.00,6.99,0.49,7.48
2019-02-23,BUILDING_MATERIAL,27.32,25.97,1.00,25.97,2.14,28.11
2019-02-23,PET_SUPPLIES,21.99,21.99,1.00,21.99,0.00,21.99
2019-02-28,BUILDING_MATERIAL,37.00,25.10,1.00,25.10,0.00,25.10
2019-03-01,PLUMBING_FIXTURE,80.00,43.86,2.00,87.72,7.24,94.96
2019-03-17,,0.00,10.99,1.00,10.99,0.00,10.99
2019-03-17,SAFETY_SUPPLY,17.95,11.25,1.00,11.25,0.93,12.18
2019-03-20,PET_FOOD,12.99,5.49,1.00,5.49,0.39,5.88
2019-03-20,PET_FOOD,12.99,5.69,1.00,5.69,0.40,6.09
2019-03-21,BEAUTY,38.99,36.95,1.00,36.95,2.59,39.54
2019-03-21,PET_FOOD,12.64,7.98,1.00,7.98,0.56,8.54
2019-03-21,PET_FOOD,12.64,6.33,1.00,6.33,0.44,6.77
2019-03-21,PET_FOOD,13.30,6.89,1.00,6.89,0.48,7.37
2019-03-24,HARDWARE,2.49,4.33,1.00,4.33,0.36,4.69
2019-04-09,PET_FOOD,14.39,11.99,1.00,11.99,0.99,12.98
2019-04-10,HEALTH_PERSONAL_CARE,34.99,19.00,1.00,19.00,0.00,19.00
2019-04-14,BAKING_PAN,7.99,6.39,1.00,6.39,0.00,6.39
2019-04-14,ROLLING_PIN,5.00,4.99,1.00,4.99,0.41,5.40
2019-04-14,KITCHEN,48.80,29.95,1.00,29.95,2.47,32.42
2019-04-19,OUTDOOR_LIVING,14.92,4.36,1.00,4.36,0.36,4.72
2019-04-19,HARDWARE,0.00,20.97,2.00,41.94,0.00,41.94
2019-04-20,PET_FOOD,5.49,4.19,1.00,4.19,0.33,4.52
2019-04-20,PET_FOOD,6.99,4.49,1.00,4.49,0.35,4.84
2019-04-20,AUTO_ACCESSORY,13.99,10.75,1.00,10.75,0.89,11.64
2019-04-28,TOOLS,34.00,24.99,1.00,24.99,2.06,27.05
2019-04-28,HARDWARE,7.99,4.39,1.00,4.39,0.36,4.75
2019-04-29,SANDER,33.16,15.97,1.00,15.97,1.32,17.29
2019-04-30,TOOLS,33.16,21.48,1.00,21.48,1.77,23.25
2019-05-03,SEEDS_AND_PLANTS,0.00,13.25,1.00,13.25,0.00,13.25
2019-05-03,OUTDOOR_LIVING,0.00,19.99,1.00,19.99,0.00,19.99
2019-05-03,OUTDOOR_LIVING,12.99,6.54,1.00,6.54,0.54,7.08
2019-05-10,OUTDOOR_LIVING,0.00,23.99,1.00,23.99,0.00,23.99
2019-05-20,HEALTH_PERSONAL_CARE,34.99,18.00,1.00,18.00,0.00,18.00
2019-05-20,HEALTH_PERSONAL_CARE,34.99,17.00,1.00,17.00,0.00,17.00
2019-05-21,BEAUTY,9.79,9.79,1.00,9.79,0.77,10.56
2019-05-27,GROCERY,0.00,12.99,1.00,12.99,0.00,12.99
2019-06-05,HEALTH_PERSONAL_CARE,34.99,16.00,1.00,16.00,0.00,16.00
2019-06-07,GROCERY,33.16,31.51,1.00,31.51,0.00,31.51
2019-06-07,GROCERY,30.13,28.82,1.00,28.82,0.00,28.82
2019-06-07,GROCERY,3.69,1.78,6.00,10.68,0.00,10.68
2019-06-10,OUTDOOR_LIVING,79.00,24.99,1.00,24.99,0.00,24.99
2019-06-10,LIGHT_FIXTURE,99.99,79.99,1.00,79.99,0.00,79.99
2019-06-10,OUTDOOR_LIVING,0.00,13.71,1.00,13.71,1.13,14.84
2019-06-14,GROCERY,16.99,12.99,1.00,12.99,0.00,12.99
2019-06-14,GROCERY,0.00,14.47,1.00,14.47,0.00,14.47
2019-06-16,HEALTH_PERSONAL_CARE,34.99,16.00,1.00,16.00,0.00,16.00
2019-06-18,OUTDOOR_LIVING,0.00,13.71,1.00,13.71,1.13,14.84
2019-06-19,GROCERY,0.00,14.45,1.00,14.45,0.00,14.45
2019-06-19,PET_FOOD,5.49,4.16,1.00,4.16,0.29,4.45
2019-06-19,PET_FOOD,6.99,4.49,1.00,4.49,0.32,4.81
2019-06-20,PET_FOOD,13.30,6.88,1.00,6.88,0.48,7.36
2019-06-20,PET_FOOD,12.99,5.52,1.00,5.52,0.39,5.91
2019-06-20,PET_FOOD,12.99,5.49,1.00,5.49,0.39,5.88
2019-07-03,KITCHEN,29.99,17.99,1.00,17.99,1.48,19.47
2019-07-03,OUTDOOR_LIVING,0.00,8.99,1.00,8.99,0.00,8.99
2019-07-03,SAUTE_FRY_PAN,77.12,30.99,1.00,30.99,2.56,33.55
2019-07-14,GROCERY,0.00,15.99,1.00,15.99,0.00,15.99
2019-07-17,PET_FOOD,7.99,11.21,1.00,11.21,0.83,12.04
2019-07-17,PET_FOOD,22.99,19.32,1.00,19.32,1.51,20.83
2019-07-21,BEAUTY,38.99,36.95,1.00,36.95,2.59,39.54
2019-07-21,HEALTH_PERSONAL_CARE,34.99,18.69,1.00,18.69,0.00,18.69
2019-07-27,OUTDOOR_RECREATION_PRODUCT,22.95,17.95,1.00,17.95,0.00,17.95
2019-08-02,SKIN_CLEANING_AGENT,16.99,22.46,1.00,22.46,1.57,24.03
2019-08-04,ABIS_BOOK,12.99,11.69,1.00,11.69,0.96,12.65
2019-08-20,GROCERY,0.00,14.49,1.00,14.49,0.00,14.49
2019-08-20,PET_FOOD,5.49,4.43,1.00,4.43,0.35,4.78
2019-08-20,PET_FOOD,6.99,4.99,1.00,4.99,0.39,5.38
2019-08-21,ABIS_BOOK,0.00,17.76,1.00,17.76,1.47,19.23
2019-08-23,HARDWARE_HANDLE,53.90,23.99,3.00,71.97,5.94,77.91
2019-08-23,HARDWARE_HANDLE,53.40,21.99,3.00,65.97,5.43,71.40
2019-08-25,JAR,99.99,51.02,1.00,51.02,4.21,55.23
2019-08-25,JAR,19.99,19.79,1.00,19.79,1.63,21.42
2019-08-29,JAR,99.99,51.16,1.00,51.16,4.22,55.38
2019-08-29,KITCHEN,0.00,6.77,1.00,6.77,0.00,6.77
2019-09-14,WEARABLE_COMPUTER,49.90,39.90,1.00,39.90,0.00,39.90
2019-09-17,COMPUTER_COMPONENT,79.00,65.00,1.00,65.00,0.00,65.00
2019-10-12,,22.99,11.75,1.00,11.75,0.97,12.72
2019-10-12,BLOWTORCH,0.00,12.99,1.00,12.99,1.02,14.01
2019-10-12,FLAT_SHEET,0.00,99.99,1.00,99.99,8.25,108.24
2019-10-12,HOME_BED_AND_BATH,12.99,12.99,1.00,12.99,1.07,14.06
2019-10-12,HOME,0.00,28.99,1.00,28.99,2.39,31.38
2019-10-14,PET_FOOD,26.99,24.69,1.00,24.69,2.04,26.73
2019-10-14,PET_FOOD,26.99,24.69,1.00,24.69,1.73,26.42
2019-10-14,KITCHEN,19.99,8.50,2.00,17.00,1.40,18.40
2019-10-14,HOME_BED_AND_BATH,12.99,12.98,1.00,12.98,1.07,14.05
2019-10-17,SKIN_MOISTURIZER,0.00,8.98,1.00,8.98,0.74,9.72
2019-10-20,POWER_SUPPLIES_OR_PROTECTION,16.99,16.99,1.00,16.99,1.40,18.39
2019-10-20,POWER_SUPPLIES_OR_PROTECTION,11.99,13.97,1.00,13.97,1.15,15.12
2019-10-21,HEALTH_PERSONAL_CARE,34.99,21.99,1.00,21.99,0.00,21.99
2019-10-24,AUTO_ACCESSORY,32.99,20.75,2.00,41.50,3.42,44.92
2019-10-26,AUTO_ACCESSORY,34.99,31.10,2.00,62.20,5.14,67.34
2019-10-26,HOME_LIGHTING_ACCESSORY,9.99,9.99,1.00,9.99,0.82,10.81
2019-10-26,RAW_MATERIALS,10.99,31.26,1.00,31.26,2.58,33.84
2019-10-26,,0.00,3.00,1.00,3.00,0.25,3.25
2019-10-26,,0.00,3.00,1.00,3.00,0.25,3.25
2019-10-26,,0.00,3.00,1.00,3.00,0.25,3.25
2019-10-26,,0.00,3.00,1.00,3.00,0.25,3.25
2019-10-26,,0.00,3.00,1.00,3.00,0.25,3.25
2019-10-30,TOOLS,14.99,9.99,1.00,9.99,0.82,10.81
2019-10-30,TOOLS,39.99,32.88,1.00,32.88,2.58,35.46
2019-10-30,TOOTHBRUSH,89.99,69.95,1.00,69.95,5.77,75.72
2019-11-06,SAFETY_SUPPLY,39.99,24.95,1.00,24.95,2.06,27.01
2019-11-12,HEALTH_PERSONAL_CARE,19.99,14.99,1.00,14.99,1.24,16.23
2019-11-12,PET_SUPPLIES,69.99,34.99,1.00,34.99,2.66,37.65
2019-11-12,HEALTH_PERSONAL_CARE,11.99,7.97,1.00,7.97,0.00,7.97
2019-11-18,SAUTE_FRY_PAN,299.99,137.10,1.00,137.10,11.31,148.41
2019-11-20,HEALTH_PERSONAL_CARE,34.99,18.61,1.00,18.61,0.00,18.61
2019-11-21,HOME,5.15,5.92,1.00,5.92,0.49,6.41
2019-11-21,FABRIC,22.95,22.95,11.00,252.45,20.79,273.24
2019-11-21,ART_SUPPLIES,0.00,17.21,2.00,34.42,2.84,37.26
2019-11-22,HOME,0.00,50.55,1.00,50.55,4.17,54.72
2019-11-22,HOME_BED_AND_BATH,12.99,12.99,1.00,12.99,1.07,14.06
2019-11-22,HOME_BED_AND_BATH,8.99,7.99,1.00,7.99,0.66,8.65
2019-11-24,TOOLS,0.00,85.00,1.00,85.00,7.01,92.01
2019-11-28,TOOLS,429.00,249.00,1.00,249.00,20.54,269.54
2019-11-29,TOOLS,429.00,249.00,1.00,249.00,20.54,269.54
2019-11-29,DRILL,574.17,229.88,1.00,229.88,16.90,246.78
2019-11-30,CUTTING_TOOLS,0.00,14.98,1.00,14.98,1.11,16.09
2019-12-02,OUTDOOR_LIVING,89.99,59.99,1.00,59.99,4.95,64.94
2019-12-02,OUTDOOR_LIVING,249.95,185.77,1.00,185.77,15.33,201.10
2019-12-02,OUTDOOR_LIVING,28.79,28.79,4.00,115.16,9.40,124.56
2019-12-02,OUTDOOR_LIVING,0.00,99.99,1.00,99.99,8.25,108.24
2019-12-07,DRINKING_CUP,0.00,14.99,1.00,14.99,1.24,16.23
2019-12-07,HARDWARE,10.99,9.99,1.00,9.99,0.82,10.81
2019-12-08,BUILDING_MATERIAL,32.99,19.99,1.00,19.99,1.65,21.64
2019-12-13,OUTDOOR_LIVING,0.00,69.39,2.00,138.78,9.38,148.16
2019-12-20,PET_FOOD,5.49,3.33,1.00,3.33,0.23,3.56
2019-12-20,PET_FOOD,6.99,4.99,1.00,4.99,0.35,5.34
2019-12-21,HEALTH_PERSONAL_CARE,34.99,18.61,1.00,18.61,0.00,18.61
2019-12-21,PET_FOOD,26.99,24.69,1.00,24.69,1.83,26.52
2019-12-21,GROCERY,0.00,12.68,1.00,12.68,0.00,12.68
2019-12-25,KITCHEN_TOOLS,0.00,19.99,1.00,19.99,1.40,21.39
2019-12-25,TOOLS,13.99,11.54,1.00,11.54,0.95,12.49
2020-01-09,ABIS_BOOK,17.95,13.23,1.00,13.23,1.09,14.32
2020-01-19,HARDWARE,0.00,11.57,1.00,11.57,0.95,12.52
2020-01-19,KITCHEN_TOOLS,0.00,20.99,1.00,20.99,1.65,22.64
2020-01-21,NUTRITIONAL_SUPPLEMENT,34.99,21.99,1.00,21.99,0.00,21.99
2020-01-21,PET_FOOD,26.99,24.69,1.00,24.69,1.94,26.63
2020-01-21,FABRIC,22.95,17.99,1.00,17.99,1.08,19.07
2020-01-21,JUICE_AND_JUICE_DRINK,0.00,12.49,1.00,12.49,0.00,12.49
2020-01-24,WIRE,0.00,78.99,1.00,78.99,6.52,85.51
2020-01-24,BUILDING_MATERIAL,129.95,110.95,2.00,221.90,18.30,240.20
2020-01-24,OUTDOOR_LIVING,0.00,27.88,4.00,111.52,9.20,120.72
2020-01-26,NUTS,19.99,19.59,4.00,78.36,6.48,84.84
2020-01-27,ZIPPER_FASTENER,0.00,17.21,2.00,34.42,2.06,36.48
2020-01-30,KITCHEN,0.00,7.99,1.00,7.99,0.66,8.65
2020-02-11,PANTS,179.00,94.12,1.00,94.12,7.76,101.88
2020-02-11,SEALANT,0.00,85.00,1.00,85.00,7.01,92.01
2020-02-14,SAW,179.00,139.00,1.00,139.00,11.47,150.47
2020-02-14,TOY_FIGURE,19.99,16.98,1.00,16.98,1.40,18.38
2020-02-15,COOKIE_CUTTER,34.72,29.40,1.00,29.40,2.43,31.83
2020-02-15,SAW_BLADE,26.22,9.53,1.00,9.53,0.79,10.32
2020-02-18,PET_FOOD,5.49,3.99,1.00,3.99,0.31,4.30
2020-02-18,PET_FOOD,6.99,4.99,1.00,4.99,0.39,5.38
2020-02-19,NUTRITIONAL_SUPPLEMENT,34.99,21.95,1.00,21.95,0.00,21.95
2020-02-19,JUICE_AND_JUICE_DRINK,0.00,12.51,1.00,12.51,0.00,12.51
2020-02-24,ABIS_BOOK,17.00,17.00,1.00,17.00,1.40,18.40
2020-03-02,PILLOWCASE,0.00,19.99,1.00,19.99,1.65,21.64
2020-03-03,PROTECTIVE_GLOVE,17.95,13.93,1.00,13.93,1.15,15.08
2020-03-05,KITCHEN,0.00,28.49,1.00,28.49,2.35,30.84
2020-03-05,KITCHEN,14.02,12.19,1.00,12.19,0.91,13.10
2020-03-21,NUTRITIONAL_SUPPLEMENT,34.99,21.99,1.00,21.99,0.00,21.99
2020-03-29,BUILDING_MATERIAL,0.00,58.63,1.00,58.63,4.84,63.47
2020-03-29,SEALANT,22.00,23.23,1.00,23.23,1.92,25.15
2020-03-29,EARPLUG,6.62,3.96,1.00,3.96,0.33,4.29
2020-03-30,SODA_MAKER,0.00,23.99,1.00,23.99,1.98,25.97
2020-04-02,OUTDOOR_LIVING,0.00,9.29,1.00,9.29,0.77,10.06
2020-04-10,MECHANICAL_COMPONENTS,0.00,126.52,1.00,126.52,10.44,136.96
2020-04-18,ELECTRONIC_CABLE,34.99,19.99,1.00,19.99,1.65,21.64
2020-04-18,NETWORKING_ROUTER,0.00,49.97,1.00,49.97,4.12,54.09
2020-04-19,PET_FOOD,26.99,24.69,1.00,24.69,1.94,26.63
2020-04-20,NUTRITIONAL_SUPPLEMENT,34.99,21.99,1.00,21.99,0.00,21.99
2020-04-25,SHIRT,28.00,21.00,1.00,21.00,1.73,22.73
2020-04-30,TOOTH_CLEANING_AGENT,12.99,9.44,1.00,9.44,0.78,10.22
2020-05-01,ORTHOPEDIC_BRACE,25.95,23.95,1.00,23.95,0.00,23.95
2020-05-03,SHORTS,60.00,22.98,1.00,22.98,1.90,24.88
2020-05-03,SHIRT,28.00,21.00,1.00,21.00,1.73,22.73
2020-05-03,SHIRT,28.00,21.00,1.00,21.00,1.73,22.73
2020-05-03,SHIRT,28.00,21.00,1.00,21.00,1.73,22.73
2020-05-11,DRINKING_CUP,0.00,23.99,1.00,23.99,1.98,25.97
2020-05-15,COOKIE,23.00,22.00,1.00,22.00,1.82,23.82
2020-05-16,ELECTROMECHANICAL_GAUGE,49.99,12.00,1.00,12.00,0.99,12.99
2020-05-17,HERB,12.22,12.22,1.00,12.22,0.00,12.22
2020-05-17,,0.00,17.99,1.00,17.99,1.48,19.47
2020-05-17,DISHWARE_BOWL,0.00,18.99,1.00,18.99,1.57,20.56
2020-05-17,HERB,0.00,13.75,1.00,13.75,0.00,13.75
2020-05-23,SPORTING_GOODS,39.99,19.99,1.00,19.99,1.65,21.64
2020-05-25,PET_FOOD,9.99,7.95,1.00,7.95,0.56,8.51
2020-05-25,PET_FOOD,9.99,7.95,1.00,7.95,0.66,8.61
2020-05-28,AUTO_ACCESSORY,80.13,49.78,1.00,49.78,4.11,53.89
2020-05-30,CARRIER_BAG_CASE,0.00,79.85,1.00,79.85,0.00,79.85
2020-06-06,PESTICIDE,0.00,25.91,1.00,25.91,2.14,28.05
2020-06-06,SHORTS,0.00,19.98,1.00,19.98,1.65,21.63
2020-06-18,,99.99,99.99,1.00,99.99,8.25,108.24
2020-06-18,NUTRITIONAL_SUPPLEMENT,0.00,9.99,1.00,9.99,0.00,9.99
2020-06-20,PET_FOOD,6.99,4.99,1.00,4.99,0.35,5.34
2020-06-20,NUTRITIONAL_SUPPLEMENT,34.99,22.84,1.00,22.84,0.00,22.84
2020-06-20,PET_FOOD,26.99,24.69,1.00,24.69,1.94,26.63
2020-06-24,OFFICE_PRODUCTS,0.00,34.95,1.00,34.95,2.88,37.83
2020-06-27,PET_APPAREL,29.99,23.99,1.00,23.99,1.98,25.97
2020-07-02,,19.99,7.99,1.00,7.99,0.66,8.65
2020-07-03,EARPLUG,6.62,3.96,1.00,3.96,0.33,4.29
2020-07-05,KITCHEN,0.00,29.79,1.00,29.79,2.46,32.25
2020-07-05,FLOUR,0.00,9.89,1.00,9.89,0.00,9.89
2020-07-05,FLOUR,3.99,11.22,1.00,11.22,0.00,11.22
2020-07-06,DUST_REMOVAL_TOOL,19.99,7.99,1.00,7.99,0.66,8.65
2020-07-06,,0.00,28.22,1.00,28.22,2.33,30.55
2020-07-09,FLOUR,6.06,14.49,1.00,14.49,0.00,14.49
2020-07-21,PAPER_SHREDDER,40.99,40.99,1.00,40.99,3.38,44.37
2020-07-25,WIPER_BLADE,0.00,35.31,1.00,35.31,2.91,38.22
2020-07-26,CHARGING_ADAPTER,0.00,15.00,1.00,15.00,1.24,16.24
2020-07-30,HEADPHONES,149.99,139.00,1.00,139.00,11.47,150.47
2020-08-16,,13.99,15.99,1.00,15.99,1.32,17.31
2020-08-16,ABIS_BOOK,17.00,11.99,1.00,11.99,0.99,12.98
2020-08-21,HERBAL_SUPPLEMENT,49.99,26.85,1.00,26.85,0.00,26.85
2020-08-21,PET_FOOD,26.99,24.69,1.00,24.69,1.94,26.63
2020-08-21,PET_FOOD,5.49,4.99,1.00,4.99,0.35,5.34
2020-08-22,MASSAGER,39.99,41.99,1.00,41.99,2.77,44.76
2020-08-23,SHORTS,0.00,24.86,1.00,24.86,2.05,26.91
2020-08-23,HEADPHONES,169.99,169.99,1.00,169.99,14.02,184.01
2020-08-28,NUTRITIONAL_SUPPLEMENT,12.99,9.98,1.00,9.98,0.00,9.98
2020-09-04,CANDLE,27.95,26.45,2.00,52.90,4.36,57.26
2020-09-06,KNIFE_SHARPENER,17.95,14.95,1.00,14.95,1.23,16.18
2020-09-18,SHIRT,28.00,30.74,1.00,30.74,2.54,33.28
2020-09-19,WEIGH_SCALE,0.00,26.72,1.00,26.72,1.87,28.59
2020-09-20,NUTRITIONAL_SUPPLEMENT,34.99,25.65,1.00,25.65,0.00,25.65
2020-09-20,PET_FOOD,26.99,24.69,1.00,24.69,1.94,26.63
2020-09-20,PLANT_SEED,0.00,7.88,1.00,7.88,0.00,7.88
2020-09-20,BATTERY_CHARGER,16.49,16.49,1.00,16.49,1.36,17.85
2020-09-20,BATTERY,27.49,27.49,1.00,27.49,2.27,29.76
2020-09-20,SUGAR_CANDY,0.00,19.45,1.00,19.45,1.60,21.05
2020-09-20,FERTILIZER,6.59,10.13,1.00,10.13,0.84,10.97
2020-09-22,SKIN_MOISTURIZER,0.00,8.99,1.00,8.99,0.74,9.73
2020-09-22,PEST_CONTROL_DEVICE,0.00,9.99,1.00,9.99,0.82,10.81
2020-09-27,NUTRITIONAL_SUPPLEMENT,32.99,25.65,1.00,25.65,0.00,25.65
2020-10-02,LABEL,0.00,6.00,1.00,6.00,0.50,6.50
2020-10-02,,0.00,49.99,1.00,49.99,4.12,54.11
2020-10-03,FLAT_SCREEN_DISPLAY_MOUNT,0.00,99.99,1.00,99.99,8.25,108.24
2020-10-03,DOOR,0.00,18.65,1.00,18.65,1.54,20.19
2020-10-03,SCREEN_PROTECTOR,54.95,22.95,1.00,22.95,1.89,24.84
2020-10-08,NUTRITIONAL_SUPPLEMENT,25.99,25.65,1.00,25.65,0.00,25.65
2020-10-13,MAGAZINES,19.95,5.00,1.00,5.00,0.08,5.08
2020-10-15,THERMOMETER,29.99,25.62,1.00,25.62,2.11,27.73
2020-10-17,NUTRITIONAL_SUPPLEMENT,25.99,25.65,1.00,25.65,0.00,25.65
2020-10-17,PLUMBING_FIXTURE,0.00,9.99,1.00,9.99,0.82,10.81
2020-10-17,HOSE_PIPE_FITTING,7.39,14.36,1.00,14.36,1.18,15.54
2020-10-17,,0.00,10.99,1.00,10.99,0.91,11.90
2020-10-17,FURNITURE_LEG,19.99,13.86,1.00,13.86,1.14,15.00
2020-10-18,PLUMBING_FIXTURE,8.20,8.20,1.00,8.20,0.68,8.88
2020-10-21,PET_FOOD,5.49,4.99,1.00,4.99,0.39,5.38
2020-10-21,PET_FOOD,6.99,4.99,1.00,4.99,0.39,5.38
2020-10-21,NUTRITIONAL_SUPPLEMENT,34.99,25.65,1.00,25.65,0.00,25.65
2020-11-02,ABIS_BOOK,9.99,9.99,1.00,9.99,0.82,10.81
2020-11-03,SPORTING_GOODS,12.99,19.99,1.00,19.99,1.65,21.64
2020-11-10,SELF_STICK_NOTE,0.00,4.59,1.00,4.59,0.38,4.97
2020-11-10,FASTENER_DRIVE_BIT,7.99,7.19,1.00,7.19,0.56,7.75
2020-11-10,CLEANING_BRUSH,22.97,14.97,1.00,14.97,1.11,16.08
2020-11-10,ABIS_BOOK,79.95,79.95,1.00,79.95,6.60,86.55
2020-11-19,PET_FOOD,26.99,24.69,1.00,24.69,1.94,26.63
2020-11-25,EARPLUG,6.62,3.96,1.00,3.96,0.31,4.27
2020-11-27,HARDWARE,13.44,5.27,1.00,5.27,0.43,5.70
2020-11-27,,0.00,9.99,1.00,9.99,0.82,10.81
2020-11-27,CAMERA_LENS_FILTERS,9.99,6.99,1.00,6.99,0.58,7.57
2020-11-27,CAMERA_TRIPOD,0.00,89.98,1.00,89.98,7.05,97.03
2020-11-27,ART_SUPPLIES,0.00,11.99,1.00,11.99,0.99,12.98
2020-11-28,REMOTE_CONTROL,0.00,11.99,1.00,11.99,0.99,12.98
2020-11-28,FLAT_SCREEN_DISPLAY_MOUNT,22.98,16.99,1.00,16.99,1.40,18.39
2020-12-03,EARRING,0.00,12.69,1.00,12.69,0.99,13.68
2020-12-14,FURNITURE_FLOOR_PROTECTOR,15.91,11.91,1.00,11.91,0.98,12.89
2020-12-14,MASSAGER,149.99,103.99,1.00,103.99,8.58,112.57
2020-12-14,SOCKS,0.00,16.99,1.00,16.99,1.40,18.39
2020-12-18,PHYSICAL_VIDEO_GAME_SOFTWARE,59.99,16.04,1.00,16.04,1.26,17.30
2020-12-19,,0.00,109.99,1.00,109.99,4.54,114.53
2020-12-21,PET_FOOD,26.99,24.69,1.00,24.69,1.94,26.63
2020-12-21,PET_FOOD,5.49,4.99,1.00,4.99,0.39,5.38
2020-12-21,PET_FOOD,36.72,4.99,1.00,4.99,0.39,5.38
2020-12-25,,0.00,0.00,1.00,0.00,0.00,0.00
2020-12-26,BLANKET,35.99,24.97,1.00,24.97,2.06,27.03
2020-12-26,ABIS_BOOK,45.00,23.96,1.00,23.96,1.98,25.94
2020-12-26,CAMERA_SUPPORT,199.00,89.00,1.00,89.00,5.86,94.86
2020-12-26,BATTERY,13.49,13.49,1.00,13.49,1.11,14.60
2020-12-30,MICROPHONE,0.00,24.88,1.00,24.88,2.05,26.93
2021-01-02,MICROPHONE,129.99,128.44,1.00,128.44,10.19,138.63
2021-01-06,KITCHEN_TOOLS,0.00,11.99,1.00,11.99,0.99,12.98
2021-01-06,DRINKING_STRAW,9.99,6.99,1.00,6.99,0.58,7.57
2021-01-07,TOY_FIGURE,0.00,12.23,1.00,12.23,1.01,13.24
2021-01-09,CAMERA_STAGE_LIGHTING_MODIFIER,0.00,89.95,1.00,89.95,7.42,97.37
2021-01-12,WEATHER_STRIPPING,8.39,4.47,7.00,31.29,2.59,33.88
2021-01-16,WEATHER_STRIPPING,18.99,10.99,2.00,21.98,1.82,23.80
2021-01-16,SCREWS,0.00,12.99,1.00,12.99,1.07,14.06
2021-01-17,,56.99,49.99,1.00,49.99,3.30,53.29
2021-01-18,CELLULAR_PHONE_CASE,0.00,9.99,1.00,9.99,0.66,10.65
2021-01-18,CELLULAR_PHONE_CASE,12.99,8.99,1.00,8.99,0.74,9.73
2021-01-18,SCREEN_PROTECTOR,0.00,12.95,1.00,12.95,1.07,14.02
2021-01-20,PET_FOOD,26.99,24.69,1.00,24.69,1.94,26.63
2021-02-07,ABIS_BOOK,49.95,70.00,1.00,70.00,5.78,75.78
2021-02-07,ABIS_BOOK,87.00,77.24,1.00,77.24,6.37,83.61
2021-02-10,PORTABLE_ELECTRONIC_DEVICE_MOUNT,15.99,5.99,1.00,5.99,0.49,6.48
2021-02-11,FERTILIZER,6.99,11.98,1.00,11.98,0.99,12.97
2021-02-12,SPACE_HEATER,33.95,30.99,1.00,30.99,2.56,33.55
2021-02-18,PET_FOOD,5.49,4.59,1.00,4.59,0.36,4.95
2021-02-18,PET_FOOD,26.99,26.99,1.00,26.99,2.12,29.11
2021-03-02,TOOL_BELT,0.00,12.99,1.00,12.99,1.07,14.06
2021-03-05,KITCHEN,12.88,12.88,1.00,12.88,1.06,13.94
2021-03-14,CUTTING_BOARD,0.00,25.94,1.00,25.94,2.14,28.08
2021-03-16,MAGAZINES,39.90,15.00,1.00,15.00,0.00,15.00
2021-03-16,FERTILIZER,15.99,14.99,1.00,14.99,1.24,16.23
2021-03-16,LIGHT_FIXTURE,0.00,111.59,1.00,111.59,8.63,120.22
2021-03-16,HOME,0.00,239.95,1.00,239.95,18.15,258.10
2021-03-17,PROTECTIVE_GLOVE,30.51,24.99,1.00,24.99,2.06,27.05
2021-03-17,TABLE,0.00,58.00,3.00,174.00,14.37,188.37
2021-03-18,HVAC_AIR_FILTER,46.99,34.69,1.00,34.69,2.86,37.55
2021-03-20,EARPLUG,6.99,3.96,1.00,3.96,0.31,4.27
2021-03-20,PET_FOOD,26.99,26.99,1.00,26.99,2.12,29.11
2021-03-21,NUTRITIONAL_SUPPLEMENT,34.99,22.85,1.00,22.85,0.00,22.85
2021-03-26,GIFT_WRAP,0.00,9.99,1.00,9.99,0.82,10.81
2021-03-27,ANIMAL_HARNESS,29.99,15.99,1.00,15.99,1.32,17.31
2021-03-27,BAKING_PAN,0.00,12.99,1.00,12.99,1.07,14.06
2021-03-31,PRINT_COPY_PAPER,14.49,13.60,1.00,13.60,1.12,14.72
2021-03-31,SIGNAGE,29.99,25.99,1.00,25.99,2.14,28.13
2021-03-31,GIFT_WRAP,7.99,7.44,1.00,7.44,0.61,8.05
2021-04-01,VACUUM_SEALER_MACHINE,49.99,39.99,1.00,39.99,3.30,43.29
2021-04-01,FOOD_STORAGE_BAG,0.00,7.95,1.00,7.95,0.66,8.61
2021-04-01,MARKING_PEN,7.87,7.99,1.00,7.99,0.66,8.65
2021-04-10,ELECTRONIC_ADAPTER,3.99,6.99,1.00,6.99,0.58,7.57
2021-04-10,TOYS_AND_GAMES,11.00,8.99,1.00,8.99,0.74,9.73
2021-04-11,VEHICLE_WRAP,0.00,9.99,1.00,9.99,0.82,10.81
2021-04-11,CLEANING_BRUSH,11.99,8.95,1.00,8.95,0.74,9.69
2021-04-11,AUTO_ACCESSORY,0.00,9.99,1.00,9.99,0.78,10.77
2021-04-11,PET_TOY,9.99,8.80,1.00,8.80,0.73,9.53
2021-04-11,VEHICLE_WRAP,0.00,11.99,1.00,11.99,0.99,12.98
2021-04-11,CADDY,20.99,22.04,1.00,22.04,1.82,23.86
2021-04-11,CARGO_NET,24.95,19.95,1.00,19.95,1.65,21.60
2021-04-11,VEHICLE_MOLDING,89.99,58.05,1.00,58.05,4.79,62.84
2021-04-11,PET_TOY,0.00,7.99,1.00,7.99,0.66,8.65
2021-04-11,AUTO_ACCESSORY,0.00,7.99,1.00,7.99,0.66,8.65
2021-04-11,AUTO_ACCESSORY,0.00,7.99,1.00,7.99,0.66,8.65
2021-04-11,SURFACE_CLEANING_WIPE,12.95,9.16,1.00,9.16,0.76,9.92
2021-04-11,ELECTRONIC_ADAPTER,13.99,7.99,1.00,7.99,0.66,8.65
2021-04-12,BUNGEE_CORD,26.99,28.04,1.00,28.04,2.31,30.35
2021-04-12,BUNGEE_CORD,9.95,9.95,1.00,9.95,0.82,10.77
2021-04-12,SAFE,16.65,14.50,1.00,14.50,1.20,15.70
2021-04-12,WIPER_BLADE,23.32,26.99,1.00,26.99,2.23,29.22
2021-04-12,WIPER_BLADE,31.05,27.99,1.00,27.99,2.31,30.30
2021-04-14,SIGNAGE,0.00,72.99,1.00,72.99,6.02,79.01
2021-04-14,ELECTRONIC_ADAPTER,0.00,8.99,1.00,8.99,0.67,9.66
2021-04-16,VEHICLE_MOLDING,89.99,0.00,1.00,0.00,0.00,0.00
2021-04-19,OUTDOOR_LIVING,0.00,17.95,1.00,17.95,1.48,19.43
2021-04-19,ICE_CHEST,119.99,55.00,1.00,55.00,4.54,59.54
2021-04-20,PET_FOOD,36.72,4.99,1.00,4.99,0.39,5.38
2021-04-20,PET_FOOD,5.49,4.99,1.00,4.99,0.39,5.38
2021-04-20,RUBBER_STAMP,0.00,17.99,1.00,17.99,1.48,19.47
2021-04-20,MATERIAL_HANDLING,0.00,11.19,1.00,11.19,0.92,12.11
2021-04-20,LIQUID_INK,6.99,10.39,1.00,10.39,0.86,11.25
2021-04-20,,0.00,60.39,1.00,60.39,4.32,64.71
2021-04-21,BALLOON,0.00,6.99,1.00,6.99,0.56,7.55
2021-04-21,BALLOON,0.00,6.98,1.00,6.98,0.58,7.56
2021-04-21,BALLOON,0.00,6.99,1.00,6.99,0.56,7.55
2021-04-25,TABLET_COMPUTER,0.00,127.50,1.00,127.50,10.52,138.02
2021-04-25,PORTABLE_ELECTRONIC_DEVICE_STAND,89.99,37.99,1.00,37.99,2.82,40.81
2021-04-29,TOYS_AND_GAMES,11.50,13.90,1.00,13.90,1.15,15.05
2021-04-30,PORTABLE_ELECTRONIC_DEVICE_STAND,0.00,29.99,1.00,29.99,2.47,32.46
2021-04-30,TABLET_COMPUTER,0.00,246.99,1.00,246.99,20.38,267.37
2021-05-01,LABEL,16.99,8.99,1.00,8.99,0.74,9.73
2021-05-01,PORTABLE_ELECTRONIC_DEVICE_COVER,0.00,13.99,1.00,13.99,0.58,14.57
2021-05-01,SCREEN_PROTECTOR,0.00,6.99,1.00,6.99,0.58,7.57
2021-05-02,PORTABLE_ELECTRONIC_DEVICE_COVER,0.00,22.99,1.00,22.99,1.90,24.89
2021-05-02,SCREEN_PROTECTOR,0.00,10.98,1.00,10.98,0.86,11.84
2021-05-05,GIFT_WRAP,16.99,10.68,1.00,10.68,0.88,11.56
2021-05-05,ITEM_STAND,25.99,16.99,1.00,16.99,1.40,18.39
2021-05-05,HOME,0.00,249.95,1.00,249.95,20.62,270.57
2021-05-05,ICE_CHEST,119.99,65.00,2.00,130.00,10.72,140.72
2021-05-05,SIGNAGE,0.00,72.99,1.00,72.99,6.02,79.01
2021-05-07,TABLE,0.00,56.50,1.00,56.50,4.66,61.16
2021-05-07,OUTDOOR_LIVING,0.00,24.45,1.00,24.45,2.02,26.47
2021-05-08,HOME,21.00,13.95,1.00,13.95,1.15,15.10
2021-05-10,GIFT_WRAP,16.99,10.68,1.00,10.68,0.88,11.56
2021-05-15,LABEL,16.99,8.99,1.00,8.99,0.74,9.73
2021-05-15,,0.00,66.29,1.00,66.29,3.82,70.11
2021-05-17,REFRIGERATOR,21.60,14.49,1.00,14.49,1.20,15.69
2021-05-17,BAKING_PAN,0.00,11.99,1.00,11.99,0.99,12.98
2021-05-17,CARRIER_BAG_CASE,0.00,39.79,1.00,39.79,3.28,43.07
2021-05-17,BAKING_PAN,15.00,11.00,1.00,11.00,0.91,11.91
2021-05-17,LAB_SUPPLY,17.38,13.09,1.00,13.09,1.08,14.17
2021-05-19,HOOK_LOOP_FASTENER,9.99,8.99,1.00,8.99,0.74,9.73
2021-05-21,EARPLUG,6.99,3.96,1.00,3.96,0.31,4.27
2021-05-26,SPORTING_GOODS,0.00,9.99,1.00,9.99,0.82,10.81
2021-05-26,LABEL,0.00,7.99,1.00,7.99,0.66,8.65
2021-05-27,HEADBOARD,21.99,17.99,1.00,17.99,1.48,19.47
2021-05-27,PORTABLE_ELECTRONIC_DEVICE_COVER,19.95,18.95,1.00,18.95,1.56,20.51
2021-06-01,TABLE,0.00,59.98,1.00,59.98,4.95,64.93
2021-06-01,ICE_CHEST,22.95,22.95,0.00,0.00,0.00,0.00
2021-06-01,HOME,259.95,203.95,1.00,203.95,16.83,220.78
2021-06-01,PORTABLE_ELECTRONIC_DEVICE_COVER,19.95,18.95,1.00,18.95,1.56,20.51
2021-06-01,PORTABLE_ELECTRONIC_DEVICE_COVER,19.95,18.95,1.00,18.95,1.56,20.51
2021-06-01,BUNGEE_CORD,9.95,9.95,1.00,9.95,0.82,10.77
2021-06-01,PROTECTIVE_GLOVE,27.95,17.96,1.00,17.96,1.48,19.44
2021-06-01,PORTABLE_ELECTRONIC_DEVICE_STAND,0.00,27.99,2.00,55.98,4.62,60.60
2021-06-01,SCREEN_PROTECTOR,0.00,10.98,1.00,10.98,0.91,11.89
2021-06-03,MATERIAL_HANDLING_TRUCK,0.00,69.90,1.00,69.90,5.77,75.67
2021-06-03,WEIGH_SCALE,69.99,43.00,2.00,86.00,7.10,93.10
2021-06-04,TOOLS,10.99,7.70,1.00,7.70,0.64,8.34
2021-06-04,ICE_CHEST,0.00,15.99,4.00,63.96,5.16,69.12
2021-06-04,OUTDOOR_LIVING,0.00,18.95,1.00,18.95,1.56,20.51
2021-06-04,SAFE,25.99,16.95,3.00,50.85,4.20,55.05
2021-06-07,BATTERY,24.99,24.99,1.00,24.99,2.06,27.05
2021-06-09,STORAGE_RACK,0.00,22.97,3.00,68.91,5.70,74.61
2021-06-09,STORAGE_RACK,0.00,199.97,2.00,399.94,33.00,432.94
2021-06-09,CARRIER_BAG_CASE,39.99,25.19,2.00,50.38,4.16,54.54
2021-06-09,HOOK_LOOP_FASTENER,9.99,8.99,1.00,8.99,0.74,9.73
2021-06-09,TIMER,12.99,8.97,2.00,17.94,1.48,19.42
2021-06-09,BATTERY,14.99,14.99,1.00,14.99,1.24,16.23
2021-06-11,ELECTRONIC_ADAPTER,8.99,8.99,2.00,17.98,1.48,19.46
2021-06-12,,0.00,39.99,1.00,39.99,3.30,43.29
2021-06-12,,0.00,26.99,1.00,26.99,2.12,29.11
2021-06-12,ELECTRIC_FAN,0.00,21.99,1.00,21.99,1.72,23.71
2021-06-16,,0.00,39.99,1.00,39.99,3.30,43.29
2021-06-17,ICE_CHEST,0.00,15.99,1.00,15.99,1.32,17.31
2021-06-17,ICE_CHEST,22.95,22.95,4.00,91.80,7.56,99.36
2021-06-20,SHIPPING_BOX,0.00,61.63,1.00,61.63,5.08,66.71
2021-06-20,FOOD_STORAGE_CONTAINER,0.00,16.25,1.00,16.25,1.34,17.59
2021-06-20,GIFT_WRAP,0.00,28.99,2.00,57.98,4.78,62.76
2021-06-22,,29.99,22.99,1.00,22.99,1.74,24.73
2021-06-28,DRAFT_STOPPER,0.00,7.99,1.00,7.99,0.66,8.65
2021-07-06,ADHESIVE_TAPES,9.99,6.99,1.00,6.99,0.58,7.57
2021-07-14,TOOTHBRUSH,99.99,59.95,1.00,59.95,4.95,64.90
2021-07-15,ADHESIVE_TAPES,13.99,8.99,1.00,8.99,0.74,9.73
2021-07-17,PORTABLE_ELECTRONIC_DEVICE_MOUNT,16.99,13.99,1.00,13.99,1.15,15.14
2021-07-17,PLANT_SEED,0.00,57.95,1.00,57.95,0.00,57.95
2021-07-18,PET_FOOD,22.99,21.38,1.00,21.38,1.76,23.14
2021-07-18,OUTDOOR_LIVING,17.90,7.33,1.00,7.33,0.60,7.93
2021-07-21,EARPLUG,6.99,3.96,1.00,3.96,0.31,4.27
2021-07-24,POTABLE_WATER_FILTER,22.61,14.40,1.00,14.40,1.19,15.59
2021-07-24,WATER_PURIFICATION_UNIT,19.99,18.56,1.00,18.56,1.53,20.09
2021-08-02,TOOTH_WHITENER,0.00,16.56,1.00,16.56,1.37,17.93
2021-08-18,GRAPHIC_TABLET,78.99,69.99,1.00,69.99,4.91,74.90
2021-08-18,HEADPHONES,199.00,99.00,1.00,99.00,8.17,107.17
2021-08-20,PET_FOOD,36.72,4.99,1.00,4.99,0.39,5.38
2021-08-21,PET_FOOD,5.49,4.99,1.00,4.99,0.39,5.38
2021-08-25,SWIMWEAR,35.95,35.95,1.00,35.95,0.00,35.95
2021-08-25,SWIMWEAR,35.95,35.95,1.00,35.95,0.00,35.95
2021-08-25,SWIMWEAR,35.95,35.95,1.00,35.95,0.00,35.95
2021-08-25,SWIMWEAR,35.95,35.95,1.00,35.95,0.00,35.95
2021-08-28,SWIMWEAR,30.00,39.99,1.00,39.99,3.30,43.29
2021-08-28,SWIMWEAR,35.95,35.95,1.00,35.95,2.97,38.92
2021-08-28,SHIRT,21.99,19.98,1.00,19.98,1.48,21.46
2021-08-30,SHIRT,21.99,17.83,1.00,17.83,1.47,19.30
2021-08-31,PORTABLE_ELECTRONIC_DEVICE_STAND,49.90,39.90,1.00,39.90,3.29,43.19
2021-08-31,CUTTING_BOARD,7.99,7.99,1.00,7.99,0.66,8.65
2021-09-09,MEDICATION,16.50,16.50,1.00,16.50,0.00,16.50
2021-09-09,EPILATOR,43.99,39.94,1.00,39.94,3.30,43.24
2021-09-09,PET_FOOD,14.99,10.00,1.00,10.00,0.83,10.83
2021-09-09,PET_FOOD,12.64,6.50,2.00,13.00,1.08,14.08
2021-09-10,CAMCORDER,25.99,23.99,1.00,23.99,1.78,25.77
2021-09-18,PESTICIDE,11.99,9.98,1.00,9.98,0.82,10.80
2021-09-20,EARPLUG,6.99,3.96,1.00,3.96,0.31,4.27
2021-09-22,PET_FOOD,22.99,21.38,3.00,64.14,5.28,69.42
2021-10-03,COFFEE_MAKER,34.99,12.99,1.00,12.99,1.07,14.06
2021-10-03,SHIRT,21.99,19.98,1.00,19.98,1.40,21.38
2021-10-03,SHIRT,21.99,16.98,1.00,16.98,1.40,18.38
2021-10-04,KITCHEN,12.99,7.99,1.00,7.99,0.66,8.65
2021-10-04,KITCHEN,0.00,13.78,1.00,13.78,1.08,14.86
2021-10-04,CONTAINER_LID,0.00,25.99,1.00,25.99,2.14,28.13
2021-10-04,HOSE_PIPE_FITTING,0.00,5.99,1.00,5.99,0.49,6.48
2021-10-04,CLEANING_AGENT,24.99,24.27,1.00,24.27,2.00,26.27
2021-10-05,PET_FOOD,18.67,15.49,1.00,15.49,1.28,16.77
2021-10-11,SHIRT,21.99,19.98,1.00,19.98,1.65,21.63
2021-10-13,HARDWARE_TUBING,0.00,9.99,1.00,9.99,0.82,10.81
2021-10-13,ELECTRONIC_COMPONENT_TERMINAL,16.99,14.59,1.00,14.59,1.20,15.79
2021-10-20,PET_FOOD,5.49,4.99,1.00,4.99,0.39,5.38
2021-10-21,PET_FOOD,36.72,4.99,1.00,4.99,0.39,5.38
2021-10-22,NETTING_COVER,0.00,23.99,1.00,23.99,1.90,25.89
2021-10-29,TOOTHBRUSH_HEAD,38.99,36.95,1.00,36.95,2.90,39.85
2021-11-07,MORTAR_AND_PESTLE_SET,0.00,58.88,1.00,58.88,4.86,63.74
2021-11-07,BUILDING_MATERIAL,18.99,21.59,1.00,21.59,1.78,23.37
2021-11-07,SHELF,0.00,74.00,1.00,74.00,6.11,80.11
2021-11-07,TOOLS,65.47,57.00,1.00,57.00,4.70,61.70
2021-11-07,PET_TOY,9.65,6.49,1.00,6.49,0.54,7.03
2021-11-07,DRAIN_STRAINER,0.00,40.12,1.00,40.12,3.31,43.43
2021-11-07,PLUMBING_FIXTURE,0.00,537.15,1.00,537.15,44.31,581.46
2021-11-07,ELECTRIC_FAN,340.00,199.99,1.00,199.99,16.50,216.49
2021-11-08,STOOL_SEATING,199.00,249.99,1.00,249.99,20.62,270.61
2021-11-20,DESK,0.00,249.99,1.00,249.99,20.62,270.61
2021-11-21,FOOD_SLICER,64.99,39.99,1.00,39.99,3.30,43.29
2021-11-25,ELECTRONIC_CABLE,19.99,11.99,1.00,11.99,0.94,12.93
2021-12-21,PET_BED_MAT,49.99,43.85,1.00,43.85,3.62,47.47
2021-12-23,SUGAR_CANDY,0.00,39.95,1.00,39.95,3.30,43.25
2021-12-23,EARPLUG,6.99,3.96,1.00,3.96,0.33,4.29
2021-12-24,ABIS_BOOK,17.00,12.68,1.00,12.68,1.05,13.73
2021-12-25,SLIPPER,109.95,109.95,1.00,109.95,9.07,119.02
2021-12-25,SLIPPER,109.95,109.95,1.00,109.95,9.07,119.02
2021-12-25,SLIPPER,69.95,63.06,1.00,63.06,5.20,68.26
2021-12-25,BLANKET,46.99,39.99,1.00,39.99,3.30,43.29
2021-12-28,PET_FOOD,36.72,4.99,1.00,4.99,0.39,5.38
2021-12-29,PET_FOOD,5.49,4.99,1.00,4.99,0.39,5.38
2022-01-10,PUZZLES,20.99,16.99,1.00,16.99,1.40,18.39
2022-01-18,SHORTS,31.99,25.99,1.00,25.99,2.14,28.13
2022-01-18,SHOES,149.00,89.99,1.00,89.99,5.94,95.93
2022-01-18,BICYCLE_PEDAL,17.99,14.98,1.00,14.98,1.24,16.22
2022-01-21,SHOES,149.00,89.99,1.00,89.99,7.42,97.41
2022-01-24,SPORTING_GOODS,12.99,18.99,1.00,18.99,1.57,20.56
2022-01-28,EARPLUG,6.99,3.96,1.00,3.96,0.31,4.27
2022-02-06,PET_FOOD,16.99,16.99,1.00,16.99,1.05,18.04
2022-02-09,BIOMETRIC_MONITOR,35.99,29.99,1.00,29.99,2.23,32.22
2022-02-09,POTABLE_WATER_FILTER,0.00,29.99,1.00,29.99,2.35,32.34
2022-02-09,PET_FOOD,14.99,8.09,1.00,8.09,0.67,8.76
2022-02-09,TOOLS,54.99,50.00,1.00,50.00,4.13,54.13
2022-02-09,BLANKET,0.00,133.99,1.00,133.99,11.05,145.04
2022-02-09,SCREEN_PROTECTOR,0.00,10.99,1.00,10.99,0.86,11.85
2022-02-11,NUTRITIONAL_SUPPLEMENT,16.79,29.95,1.00,29.95,0.00,29.95
2022-02-19,WATER_PURIFICATION_UNIT,39.95,30.18,1.00,30.18,2.49,32.67
2022-02-19,BAR_CODE_READER,89.95,89.95,1.00,89.95,7.42,97.37
2022-02-22,PET_FOOD,14.99,8.09,1.00,8.09,0.63,8.72
2022-03-03,PERSONAL_PILL_DISPENSER,12.98,7.99,1.00,7.99,0.66,8.65
2022-03-07,BUILDING_MATERIAL,4.99,4.99,1.00,4.99,0.41,5.40
2022-03-07,SAFETY_GLASSES,16.19,10.92,1.00,10.92,0.90,11.82
2022-03-08,SAFETY_GLASSES,14.99,11.95,1.00,11.95,0.99,12.94
2022-03-16,ADHESIVE_TAPES,0.00,22.99,2.00,45.98,3.78,49.76
2022-03-16,ELECTRIC_FAN,0.00,188.99,1.00,188.99,15.59,204.58
2022-03-16,WALLPAPER,0.00,15.99,1.00,15.99,1.32,17.31
2022-03-16,HARDWARE_STAPLE,0.00,4.93,1.00,4.93,0.41,5.34
2022-03-19,,0.00,39.09,1.00,39.09,3.22,42.31
2022-03-20,HOSE_PIPE_FITTING,18.20,9.87,1.00,9.87,0.81,10.68
2022-03-20,EARPLUG,6.99,3.96,1.00,3.96,0.31,4.27
2022-03-21,SAFETY_MASK_REPLACEMENT_FILTER,25.99,18.68,1.00,18.68,1.54,20.22
2022-03-25,BUILDING_MATERIAL,4.99,4.99,1.00,4.99,0.41,5.40
2022-03-28,PET_FOOD,16.99,9.99,1.00,9.99,0.82,10.81
2022-03-29,PET_FOOD,14.99,10.92,1.00,10.92,0.86,11.78
2022-03-30,PET_FOOD,14.99,11.41,1.00,11.41,0.94,12.35
2022-03-30,FLASH_DRIVE,25.99,7.64,1.00,7.64,0.63,8.27
2022-03-30,SKIN_CLEANING_AGENT,16.99,13.59,1.00,13.59,0.95,14.54
2022-04-10,OUTDOOR_LIVING,161.99,135.00,1.00,135.00,11.14,146.14
2022-04-13,FOOTREST,38.98,31.98,1.00,31.98,1.98,33.96
2022-04-13,HVAC_CONTROL_THERMOSTAT,129.99,125.00,1.00,125.00,10.31,135.31
2022-04-14,CHAIR_MAT,39.99,31.99,1.00,31.99,2.64,34.63
2022-04-16,PLANTER,158.00,149.99,1.00,149.99,12.37,162.36
2022-04-16,PLANTER,149.00,148.99,1.00,148.99,12.29,161.28
2022-04-16,PLANTER,40.00,34.99,1.00,34.99,2.89,37.88
2022-04-16,CADDY,108.64,82.61,1.00,82.61,6.82,89.43
2022-04-18,NUTRITIONAL_SUPPLEMENT,27.99,25.50,1.00,25.50,0.00,25.50
2022-04-18,OUTDOOR_LIVING,0.00,11.99,1.00,11.99,0.99,12.98
2022-04-20,PET_FOOD,6.49,4.24,1.00,4.24,0.30,4.54
2022-04-20,PET_FOOD,6.49,4.99,1.00,4.99,0.35,5.34
2022-04-21,NUTRITIONAL_SUPPLEMENT,27.99,26.06,1.00,26.06,0.00,26.06
2022-04-24,OUTDOOR_LIVING,40.00,34.99,1.00,34.99,2.89,37.88
2022-04-24,PLANTER,40.00,34.99,1.00,34.99,2.89,37.88
2022-04-24,OUTDOOR_LIVING,40.00,34.99,1.00,34.99,2.89,37.88
2022-04-26,SAFE,60.49,60.49,1.00,60.49,4.99,65.48
2022-04-26,OFFICE_PRODUCTS,0.00,14.99,1.00,14.99,1.05,16.04
2022-04-28,PET_FOOD,14.99,11.41,1.00,11.41,0.85,12.26
2022-04-30,PLANTER,40.00,34.99,1.00,34.99,2.89,37.88
2022-04-30,OUTDOOR_LIVING,70.00,64.00,1.00,64.00,5.28,69.28
2022-05-01,OUTDOOR_LIVING,40.00,34.99,1.00,34.99,2.89,37.88
2022-05-01,PLANTER,120.00,99.00,1.00,99.00,8.17,107.17
2022-05-03,TOOLS,34.99,29.00,1.00,29.00,2.39,31.39
2022-05-03,HARDWARE_CLAMP_VISE,0.00,81.99,2.00,163.98,12.70,176.68
2022-05-03,SAW_BLADE,25.99,18.99,1.00,18.99,1.57,20.56
2022-05-03,RULER,0.00,15.98,1.00,15.98,1.32,17.30
2022-05-06,TOOLS,0.00,31.99,1.00,31.99,2.64,34.63
2022-05-06,SAW,381.23,192.99,1.00,192.99,15.92,208.91
2022-05-12,SECURITY_CAMERA,0.00,8.99,1.00,8.99,0.74,9.73
2022-05-13,ENVELOPE,0.00,12.99,1.00,12.99,1.07,14.06
2022-05-15,PICTURE_HANGER,0.00,9.29,1.00,9.29,0.77,10.06
2022-05-16,TOOLS,0.00,73.00,1.00,73.00,6.02,79.02
2022-05-16,SHOVEL_SPADE,0.00,9.86,1.00,9.86,0.81,10.67
2022-05-16,LOCK,10.99,6.68,4.00,26.72,2.20,28.92
2022-05-16,AREA_DEODORIZER,34.28,5.69,2.00,11.38,0.94,12.32
2022-05-18,SECURITY_CAMERA,329.99,329.99,1.00,329.99,27.22,357.21
2022-05-18,PORTABLE_ELECTRONIC_DEVICE_MOUNT,17.99,14.99,1.00,14.99,1.24,16.23
2022-05-18,WALL_PLATE,14.99,14.99,1.00,14.99,1.11,16.10
2022-05-19,SURVEILLANCE_RECORDER_SYSTEM,0.00,319.99,1.00,319.99,26.40,346.39
2022-05-19,WIRELESS_SIGNAL_REPEATER,49.99,31.49,1.00,31.49,2.60,34.09
2022-05-19,SHOWER_ENCLOSURE,0.00,11.99,2.00,23.98,1.98,25.96
2022-05-20,PLUMBING_FIXTURE,0.00,21.99,1.00,21.99,1.81,23.80
2022-05-20,BUILDING_MATERIAL,29.99,25.29,1.00,25.29,2.09,27.38
2022-05-20,EARPLUG,6.99,3.96,1.00,3.96,0.31,4.27
2022-05-22,WIRELESS_SIGNAL_REPEATER,99.99,59.99,1.00,59.99,4.95,64.94
2022-05-23,TOOLS,0.00,24.90,1.00,24.90,2.05,26.95
2022-05-23,TOOLS,79.99,49.99,1.00,49.99,4.12,54.11
2022-05-23,,9.04,9.99,1.00,9.99,0.82,10.81
2022-05-24,HEALTH_PERSONAL_CARE,0.00,43.83,1.00,43.83,3.62,47.45
2022-05-25,ABIS_BOOK,14.99,14.99,1.00,14.99,1.24,16.23
2022-05-25,ABIS_BOOK,17.99,14.69,1.00,14.69,1.21,15.90
2022-05-25,ABIS_BOOK,17.00,6.14,1.00,6.14,0.51,6.65
2022-05-25,ABIS_BOOK,16.99,5.86,1.00,5.86,0.48,6.34
2022-05-25,ABIS_BOOK,17.00,4.00,1.00,4.00,0.33,4.33
2022-05-25,ABIS_BOOK,14.99,14.99,1.00,14.99,1.24,16.23
2022-05-25,ABIS_BOOK,17.00,1.75,1.00,1.75,0.14,1.89
2022-05-29,GAS_SMOKE_FIRE_ALARM,44.99,26.40,2.00,52.80,4.36,57.16
2022-05-29,PET_FOOD,14.99,11.41,1.00,11.41,0.89,12.30
2022-05-30,SHOWER_ENCLOSURE,0.00,11.99,2.00,23.98,1.98,25.96
2022-05-30,PLUMBING_FIXTURE,0.00,21.99,1.00,21.99,1.81,23.80
2022-05-31,CORD_ROPE,0.00,19.99,1.00,19.99,1.65,21.64
2022-06-03,DIMENSIONAL_MEASUREMENT_CALIPER,0.00,19.98,1.00,19.98,1.65,21.63
2022-06-06,JUICE_AND_JUICE_DRINK,0.00,24.98,1.00,24.98,0.00,24.98
2022-06-07,HARDWARE_HINGE,0.00,10.49,4.00,41.96,3.48,45.44
2022-06-07,ROUTER_BIT,123.17,74.29,1.00,74.29,6.13,80.42
2022-06-07,HARDWARE,0.00,8.55,1.00,8.55,0.71,9.26
2022-06-07,LOCK,0.00,11.95,2.00,23.90,1.98,25.88
2022-06-08,TABLETOP_GAME,29.95,24.95,1.00,24.95,2.06,27.01
2022-06-08,TABLETOP_GAME,24.99,24.99,1.00,24.99,2.06,27.05
2022-06-10,FURNITURE_FLOOR_PROTECTOR,5.49,5.49,1.00,5.49,0.45,5.94
2022-06-12,HAT,0.00,28.99,1.00,28.99,2.39,31.38
2022-06-12,HAT,59.00,69.00,1.00,69.00,5.69,74.69
2022-06-12,HARDWARE_HINGE,0.00,11.49,4.00,45.96,3.80,49.76
2022-06-13,ROUTER_BIT,63.86,31.19,1.00,31.19,2.57,33.76
2022-06-13,HARDWARE_BEARING,0.00,11.99,1.00,11.99,0.99,12.98
2022-06-13,TOOL_CHUCK,0.00,7.59,1.00,7.59,0.63,8.22
2022-06-13,ROUTER_BIT,52.02,27.72,1.00,27.72,2.29,30.01
2022-06-13,ROUTER_BIT,87.50,43.19,1.00,43.19,3.56,46.75
2022-06-20,NUTRITIONAL_SUPPLEMENT,27.99,26.02,1.00,26.02,0.00,26.02
2022-06-21,VACUUM_FILTER,15.92,5.95,1.00,5.95,0.39,6.34
2022-06-25,SAW,219.00,149.99,1.00,149.99,12.37,162.36
2022-06-25,SAW_BLADE,14.59,9.98,1.00,9.98,0.82,10.80
2022-06-26,HARDWARE_PLANER,0.00,26.99,1.00,26.99,2.23,29.22
2022-06-28,TOOTHBRUSH_HEAD,39.96,34.99,1.00,34.99,2.74,37.73
2022-06-28,PET_FOOD,14.99,11.41,1.00,11.41,0.89,12.30
2022-06-28,TOOLS,5.49,6.97,1.00,6.97,0.58,7.55
2022-06-28,BUILDING_MATERIAL,24.00,12.53,1.00,12.53,1.03,13.56
2022-07-01,SCREWS,26.49,23.05,1.00,23.05,1.90,24.95
2022-07-02,BONDING_ADHESIVES,13.99,13.90,1.00,13.90,1.15,15.05
2022-07-02,TOOLS,5.49,7.97,1.00,7.97,0.66,8.63
2022-07-03,SAW,0.00,384.05,1.00,384.05,31.68,415.73
2022-07-03,SAW_BLADE,101.25,64.99,1.00,64.99,5.36,70.35
2022-07-05,FLAT_SCREEN_DISPLAY_MOUNT,104.99,94.29,1.00,94.29,7.78,102.07
2022-07-05,HARDWARE_HINGE,0.00,10.90,16.00,174.40,14.40,188.80
2022-07-06,SAW_BLADE,95.95,54.86,1.00,54.86,4.12,58.98
2022-07-09,TOOLS,149.00,139.00,1.00,139.00,11.47,150.47
2022-07-13,PROTECTIVE_GLOVE,56.98,26.00,1.00,26.00,2.15,28.15
2022-07-13,RUG,0.00,15.99,1.00,15.99,1.32,17.31
2022-07-17,REMOTE_CONTROL,14.99,11.69,1.00,11.69,0.91,12.60
2022-07-21,EARPLUG,6.99,3.96,1.00,3.96,0.31,4.27
2022-07-21,SHIRT,39.89,29.98,1.00,29.98,2.47,32.45
2022-07-21,BRACELET,22.99,10.99,1.00,10.99,0.91,11.90
2022-07-21,PANTS,0.00,37.99,1.00,37.99,3.13,41.12
2022-07-21,BACKPACK,30.99,29.99,1.00,29.99,2.47,32.46
2022-07-21,KNIFE,86.00,91.49,1.00,91.49,7.55,99.04
2022-07-22,APPAREL_BELT,21.99,16.19,1.00,16.19,1.34,17.53
2022-07-22,COAT,0.00,12.99,1.00,12.99,1.07,14.06
2022-07-22,OUTDOOR_RECREATION_PRODUCT,17.00,16.99,1.00,16.99,1.40,18.39
2022-07-22,SHIRT,39.89,29.98,1.00,29.98,2.47,32.45
2022-07-22,SHIRT,38.99,29.98,1.00,29.98,2.47,32.45
2022-07-22,POWER_BANK,48.99,39.99,1.00,39.99,2.97,42.96
2022-07-26,PET_FOOD,14.99,11.41,1.00,11.41,0.94,12.35
2022-07-26,NUTRITIONAL_SUPPLEMENT,27.99,25.79,1.00,25.79,0.00,25.79
2022-07-28,NUTRITIONAL_SUPPLEMENT,27.99,25.13,1.00,25.13,0.00,25.13
2022-07-29,SANDER,84.00,84.00,1.00,84.00,6.93,90.93
2022-07-29,PET_FOOD,14.99,11.41,1.00,11.41,0.89,12.30
2022-08-05,SANDAL,50.00,38.07,1.00,38.07,0.00,38.07
2022-08-05,SANDAL,40.00,32.04,1.00,32.04,0.00,32.04
2022-08-05,SANDAL,30.00,25.90,1.00,25.90,0.00,25.90
2022-08-07,EXERCISE_MAT,27.99,17.22,1.00,17.22,1.42,18.64
2022-08-16,NUTRITIONAL_SUPPLEMENT,9.99,9.98,1.00,9.98,0.00,9.98
2022-08-16,SHIRT,0.00,14.99,1.00,14.99,0.99,15.98
2022-08-16,SHIRT,78.00,78.00,1.00,78.00,6.44,84.44
2022-08-16,SHIRT,53.95,53.95,1.00,53.95,4.45,58.40
2022-08-16,SHIRT,24.99,22.00,1.00,22.00,1.82,23.82
2022-08-20,PAPER_TOWEL_HOLDER,18.99,16.99,1.00,16.99,1.40,18.39
2022-08-20,CUTTING_BOARD,7.07,5.87,1.00,5.87,0.48,6.35
2022-08-21,PET_FOOD,6.49,4.24,1.00,4.24,0.33,4.57
2022-08-21,PET_FOOD,6.49,4.74,1.00,4.74,0.37,5.11
2022-08-23,SHIRT,24.99,21.75,6.00,130.50,10.74,141.24
2022-08-23,SHIRT,24.99,24.99,1.00,24.99,2.06,27.05
2022-08-25,HARDWARE_HINGE,41.99,48.99,1.00,48.99,4.04,53.03
2022-08-25,FOOT_SCRAPER,11.99,9.99,1.00,9.99,0.82,10.81
2022-08-25,HARDWARE_HINGE,0.00,9.90,4.00,39.60,3.28,42.88
2022-08-25,HARDWARE_HANDLE,0.00,34.99,1.00,34.99,2.89,37.88
2022-08-25,HARDWARE_HANDLE,0.00,25.99,1.00,25.99,2.14,28.13
2022-08-27,BLANKET,199.99,169.99,1.00,169.99,13.20,183.19
2022-08-28,NUTS,2.93,4.10,1.00,4.10,0.34,4.44
2022-08-28,PLUMBING_FIXTURE,11.60,8.36,1.00,8.36,0.69,9.05
2022-08-28,FURNITURE_FLOOR_PROTECTOR,11.29,3.92,1.00,3.92,0.32,4.24
2022-08-28,OFFICE_PRODUCTS,0.00,15.99,1.00,15.99,0.89,16.88
2022-08-28,SAFE,59.99,53.97,1.00,53.97,4.45,58.42
2022-08-28,PICTURE_HANGER,0.00,14.59,1.00,14.59,1.20,15.79
2022-08-29,NUTRITIONAL_SUPPLEMENT,27.99,26.06,1.00,26.06,0.00,26.06
2022-08-29,PET_FOOD,14.99,11.00,1.00,11.00,0.86,11.86
2022-09-03,SAW_BLADE,19.99,14.94,1.00,14.94,1.23,16.17
2022-09-04,TILE,0.00,33.61,1.00,33.61,2.77,36.38
2022-09-04,TOOLS,0.00,37.87,2.00,75.74,6.24,81.98
2022-09-04,OUTDOOR_LIVING,4.99,5.46,1.00,5.46,0.45,5.91
2022-09-04,PANTS,28.99,28.99,1.00,28.99,0.00,28.99
2022-09-04,PANTS,0.00,31.32,1.00,31.32,2.58,33.90
2022-09-05,TILE,0.00,33.59,1.00,33.59,2.77,36.36
2022-09-06,,13.78,14.80,1.00,14.80,1.22,16.02
2022-09-08,SWIMWEAR,0.00,20.99,1.00,20.99,1.56,22.55
2022-09-08,SUGAR_CANDY,10.76,11.30,1.00,11.30,0.93,12.23
2022-09-09,DRINKING_CUP,113.00,112.50,1.00,112.50,9.28,121.78
2022-09-11,SUGAR_CANDY,0.00,14.92,1.00,14.92,1.23,16.15
2022-09-11,SUGAR_CANDY,0.00,17.98,1.00,17.98,1.48,19.46
2022-09-11,SUGAR_CANDY,6.99,7.29,1.00,7.29,0.60,7.89
2022-09-11,SUGAR_CANDY,0.00,11.99,1.00,11.99,0.99,12.98
2022-09-11,SUGAR_CANDY,0.00,11.00,1.00,11.00,0.91,11.91
2022-09-11,SUGAR_CANDY,0.00,18.95,1.00,18.95,1.56,20.51
2022-09-13,CELLULAR_PHONE_CASE,78.99,45.99,1.00,45.99,3.60,49.59
2022-09-13,HARDWARE_HINGE,28.00,31.90,1.00,31.90,2.63,34.53
2022-09-13,DRINKING_CUP,47.70,43.00,1.00,43.00,3.55,46.55
2022-09-14,DRILL_BITS,19.57,18.99,1.00,18.99,1.57,20.56
2022-09-14,TRASH_CAN,24.95,11.47,1.00,11.47,0.95,12.42
2022-09-14,BATTERY,4.64,6.90,1.00,6.90,0.57,7.47
2022-09-17,FRUIT,0.00,19.99,1.00,19.99,0.00,19.99
2022-09-20,MICROPHONE_STAND,51.07,33.22,1.00,33.22,2.71,35.93
2022-09-20,MICROPHONE,479.00,308.88,1.00,308.88,25.48,334.36
2022-09-22,AROMA_DIFFUSER,48.99,29.99,1.00,29.99,2.47,32.46
2022-09-22,PET_APPAREL,29.99,14.99,1.00,14.99,1.24,16.23
2022-09-22,PET_APPAREL,0.00,15.99,1.00,15.99,1.32,17.31
2022-09-25,CAMCORDER,99.99,79.99,1.00,79.99,6.60,86.59
2022-09-25,VALVE,28.00,33.50,1.00,33.50,2.76,36.26
2022-09-25,VALVE,14.00,8.98,1.00,8.98,0.74,9.72
2022-09-25,TOOLS,0.00,109.99,1.00,109.99,9.07,119.06
2022-09-25,RUG_PAD,111.99,66.67,1.00,66.67,5.50,72.17
2022-09-26,ABIS_GIFT_CARD,1.00,100.00,1.00,100.00,0.00,100.00
2022-09-26,MATTRESS_COVER,12.99,12.99,4.00,51.96,4.28,56.24
2022-09-26,BED_LINEN_SET,0.00,99.99,1.00,99.99,8.25,108.24
2022-09-26,MATTRESS_COVER,39.99,39.99,1.00,39.99,2.97,42.96
2022-09-26,CAMCORDER,79.99,69.99,1.00,69.99,4.91,74.90
2022-09-27,SPORT_RACKET,89.99,48.90,1.00,48.90,4.03,52.93
2022-09-28,PET_FOOD,14.99,11.00,1.00,11.00,0.86,11.86
2022-09-28,NUTRITIONAL_SUPPLEMENT,27.99,26.08,1.00,26.08,0.00,26.08
2022-10-10,MEDICATION,10.99,10.98,1.00,10.98,0.00,10.98
2022-10-10,HEALTH_PERSONAL_CARE,8.74,7.56,1.00,7.56,0.00,7.56
2022-10-22,TOOLS,0.00,22.89,1.00,22.89,1.89,24.78
2022-10-22,ABRASIVE_WHEELS,0.00,17.79,1.00,17.79,1.17,18.96
2022-10-23,NETWORK_INTERFACE_CONTROLLER_ADAPTER,40.99,35.99,1.00,35.99,2.97,38.96
2022-10-23,WEATHER_STATION,29.99,25.99,1.00,25.99,2.14,28.13
2022-10-23,ELECTRONIC_SWITCH,22.99,19.99,2.00,39.98,3.30,43.28
2022-10-23,ELECTRONIC_SWITCH,44.99,34.95,1.00,34.95,2.88,37.83
2022-10-24,TOOLS,22.99,14.99,1.00,14.99,1.17,16.16
2022-10-24,TOOLS,8.99,5.99,1.00,5.99,0.49,6.48
2022-10-24,WIRELESS_AUDIO_ADAPTER,49.99,39.99,1.00,39.99,3.30,43.29
2022-10-24,ABRASIVES,27.89,16.73,1.00,16.73,1.38,18.11
2022-10-28,HAT,0.00,24.99,1.00,24.99,2.06,27.05
2022-10-29,PET_FOOD,14.99,11.09,1.00,11.09,0.87,11.96
2022-10-29,ABIS_BOOK,27.99,16.46,1.00,16.46,1.36,17.82
2022-10-29,ABIS_BOOK,23.99,18.99,1.00,18.99,1.57,20.56
2022-11-01,PET_FOOD,14.99,11.00,1.00,11.00,0.91,11.91
2022-11-01,CLEANING_AGENT,0.00,9.20,1.00,9.20,0.76,9.96
2022-11-02,HUMIDIFIER,129.99,100.20,1.00,100.20,8.27,108.47
2022-11-06,TOWEL,0.00,15.96,1.00,15.96,1.32,17.28
2022-11-06,GARDEN_SHEAR_SCISSORS,20.99,13.98,1.00,13.98,1.15,15.13
2022-11-07,TOOLS,16.21,10.99,1.00,10.99,0.91,11.90
2022-11-08,SUGAR_CANDY,0.00,19.80,1.00,19.80,1.63,21.43
2022-11-17,PAJAMAS,38.99,35.99,1.00,35.99,2.82,38.81
2022-11-17,PAJAMAS,0.00,43.99,1.00,43.99,3.63,47.62
2022-11-17,SHIRT,39.90,55.00,1.00,55.00,4.54,59.54
2022-11-17,SHIRT,32.99,20.69,1.00,20.69,1.67,22.36
2022-11-17,SHIRT,32.99,17.99,1.00,17.99,1.45,19.44
2022-11-20,NUTRITIONAL_SUPPLEMENT,27.99,27.99,1.00,27.99,0.00,27.99
2022-11-20,FRUIT,0.00,22.99,1.00,22.99,0.00,22.99
2022-11-20,SQUEEGEE,10.99,10.99,1.00,10.99,0.91,11.90
2022-11-20,HOME_MIRROR,29.99,15.99,1.00,15.99,1.32,17.31
2022-11-20,STORAGE_HOOK,15.99,12.99,1.00,12.99,1.07,14.06
2022-11-21,RUG_PAD,119.99,65.86,1.00,65.86,5.43,71.29
2022-11-24,HOME_FURNITURE_AND_DECOR,0.00,23.99,1.00,23.99,1.78,25.77
2022-11-24,COFFEE_MAKER,19.99,19.99,1.00,19.99,1.65,21.64
2022-11-24,HEADPHONES,299.00,249.00,1.00,249.00,20.54,269.54
2022-11-24,CAMCORDER,169.00,103.99,1.00,103.99,8.58,112.57
2022-11-24,BUILDING_MATERIAL,10.99,10.98,1.00,10.98,0.91,11.89
2022-11-24,SAW_BLADE,104.30,49.97,1.00,49.97,4.12,54.09
2022-11-25,RUG_PAD,119.99,65.86,1.00,65.86,5.43,71.29
2022-11-26,ART_AND_CRAFT_SUPPLY,29.95,29.95,1.00,29.95,2.22,32.17
2022-11-26,BONDING_ADHESIVES,12.99,12.84,1.00,12.84,1.06,13.90
2022-11-26,RUG,49.99,39.99,1.00,39.99,2.97,42.96
2022-11-26,DRILL_BITS,67.84,24.99,1.00,24.99,2.06,27.05
2022-11-26,YARN,3.49,6.70,2.00,13.40,1.10,14.50
2022-11-26,SEWING_BUTTON,39.19,11.89,2.00,23.78,1.96,25.74
2022-11-28,PET_FOOD,14.99,9.35,1.00,9.35,0.73,10.08
2022-11-28,BOOT,131.21,131.21,1.00,131.21,10.82,142.03
2022-12-01,COFFEE_FILTER,0.00,7.39,1.00,7.39,0.61,8.00
2022-12-03,SAW_BLADE,12.99,12.40,1.00,12.40,1.02,13.42
2022-12-03,ELECTRONIC_CABLE,34.99,15.99,1.00,15.99,1.32,17.31
2022-12-03,EXERCISE_STRAP,19.99,15.99,1.00,15.99,1.19,17.18
2022-12-03,PANTS,228.00,228.00,1.00,228.00,18.81,246.81
2022-12-03,PANTS,99.00,99.00,1.00,99.00,7.35,106.35
2022-12-03,EXERCISE_BAND,69.99,29.99,1.00,29.99,2.23,32.22
2022-12-04,ART_AND_CRAFT_SUPPLY,29.95,29.95,1.00,29.95,2.47,32.42
2022-12-07,PANTS,168.00,102.37,1.00,102.37,0.00,102.37
2022-12-07,PANTS,138.00,128.54,1.00,128.54,9.54,138.08
2022-12-08,PANTS,228.00,228.00,1.00,228.00,18.81,246.81
2022-12-10,HAIR_COMB,16.99,9.59,1.00,9.59,0.79,10.38
2022-12-21,HAT,24.99,16.99,1.00,16.99,1.40,18.39
2022-12-21,PET_FOOD,6.99,4.96,1.00,4.96,0.31,5.27
2022-12-21,PANTS,0.00,118.80,1.00,118.80,8.82,127.62
2022-12-21,PANTS,168.00,168.00,1.00,168.00,0.00,168.00
2022-12-25,PET_APPAREL,17.99,14.99,1.00,14.99,1.24,16.23
2022-12-25,HUMIDIFIER,239.99,192.99,1.00,192.99,15.67,208.66
2022-12-25,HUMIDIFIER,12.99,25.00,1.00,25.00,2.06,27.06
2022-12-26,MONITOR,899.99,521.55,1.00,521.55,39.06,560.61
2022-12-26,COMPUTER_INPUT_DEVICE,0.00,70.00,1.00,70.00,5.78,75.78
2022-12-26,HAT,0.00,9.99,1.00,9.99,0.82,10.81
2022-12-27,PROTEIN_SUPPLEMENT_POWDER,0.00,40.47,0.00,0.00,0.00,0.00
2022-12-27,PROTEIN_SUPPLEMENT_POWDER,0.00,40.47,8.00,323.76,0.00,323.76
2022-12-27,TOILET_PAPER,34.98,34.98,1.00,34.98,2.29,37.27
2022-12-27,PET_FOOD,41.49,56.99,1.00,56.99,4.47,61.46
2022-12-27,SHOES,31.98,25.98,1.00,25.98,2.14,28.12
2022-12-27,PET_APPAREL,19.99,15.99,1.00,15.99,1.19,17.18
2022-12-29,PET_FOOD,6.99,4.74,1.00,4.74,0.29,5.03
2022-12-29,PET_FOOD,14.99,9.35,3.00,28.05,1.86,29.91
2022-12-29,TOOTH_WHITENER,39.91,39.91,1.00,39.91,3.29,43.20
2022-12-29,CRAFT_WOOD,8.99,4.69,1.00,4.69,0.39,5.08
2022-12-30,POWER_STRIP,22.99,16.99,1.00,16.99,1.33,18.32
2022-12-30,PORTABLE_ELECTRONIC_DEVICE_STAND,39.99,27.99,1.00,27.99,2.19,30.18
2022-12-30,ARTIFICIAL_TREE,659.99,256.15,1.00,256.15,20.59,276.74
2022-12-30,CLOCK,0.00,17.99,1.00,17.99,1.48,19.47
2022-12-30,ARTIFICIAL_PLANT,38.99,28.99,1.00,28.99,2.39,31.38
2022-12-30,ARTIFICIAL_TREE,31.45,31.65,1.00,31.65,2.61,34.26
2022-12-30,SCULPTURE,28.99,22.99,1.00,22.99,1.90,24.89
2023-01-02,ABRASIVES,43.97,18.97,1.00,18.97,1.57,20.54
2023-01-02,TOOLS,22.76,22.46,1.00,22.46,1.85,24.31
2023-01-03,HAT,30.99,6.96,1.00,6.96,0.57,7.53
2023-01-03,HAT,0.00,6.96,1.00,6.96,0.57,7.53
2023-01-07,KEYBOARD_MOUSE_SET,99.99,43.00,1.00,43.00,3.55,46.55
2023-01-12,UNDERPANTS,35.00,34.63,1.00,34.63,2.86,37.49
2023-01-12,UNDERPANTS,20.00,20.00,1.00,20.00,1.65,21.65
2023-01-12,SPORTING_GOODS,0.00,11.99,1.00,11.99,0.99,12.98
2023-01-12,ANIMAL_COLLAR,25.88,13.49,1.00,13.49,1.11,14.60
2023-01-15,BUILDING_MATERIAL,16.10,12.98,1.00,12.98,1.07,14.05
2023-01-15,BUILDING_MATERIAL,22.68,10.88,1.00,10.88,0.90,11.78
2023-01-15,VALVE,12.00,7.87,1.00,7.87,0.65,8.52
2023-01-15,UNDERPANTS,35.00,30.00,1.00,30.00,2.48,32.48
2023-01-15,UNDERPANTS,35.00,28.95,1.00,28.95,2.39,31.34
2023-01-15,SHOES,31.98,24.98,1.00,24.98,2.06,27.04
2023-01-15,APPAREL_GLOVES,11.99,8.99,1.00,8.99,0.74,9.73
2023-01-15,SCARF,25.00,11.99,1.00,11.99,0.99,12.98
2023-01-15,SCARF,25.00,11.99,1.00,11.99,0.99,12.98
2023-01-16,SHOES,31.98,24.98,1.00,24.98,2.06,27.04
2023-01-17,DRINKING_CUP,47.70,35.74,1.00,35.74,2.95,38.69
2023-01-17,UNDERPANTS,20.00,15.50,1.00,15.50,1.28,16.78
2023-01-17,UNDERPANTS,20.00,15.56,1.00,15.56,1.28,16.84
2023-01-17,DRINKING_CUP,42.00,16.10,1.00,16.10,1.33,17.43
2023-01-17,UNDERPANTS,20.00,16.93,1.00,16.93,1.40,18.33
2023-01-17,DRINKING_CUP,42.00,16.63,1.00,16.63,1.37,18.00
2023-01-28,CAMERA_CONTINUOUS_LIGHT,0.00,39.99,1.00,39.99,3.30,43.29
2023-02-03,POWER_INVERTER,49.99,49.99,1.00,49.99,4.12,54.11