"SCHEMA_TABLE","FILTER_USING","DATE_COLUMN","SLICER_COLUMN","GRANULARITY"
dbo.IV00101,,,,
dbo.PCF00200,,,,
dbo.SOP10100,,,,
dbo.SOP10200,,,,
dbo.POP00101,,,,
dbo.PM00200,,,,
dbo.IV00102," LSTORDDT>  dateadd( day, -1*day(getdate()) , dateadd(MONTH,-3, getdate() ))  or LSTCNTDT > dateadd( day, -1*day(getdate()) , dateadd(MONTH,-3, getdate() )) ",,,
dbo.SOP30200," creatddt > dateadd( day, -1*day(getdate()) , dateadd(MONTH,-3, getdate() )) ",,,
dbo.SOP30300," ReqShipDate > dateadd( day, -1*day(getdate()) , dateadd(MONTH,-3, getdate() )) ",,,
dbo.PCF10630," DATEADD(dd, DATEDIFF(dd,0,getdate()), 0) =  DATEADD(wk, DATEDIFF(wk,0,getdate()), 0)",,,
dbo.EXT00101," DATEADD(dd, DATEDIFF(dd,0,getdate()), 0) =  DATEADD(wk, DATEDIFF(wk,0,getdate()), 0)",,,
dbo.POP10500," DATEADD(dd, DATEDIFF(dd,0,getdate()), 0) =  DATEADD(wk, DATEDIFF(wk,0,getdate()), 0)",,,