"SCHEMA_TABLE","FILTER_USING","DATE_COLUMN","SLICER_COLUMN","GRANULARITY"
dbo.__RefactorLog,,,,
dbo.Constant,,,,
dbo.LowesstoreContacts,,,,
dbo.mike_Stewardship,,,,
dbo.si_bridge_ItemTag,,,,
dbo.si_bridge_User_Purpose,,,,
dbo.si_dim_Item,,,,
dbo.si_dim_Purpose,,,,
dbo.si_dim_Tag,,,,
dbo.si_dim_User,,,,
dbo.si_fact_ShippedItem,,,,
dbo.temp,,,,
mdm.acct_Accounting_Scenario_Sub,,,,
mdm.acct_AP_Accrual_Reclassification_Sub,,,,
mdm.acct_domain_Expense_Forecast_Name_Sub,,,,
mdm.acct_domain_GL_Account_Group_2_Sub,,,,
mdm.acct_domain_GL_Account_Group_3,,,,
mdm.acct_domain_GL_Account_Group_4,,,,
mdm.acct_domain_GL_Capital_Project_Sub,,,,
mdm.acct_domain_GL_Department_Group_Sub,,,,
mdm.acct_domain_GL_Department_Sub,,,,
mdm.acct_domain_GL_Natural_Account_Sub,,,,
mdm.acct_domain_GL_Sub_Department_Sub,,,,
mdm.acct_Expense_Forecast_sub,,,,
mdm.acct_Expense_Forecast_Usage_Plans_Sub,,,,
mdm.acct_GL_Account_Status_History_List_Order_Sub,,,,
mdm.acct_GL_Account_subscription,,,,
mdm.acct_GL_Sales_Leaf_Subscription,,,,
mdm.acct_Non_Owner_GL_Account_Permission_Sub,,,,
mdm.acct_Properties_Sub,,,,
mdm.bol_Ship_Via_Leaf_Subscription,,,,
mdm.Brand_Leaf_subscription,,,,
mdm.cu_BusinessUnitSection_Leaf_Sub,,,,
mdm.cu_Commission_Assignment_Leaf_subscription,,,,
mdm.cu_Customer_Group_Leaf,,,,
mdm.cu_Customer_Leaf,,,,
mdm.cu_domain_BillToCustomer_Leaf_Sub,,,,
mdm.cu_domain_Sales_Region_Leaf,,,,
mdm.cu_domain_Sales_Region_Leaf_sub,,,,
mdm.cu_domain_User_Leaf_Sub,,,,
mdm.cu_Empl_Can_View_Inv_Cust_Leaf_subscription,,,,
mdm.cu_ExplicitCustomerPermissionAssignment,,,,
mdm.cu_SalesOrganization_Leaf,,,,
mdm.Data_Recipient_Leaf_subscription,,,,
mdm.Global_Location_Number_Leaf_subscription,,,,
mdm.Hardlines_Extension_Leaf_subscription,,,,
mdm.inv_DateForPurposeOfStdCostLkp_Leaf_subscription,,,,
mdm.inv_domain_Inventory_Action_Leaf_sub,,,,
mdm.inv_domain_Valuation_Group_Leaf_subscription,,,,
mdm.inv_Exclude_Transaction_ID_for_Reason_Sub,,,,
mdm.inv_Inventory_Action_Item_Conversion_Detail_Lf_sub,,,,
mdm.inv_Inventory_Action_Item_Leaf_subscription,,,,
mdm.inv_Inventory_Scenario_Leaf_subscription,,,,
mdm.inv_InventoryValuationItemDimension_Leaf_sub,,,,
mdm.inv_OtherValuationConsiderations_Leaf_Subscription,,,,
mdm.inv_Properties_Leaf_subscription,,,,
mdm.Lowes_Extension_Leaf_subscription,,,,
mdm.ntfy_domain_Event_Leaf_subscription,,,,
mdm.ntfy_domain_User_Leaf_subscription,,,,
mdm.ntfy_Notification_Leaf_subscription,,,,
mdm.part_DepartmentResourceDowntime_sub,,,,
mdm.part_domain_InvValGrp_Leaf_subscription,,,,
mdm.part_domain_WorkCenterForAlignmentReport,,,,
mdm.part_Longevity_Definition_Leaf_subscription,,,,
mdm.Part_Number_Leaf_subscription,,,,
mdm.part_Part_Leaf_subscription,,,,
mdm.part_Part_Plant_Leaf_subscription,,,,
mdm.part_Price_List_Detail_Leaf_subscription,,,,
mdm.part_Price_List_Header_Leaf_subscription,,,,
mdm.part_TransitionTimeFromPartToPart_sub,,,,
mdm.pfa_SalesOrderInquiryPermission,,,,
mdm.pn_Branch_Assignment,,,,
mdm.pn_Credit_Info_By_Partner_Branch,,,,
mdm.pn_domain_Order_Type,,,,
mdm.pn_domain_Order_Type_Group,,,,
mdm.pn_domain_Part,,,,
mdm.pn_domain_Partner,,,,
mdm.pn_domain_Partner_Level,,,,
mdm.pn_domain_SalesChannel,,,,
mdm.pn_domain_THD_Store,,,,
mdm.pn_Fiberon_Ids_For_THD_Stores,,,,
mdm.pn_Minimum_Order_Fee_By_Store_By_Brand,,,,
mdm.pn_Partner_Branch_Identifier,,,,
mdm.pn_Partner_Part_Identifier,,,,
mdm.pn_PartnerPartCarry_leaf_sub,,,,
mdm.pn_PartnerSettings_EDI,,,,
mdm.pn_PartnerSettings_General,,,,
mdm.pn_PartnerSettings_Workflow,,,,
mdm.pn_Price_Schedule_Specification,,,,
mdm.pn_StoreServicingBranch_leaf_sub,,,,
mdm.pp_Part_Plant_Leaf_subscription,,,,
mdm.ppn_Package_Progress_Notification_Subscription,,,,
mdm.ppn_SSISDB_Package_subscription,,,,
mdm.ppn_SSISDB_Project_subscription,,,,
mdm.sales_Accrued_Discount_Detail_Sub,,,,
mdm.sales_Accrued_Discount_Header_Sub,,,,
mdm.sales_Accrued_Discount_Version_Sub,,,,
mdm.sales_domain_Accrued_Discount_Cap_Group_Leaf_sub,,,,
mdm.sales_FOI_Sales_Discount_Forecast_Sub,,,,
mdm.sales_Forecast_Assignment_subscription,,,,
mdm.sales_GL_Sales_Leaf_Subscription,,,,
mdm.sales_Invoice_Made_By_Plant_Exception_Lf_Sub,,,,
mdm.sales_Marketing_Fulfillment_Defaults_sub,,,,
mdm.sales_ReturnReason_Leaf_subscription,,,,
mdm.sales_Sales_Scenario_Role_Play_subscription,,,,
mdm.sales_Sales_Scenario_subscription,,,,
mdm.sales_Truck_Load_Definition_subscription,,,,
mdm.sfs_Properties_Leaf_subscription,,,,
mdm.sfs_Sales_Forecast_Leaf_subscription,,,,
mdm.si_domain_Purpose,,,,
mdm.si_domain_Tag,,,,
mdm.si_FulfillmentItem,,,,
mdm.si_FulfillmentItemTags,,,,
mdm.si_User,,,,
mdm.si_User_Purpose,,,,
mdm.sr_Plant,,,,
mdm.sr_Stockroom_Leaf_subscription,,,,
mdm.Target_Market_Leaf_subscription,,,,
mdm.tbl_1_1_EN,,,,
mdm.tbl_1_1_MS,,,,
mdm.tbl_1_2_EN,,,,
mdm.tbl_1_2_MS,,,,
mdm.tbl_1_3_EN,,,,
mdm.tbl_1_3_MS,,,,
mdm.tbl_1_4_EN,,,,
mdm.tbl_1_4_MS,,,,
mdm.tbl_1_5_EN,,,,
mdm.tbl_1_5_MS,,,,
mdm.tbl_1004_1084_EN,,,,
mdm.tbl_1004_1084_MS,,,,
mdm.tbl_1004_1121_EN,,,,
mdm.tbl_1004_1121_MS,,,,
mdm.tbl_1004_1122_EN,,,,
mdm.tbl_1004_1122_MS,,,,
mdm.tbl_1004_1123_EN,,,,
mdm.tbl_1004_1123_MS,,,,
mdm.tbl_1004_1124_EN,,,,
mdm.tbl_1004_1124_MS,,,,
mdm.tbl_1004_1125_EN,,,,
mdm.tbl_1004_1125_MS,,,,
mdm.tbl_1004_1126_EN,,,,
mdm.tbl_1004_1126_MS,,,,
mdm.tbl_1004_1127_EN,,,,
mdm.tbl_1004_1127_MS,,,,
mdm.tbl_1004_1128_EN,,,,
mdm.tbl_1004_1128_MS,,,,
mdm.tbl_1004_1129_EN,,,,
mdm.tbl_1004_1129_MS,,,,
mdm.tbl_1004_1130_EN,,,,
mdm.tbl_1004_1130_MS,,,,
mdm.tbl_1004_1131_EN,,,,
mdm.tbl_1004_1131_MS,,,,
mdm.tbl_1004_1132_EN,,,,
mdm.tbl_1004_1132_MS,,,,
mdm.tbl_1004_1133_EN,,,,
mdm.tbl_1004_1133_MS,,,,
mdm.tbl_1004_1134_EN,,,,
mdm.tbl_1004_1134_MS,,,,
mdm.tbl_1004_1153_EN,,,,
mdm.tbl_1004_1153_MS,,,,
mdm.tbl_1004_1188_EN,,,,
mdm.tbl_1004_1188_MS,,,,
mdm.tbl_1004_1189_EN,,,,
mdm.tbl_1004_1189_MS,,,,
mdm.tbl_1004_1196_EN,,,,
mdm.tbl_1004_1196_MS,,,,
mdm.tbl_1004_1197_EN,,,,
mdm.tbl_1004_1197_MS,,,,
mdm.tbl_1004_1198_EN,,,,
mdm.tbl_1004_1198_MS,,,,
mdm.tbl_1004_1503_EN,,,,
mdm.tbl_1004_1503_MS,,,,
mdm.tbl_1004_1504_EN,,,,
mdm.tbl_1004_1504_MS,,,,
mdm.tbl_1004_1505_EN,,,,
mdm.tbl_1004_1505_MS,,,,
mdm.tbl_1004_1507_EN,,,,
mdm.tbl_1004_1507_MS,,,,
mdm.tbl_1004_1510_EN,,,,
mdm.tbl_1004_1510_MS,,,,
mdm.tbl_1004_1511_EN,,,,
mdm.tbl_1004_1511_MS,,,,
mdm.tbl_1005_1136_EN,,,,
mdm.tbl_1005_1136_MS,,,,
mdm.tbl_1005_1140_EN,,,,
mdm.tbl_1005_1140_MS,,,,
mdm.tbl_1005_1143_EN,,,,
mdm.tbl_1005_1143_MS,,,,
mdm.tbl_1005_1147_EN,,,,
mdm.tbl_1005_1147_MS,,,,
mdm.tbl_1005_1148_EN,,,,
mdm.tbl_1005_1148_MS,,,,
mdm.tbl_1005_1149_EN,,,,
mdm.tbl_1005_1149_MS,,,,
mdm.tbl_1005_1150_EN,,,,
mdm.tbl_1005_1150_MS,,,,
mdm.tbl_1006_1156_EN,,,,
mdm.tbl_1006_1156_MS,,,,
mdm.tbl_1006_1157_EN,,,,
mdm.tbl_1006_1157_MS,,,,