TABLE_NAME,INSERT_STM
DIM_ACTIVITY_DETAIL,"DELETE FROM   EDW_STAGING_DIM.DIM_ACTIVITY_DETAIL   WHERE   ACTIVITY_DETAIL_HKEY = MD5( '99999' ); INSERT INTO EDW_STAGING_DIM.DIM_ACTIVITY_DETAIL  (UNIQUE_ID_KEY, ACTIVITY_DETAIL_HKEY, ACTIVITY_DETAIL_DESC, LOAD_DATETIME, PRIMARY_SOURCE_SYSTEM) SELECT MD5($1), MD5($2),$3,$4,$5 FROM VALUES ('99999', '99999', 'UNKNOWN', SYSDATE(), 'MANUAL ENTRY'); commit;"
DIM_ACTIVITY,"DELETE FROM   EDW_STAGING_DIM.DIM_ACTIVITY   WHERE   ACTIVITY_HKEY = MD5( '99999' ); INSERT INTO EDW_STAGING_DIM.DIM_ACTIVITY  (UNIQUE_ID_KEY, ACTIVITY_HKEY, ACTION_TYPE,ACTIVITY_NAME_TYPE,ACTIVITY_CONTEXT_TYPE_NAME,ACTIVITY_SUBCONTEXT_TYPE_NAME,PROCESS_AREA, LOAD_DATETIME, PRIMARY_SOURCE_SYSTEM) SELECT MD5($1), MD5($2),$3,$4,$5,$6,$7,$8,$9 FROM VALUES ('99999', '99999', 'UNKNOWN' , 'UNKNOWN', 'UNKNOWN', 'UNKNOWN', 'UNKNOWN', SYSDATE(), 'MANUAL ENTRY'); commit;"
DIM_ADMISSION,"DELETE FROM   EDW_STAGING_DIM.DIM_ADMISSION   WHERE   ADMISSION_HKEY = MD5( '99999' ); INSERT INTO EDW_STAGING_DIM.DIM_ADMISSION (ADMISSION_HKEY , UNIQUE_ID_KEY  , HOSPITAL_ADMISSION_TYPE_CODE  , MEDICAL_INVOICE_SOURCE_OF_ADMISSION_CODE  , MEDICAL_INVOICE_HOSPITAL_DISCHARGE_STATUS_CODE  , MEDICAL_INVOICE_HOSPITAL_BILL_TYPE_CODE  , HOSPITAL_ADMISSION_TYPE_DESC  , MEDICAL_INVOICE_SOURCE_OF_ADMISSION_DESC  , MEDICAL_INVOICE_HOSPITAL_DISCHARGE_STATUS_DESC  , MEDICAL_INVOICE_HOSPITAL_BILL_TYPE_DESC  , LOAD_DATETIME ,  PRIMARY_SOURCE_SYSTEM) SELECT MD5($1) , MD5($2) , $3 , $4 , $5 , $6 , $7 , $8 , $9 , $10 , $11 , $12 FROM VALUES  ('99999' , '99999' , 'UNK' , 'UNK' , 'UNK' , 'UNK' , 'UNKNOWN' , 'UNKNOWN' , 'UNKNOWN' , 'UNKNOWN' , SYSDATE() , 'MANUAL ENTRY'); commit;"
DIM_AMBULATORY_PAYMENT_CLASSIFICATION1,"DELETE FROM   EDW_STAGING_DIM.DIM_AMBULATORY_PAYMENT_CLASSIFICATION   WHERE   APC_HKEY = MD5( '99999' ); INSERT INTO EDW_STAGING_DIM.DIM_AMBULATORY_PAYMENT_CLASSIFICATION (APC_HKEY , UNIQUE_ID_KEY  , APC_CODE  , APC_DESC  , APC_CODE_STATUS_CODE  , APC_CODE_STATUS_DESC  , APC_RELATIVE_WEIGHT_RATE  , LOAD_DATETIME ,  PRIMARY_SOURCE_SYSTEM) SELECT MD5($1) , MD5($2) , $3 , $4 , $5 , $6 , $7 , $8 , $9 FROM VALUES  ('99999' , '99999' , 'UNK' , 'UNKNOWN' , 'UNK' , 'UNKNOWN' , 0 , SYSDATE() , 'MANUAL ENTRY'); commit;"
DIM_AMBULATORY_PAYMENT_CLASSIFICATION2,"DELETE FROM   EDW_STAGING_DIM.DIM_AMBULATORY_PAYMENT_CLASSIFICATION   WHERE   APC_HKEY = MD5( '-1111' ); INSERT INTO EDW_STAGING_DIM.DIM_AMBULATORY_PAYMENT_CLASSIFICATION (APC_HKEY , UNIQUE_ID_KEY  , APC_CODE  , APC_DESC  , APC_CODE_STATUS_CODE  , APC_CODE_STATUS_DESC  , APC_RELATIVE_WEIGHT_RATE  , LOAD_DATETIME ,  PRIMARY_SOURCE_SYSTEM) SELECT MD5($1) , MD5($2) , $3 , $4 , $5 , $6 , $7 , $8 , $9 FROM VALUES  ('-1111' , '-1111' , 'INV' , 'INVALID' , 'INV' , 'INVALID' , 0 , SYSDATE() , 'MANUAL ENTRY'); commit;"
DIM_AMBULATORY_PAYMENT_CLASSIFICATION3,"DELETE FROM   EDW_STAGING_DIM.DIM_AMBULATORY_PAYMENT_CLASSIFICATION   WHERE   APC_HKEY = MD5( '-2222' ); INSERT INTO EDW_STAGING_DIM.DIM_AMBULATORY_PAYMENT_CLASSIFICATION (APC_HKEY , UNIQUE_ID_KEY  , APC_CODE  , APC_DESC  , APC_CODE_STATUS_CODE  , APC_CODE_STATUS_DESC  , APC_RELATIVE_WEIGHT_RATE  , LOAD_DATETIME ,  PRIMARY_SOURCE_SYSTEM) SELECT MD5($1) , MD5($2) , $3 , $4 , $5 , $6 , $7 , $8 , $9 FROM VALUES  ('-2222' , '-2222' , 'EXP' , 'EXPIRED' , 'EXP' , 'EXPIRED' , 0 , SYSDATE() , 'MANUAL ENTRY'); commit;"
DIM_BENEFIT_TYPE,"DELETE FROM   EDW_STAGING_DIM.DIM_BENEFIT_TYPE   WHERE   BENEFIT_TYPE_HKEY = MD5( '99999' ); INSERT INTO EDW_STAGING_DIM.DIM_BENEFIT_TYPE  (UNIQUE_ID_KEY, BENEFIT_TYPE_HKEY, BENEFIT_TYPE_CODE, JURISDICTION_TYPE_CODE, BENEFIT_REPORTING_TYPE_DESC, LOAD_DATETIME, PRIMARY_SOURCE_SYSTEM) SELECT MD5($1), MD5($2),$3,$4,$5,$6,$7 FROM VALUES ('99999', '99999', 'UNK' ,  'UNK', 'UNKNOWN', SYSDATE(), 'MANUAL ENTRY'); commit;"
DIM_BWC_CALC_DRG_OUTPUT,"DELETE FROM   EDW_STAGING_DIM.DIM_BWC_CALC_DRG_OUTPUT   WHERE   BWC_CALC_DRG_OUTPUT_HKEY = MD5( '99999' ); INSERT INTO  EDW_STAGING_DIM.DIM_BWC_CALC_DRG_OUTPUT ( BWC_CALC_DRG_OUTPUT_HKEY , UNIQUE_ID_KEY , DIAGNOSIS_RELATED_GROUP_TITLE , MAJOR_TITLE , MAJOR_CATEGORY , LOAD_DATETIME ,  PRIMARY_SOURCE_SYSTEM ) select MD5($1) , MD5($2) , $3 , $4 , $5 , $6 , $7 FROM VALUES ( '99999' , '99999' , 'UNKNOWN' , 'UNKNOWN' , 'UNKNOWN' , SYSDATE() , 'MANUAL ENTRY' ); commit;"
DIM_CASE_TYPE,"DELETE FROM   EDW_STAGING_DIM.DIM_CASE_TYPE   WHERE   CASE_TYPE_HKEY = MD5( '99999' ); INSERT INTO EDW_STAGING_DIM.DIM_CASE_TYPE (CASE_TYPE_HKEY,CONTEXT_TYPE_CODE,CASE_CATEGORY_TYPE_CODE,CASE_TYPE_CODE,CASE_PRIORITY_TYPE_CODE,CASE_RESOLUTION_TYPE_CODE,CONTEXT_TYPE_DESC,CASE_CATEGORY_TYPE_DESC,CASE_TYPE_DESC,CASE_PRIORITY_TYPE_DESC,CASE_RESOLUTION_TYPE_DESC,LOAD_DATETIME,PRIMARY_SOURCE_SYSTEM) SELECT MD5($1), $2, $3, $4, $5, $6, $7, $8,$9,$10,$11,$12,$13 FROM  VALUES ('99999', 'UNK', 'UNK', 'UNK', 'UNK', 'UNK', 'UNK',  'UNKNOWN', 'UNKNOWN', 'UNKNOWN', 'UNKNOWN',SYSDATE(), 'MANUAL ENTRY'); commit;"
DIM_CLAIM_ACCIDENT_DESCRIPTION,"DELETE FROM   EDW_STAGING_DIM.DIM_CLAIM_ACCIDENT_DESCRIPTION    WHERE   UNIQUE_ID_KEY = MD5( '99999' ); INSERT INTO EDW_STAGING_DIM.DIM_CLAIM_ACCIDENT_DESCRIPTION (UNIQUE_ID_KEY, CLAIM_ACCIDENT_DESC_HKEY, ACCIDENT_DESCRIPTION_TEXT, LOAD_DATETIME, PRIMARY_SOURCE_SYSTEM) SELECT MD5($1), MD5($2),$3,$4,$5 FROM VALUES ('99999', '99999', 'UNKNOWN', SYSDATE(), 'MANUAL ENTRY'); commit;"
DIM_CLAIM_DETAIL,"DELETE FROM   EDW_STAGING_DIM.DIM_CLAIM_DETAIL    WHERE   CLAIM_DETAIL_HKEY = MD5( '99999' ); INSERT INTO EDW_STAGING_DIM.DIM_CLAIM_DETAIL (CLAIM_DETAIL_HKEY,  UNIQUE_ID_KEY, NATURE_OF_INJURY_CATEGORY, NATURE_OF_INJURY_TYPE, FILING_SOURCE_DESC, FILING_MEDIA_DESC, LOAD_DATETIME, PRIMARY_SOURCE_SYSTEM) SELECT MD5($1), MD5($2), $3, $4, $5, $6, $7,$8 FROM VALUES ('99999', '99999', 'UNKNOWN', 'UNKNOWN', 'UNKNOWN', 'UNKNOWN', SYSDATE(), 'MANUAL ENTRY'); commit;"
DIM_CLAIM_ICD_STATUS_DETAIL,"DELETE FROM   EDW_STAGING_DIM.DIM_CLAIM_ICD_STATUS_DETAIL   WHERE   CLAIM_ICD_STATUS_DETAIL_HKEY = MD5( '99999' ); INSERT INTO EDW_STAGING_DIM.DIM_CLAIM_ICD_STATUS_DETAIL (CLAIM_ICD_STATUS_DETAIL_HKEY, UNIQUE_ID_KEY, ICD_STATUS_TYPE_CODE, ICD_LOCATION_TYPE_CODE, ICD_SITE_CODE, CLAIM_ICD_PRIMARY_IND, CURRENT_ICD_IND, ICD_STATUS_TYPE_DESC, ICD_SITE_DESC, LOAD_DATETIME, PRIMARY_SOURCE_SYSTEM) SELECT MD5($1), MD5($2),$3,$4,$5,$6,$7,$8,$9,$10,$11 FROM VALUES ('99999', '99999', 'UNK', 'UNK','UNK','U','U','UNKNOWN','UNKNOWN', SYSDATE(), 'MANUAL ENTRY'); commit;"
DIM_CLAIM_ICD_STATUS_TYPE,"DELETE FROM   EDW_STAGING_DIM.DIM_CLAIM_ICD_STATUS_TYPE   WHERE   CLAIM_ICD_STATUS_TYPE_HKEY = MD5( '99999' ); INSERT INTO EDW_STAGING_DIM.DIM_CLAIM_ICD_STATUS_TYPE (CLAIM_ICD_STATUS_TYPE_HKEY, UNIQUE_ID_KEY,  ICD_STATUS_TYPE_CODE, CLAIM_ICD_PRIMARY_IND, ICD_STATUS_TYPE_NAME, LOAD_DATETIME, PRIMARY_SOURCE_SYSTEM) SELECT MD5($1), MD5($2),$3,$4,$5,$6,$7 FROM VALUES ('99999', '99999', 'UNK', 'U', 'UNKNOWN', SYSDATE(), 'MANUAL ENTRY'); commit;"
DIM_CLAIM_INVESTIGATION,"DELETE FROM   EDW_STAGING_DIM.DIM_CLAIM_INVESTIGATION   WHERE   CLAIM_INVESTIGATION_HKEY = MD5( '99999' ); INSERT INTO EDW_STAGING_DIM.DIM_CLAIM_INVESTIGATION (CLAIM_INVESTIGATION_HKEY, UNIQUE_ID_KEY, CLAIM_ACP_STATUS_IND, ACP_MANUAL_INTERVENTION_IND, JURISDICTION_TYPE_CODE, LOAD_DATETIME, PRIMARY_SOURCE_SYSTEM) SELECT MD5($1), MD5($2), $3, $4, $5, $6, $7 FROM  VALUES ('99999', '99999', 'U',  'U', 'UNKNOWN', SYSDATE(), 'MANUAL ENTRY'); commit;"
DIM_CLAIM_PAYMENT_CATEGORY,"DELETE FROM   EDW_STAGING_DIM.DIM_CLAIM_PAYMENT_CATEGORY   WHERE   CLAIM_PAYMENT_CATEGORY_HKEY = MD5( '99999' ); INSERT INTO EDW_STAGING_DIM.DIM_CLAIM_PAYMENT_CATEGORY (CLAIM_PAYMENT_CATEGORY_HKEY, UNIQUE_ID_KEY, CLAIM_PAYMENT_CATEGORY_DESC, CLAIM_PAYMENT_CATEGORY_TYPE, LOAD_DATETIME, PRIMARY_SOURCE_SYSTEM) SELECT MD5($1),MD5($2),$3,$4,$5,$6 FROM VALUES ('99999','99999', 'UNKNOWN','UNKNOWN', SYSDATE(), 'MANUAL ENTRY'); commit;"
DIM_CLAIM_POLICY_ASSIGNMENT_DETAIL,"DELETE FROM   EDW_STAGING_DIM.DIM_CLAIM_POLICY_ASSIGNMENT_DETAIL   WHERE   CLAIM_POLICY_ASSIGNMENT_DETAIL_HKEY = MD5( '99999' ); INSERT INTO EDW_STAGING_DIM.DIM_CLAIM_POLICY_ASSIGNMENT_DETAIL (CLAIM_POLICY_ASSIGNMENT_DETAIL_HKEY , UNIQUE_ID_KEY, CURRENT_CLAIM_POLICY_IND, POLICY_TYPE_CODE, LOAD_DATETIME, PRIMARY_SOURCE_SYSTEM) SELECT MD5($1),MD5($2),$3,$4,$5,$6 FROM VALUES ('99999','99999', 'U','UNK', SYSDATE(), 'MANUAL ENTRY'); commit;"
DIM_CLAIM_STATUS1,"DELETE FROM   EDW_STAGING_DIM.DIM_CLAIM_STATUS   WHERE   CLAIM_STATUS_HKEY = MD5( '-1111' ); INSERT INTO EDW_STAGING_DIM.DIM_CLAIM_STATUS (CLAIM_STATUS_HKEY , UNIQUE_ID_KEY , CLAIM_STATE_CODE , CLAIM_STATUS_CODE , CLAIM_STATUS_REASON_CODE , CLAIM_STATE_DESC , CLAIM_STATUS_DESC , CLAIM_STATUS_REASON_DESC , LOAD_DATETIME , PRIMARY_SOURCE_SYSTEM) SELECT MD5($1) , MD5($2) , $3 , $4 , $5 , $6 , $7 , $8 , $9 , $10 FROM VALUES ('-1111' , '-1111' , 'INV' , 'INV' , 'INV' , 'INVALID' , 'INVALID' , 'INVALID' , SYSDATE() , 'MANUAL ENTRY'); commit;"
DIM_CLAIM_STATUS2,"DELETE FROM   EDW_STAGING_DIM.DIM_CLAIM_STATUS   WHERE   CLAIM_STATUS_HKEY = MD5( '99999' ); INSERT INTO EDW_STAGING_DIM.DIM_CLAIM_STATUS (CLAIM_STATUS_HKEY , UNIQUE_ID_KEY , CLAIM_STATE_CODE , CLAIM_STATUS_CODE , CLAIM_STATUS_REASON_CODE , CLAIM_STATE_DESC , CLAIM_STATUS_DESC , CLAIM_STATUS_REASON_DESC , LOAD_DATETIME , PRIMARY_SOURCE_SYSTEM) SELECT MD5($1) , MD5($2) , $3 , $4 , $5 , $6 , $7 , $8 , $9 , $10 FROM VALUES ('99999' , '99999' , 'UNK' , 'UNK' , 'UNK' , 'UNKNOWN' , 'UNKNOWN' , 'UNKNOWN' , SYSDATE() , 'MANUAL ENTRY'); commit;"
DIM_CLAIM_TYPE_STATUS1,"DELETE FROM   EDW_STAGING_DIM.DIM_CLAIM_TYPE_STATUS   WHERE   CLAIM_TYPE_STATUS_HKEY = MD5( '99999' ); INSERT INTO EDW_STAGING_DIM.DIM_CLAIM_TYPE_STATUS (CLAIM_TYPE_STATUS_HKEY, UNIQUE_ID_KEY, CLAIM_TYPE_CODE, CLAIM_STATE_CODE, CLAIM_STATUS_CODE, CLAIM_STATUS_REASON_CODE, CLAIM_TYPE_DESC, CLAIM_STATE_DESC, CLAIM_STATUS_DESC, CLAIM_STATUS_REASON_DESC, LOAD_DATETIME, PRIMARY_SOURCE_SYSTEM) SELECT MD5($1), MD5($2), $3, $4, $5, $6, $7, $8, $9, $10, $11, $12 FROM VALUES('99999', '99999', 'UNK', 'UNK', 'UNK', 'UNK', 'UNKNOWN', 'UNKNOWN', 'UNKNOWN', 'UNKNOWN',  SYSDATE(), 'MANUAL ENTRY'); commit;"
DIM_CLAIM_TYPE_STATUS2,"DELETE FROM   EDW_STAGING_DIM.DIM_CLAIM_TYPE_STATUS   WHERE   CLAIM_TYPE_STATUS_HKEY = MD5( 'MEDONLY-N---' ); INSERT INTO EDW_STAGING_DIM.DIM_CLAIM_TYPE_STATUS (CLAIM_TYPE_STATUS_HKEY, UNIQUE_ID_KEY, CLAIM_TYPE_CODE, CLAIM_TYPE_CHANGE_OVER_IND, CLAIM_STATE_CODE, CLAIM_STATUS_CODE, CLAIM_STATUS_REASON_CODE, CLAIM_TYPE_DESC, CLAIM_STATE_DESC, CLAIM_STATUS_DESC, CLAIM_STATUS_REASON_DESC, CLAIM_WEB_STATUS_CODE, CLAIM_WEB_STATUS_DESC, LOAD_DATETIME, PRIMARY_SOURCE_SYSTEM) SELECT MD5($1), MD5($2), $3, $4, $5, $6, $7, $8, $9, $10, $11, $12, $13, $14, $15 FROM VALUES('MEDONLY-N---','MEDONLY-N---', 'MEDONLY', 'N',  NULL, NULL, NULL, 'MEDICAL ONLY', NULL,  NULL,  NULL,  NULL,  NULL, SYSDATE(), 'MANUAL ENTRY'); commit;"
DIM_CLAIM_TYPE,"DELETE FROM   EDW_STAGING_DIM.DIM_CLAIM_TYPE   WHERE   CLAIM_TYPE_HKEY = MD5( '99999' ); INSERT INTO EDW_STAGING_DIM.DIM_CLAIM_TYPE  (UNIQUE_ID_KEY, CLAIM_TYPE_HKEY, CLAIM_TYPE_CODE, CLAIM_TYPE_DESC, LOAD_DATETIME, PRIMARY_SOURCE_SYSTEM) SELECT MD5($1), MD5($2),$3,$4,$5,$6 FROM VALUES ('99999', '99999', 'UNK', 'UNKNOWN', SYSDATE(), 'MANUAL ENTRY'); commit;"
DIM_CLAIM1,"DELETE FROM   EDW_STAGING_DIM.DIM_CLAIM   WHERE   CLAIM_HKEY = MD5( '99999' ); INSERT INTO EDW_STAGING_DIM.DIM_CLAIM (CLAIM_HKEY ,  UNIQUE_ID_KEY , CLAIM_NUMBER , CURRENT_CORESUITE_CLAIM_TYPE_CODE , CURRENT_CORESUITE_CLAIM_TYPE_DESC , ACCIDENT_DESCRIPTION_TEXT , LOAD_DATETIME , PRIMARY_SOURCE_SYSTEM) SELECT MD5($1) , MD5($2) , $3 , $4 , $5 , $6 , $7 , $8 FROM VALUES ('99999' , '99999' , 'UNKNOWN' , 'UNK' , 'UNKNOWN' , 'UNKNOWN' , SYSDATE() , 'MANUAL ENTRY'); commit;"
DIM_CLAIM2,"DELETE FROM   EDW_STAGING_DIM.DIM_CLAIM   WHERE   CLAIM_HKEY = MD5( '-1111' ); INSERT INTO EDW_STAGING_DIM.DIM_CLAIM (CLAIM_HKEY ,  UNIQUE_ID_KEY , CLAIM_NUMBER , CURRENT_CORESUITE_CLAIM_TYPE_CODE , CURRENT_CORESUITE_CLAIM_TYPE_DESC , ACCIDENT_DESCRIPTION_TEXT , LOAD_DATETIME , PRIMARY_SOURCE_SYSTEM) SELECT MD5($1) , MD5($2) , $3 , $4 , $5 , $6 , $7 , $8 FROM VALUES ('-1111' , '-1111' , 'INVALID' , 'UNK' , 'UNKNOWN' , 'INVALID CLAIM' , SYSDATE() , 'MANUAL ENTRY'); commit;"
DIM_COVERED_INDIVIDUAL_CUSTOMER,"DELETE FROM   EDW_STAGING_DIM.DIM_COVERED_INDIVIDUAL_CUSTOMER   WHERE   UNIQUE_ID_KEY = MD5( '99999' ); INSERT INTO EDW_STAGING_DIM.DIM_COVERED_INDIVIDUAL_CUSTOMER (UNIQUE_ID_KEY, COVERED_INDIVIDUAL_CUSTOMER_HKEY, COVERED_INDIVIDUAL_CUSTOMER_NUMBER, COVERED_INDIVIDUAL_NAME, LOAD_DATETIME, PRIMARY_SOURCE_SYSTEM) SELECT MD5($1), MD5($2), $3, $4, $5, $6 FROM VALUES ('99999', '99999', '99999', 'UNKNOWN', SYSDATE(), 'MANUAL ENTRY'); commit;"
DIM_COVERED_INDIVIDUAL_CUSTOMER,"DELETE FROM   EDW_STAGING_DIM.DIM_COVERED_INDIVIDUAL_CUSTOMER   WHERE   UNIQUE_ID_KEY = MD5( '88888' ); INSERT INTO EDW_STAGING_DIM.DIM_COVERED_INDIVIDUAL_CUSTOMER (UNIQUE_ID_KEY, COVERED_INDIVIDUAL_CUSTOMER_HKEY, COVERED_INDIVIDUAL_CUSTOMER_NUMBER, COVERED_INDIVIDUAL_NAME, LOAD_DATETIME, PRIMARY_SOURCE_SYSTEM) SELECT MD5($1), MD5($2), $3, $4, $5, $6 FROM VALUES ('88888', '88888', '88888', 'EMPLOYEES', SYSDATE(), 'MANUAL ENTRY'); commit;"
DIM_CPT1,"DELETE FROM   EDW_STAGING_DIM.DIM_CPT   WHERE   CPT_HKEY = MD5( '99999' ); INSERT INTO EDW_STAGING_DIM.DIM_CPT (CPT_HKEY, UNIQUE_ID_KEY, PROCEDURE_CODE, PROCEDURE_DESC, PROCEDURE_SERVICE_TYPE_DESC, CPT_PAYMENT_SUBCATEGORY, CPT_PAYMENT_CATEGORY, CPT_FEE_SCHEDULE_DESC, LOAD_DATETIME,CURRENT_RECORD_IND, RECORD_EFFECTIVE_DATE, PRIMARY_SOURCE_SYSTEM) SELECT MD5($1), MD5($2), $3, $4, $5, $6, $7, $8, $9, $10,$11,$12 FROM  VALUES ('99999', '99999', 'UNK', 'UNKNOWN',  'UNKNOWN', 'UNKNOWN', 'UNKNOWN', 'UNKNOWN', SYSDATE(), 'Y' ,'1901-01-01', 'MANUAL ENTRY'); commit;"
DIM_CPT2,"DELETE FROM   EDW_STAGING_DIM.DIM_CPT   WHERE   CPT_HKEY = MD5( '-2222' ); INSERT INTO EDW_STAGING_DIM.DIM_CPT (CPT_HKEY, PROCEDURE_CODE, PROCEDURE_DESC, PROCEDURE_SERVICE_TYPE_DESC, CPT_PAYMENT_SUBCATEGORY, CPT_PAYMENT_CATEGORY, CPT_FEE_SCHEDULE_DESC, LOAD_DATETIME,CURRENT_RECORD_IND, RECORD_EFFECTIVE_DATE, PRIMARY_SOURCE_SYSTEM) SELECT MD5($1), $2, $3, $4, $5, $6, $7, $8, $9, $10, $11 FROM  VALUES ('-2222', 'EXP', 'EXPIRED', 'EXPIRED', 'EXPIRED', 'EXPIRED', 'EXPIRED', SYSDATE(), 'Y' ,'1901-01-01', 'MANUAL ENTRY'); commit;"
DIM_CPT3,"DELETE FROM   EDW_STAGING_DIM.DIM_CPT   WHERE   CPT_HKEY = MD5( '-1111' ); INSERT INTO EDW_STAGING_DIM.DIM_CPT (CPT_HKEY, PROCEDURE_CODE, PROCEDURE_DESC, PROCEDURE_SERVICE_TYPE_DESC, CPT_PAYMENT_SUBCATEGORY,CPT_PAYMENT_CATEGORY, CPT_FEE_SCHEDULE_DESC, LOAD_DATETIME,CURRENT_RECORD_IND, RECORD_EFFECTIVE_DATE, PRIMARY_SOURCE_SYSTEM) SELECT MD5($1), $2, $3, $4, $5, $6, $7, $8, $9 , $10, $11 FROM  VALUES ('-1111', 'INV', 'INVALID',  'INVALID', 'INVALID', 'INVALID', 'INVALID', SYSDATE(), 'Y' ,'1901-01-01', 'MANUAL ENTRY'); commit;"
DIM_CUSTOMER,"DELETE FROM   EDW_STAGING_DIM.DIM_CUSTOMER   WHERE   CUSTOMER_HKEY = MD5( '99999' ); INSERT INTO EDW_STAGING_DIM.DIM_CUSTOMER (CUSTOMER_HKEY,CUSTOMER_NUMBER, CUSTOMER_NAME, LOAD_DATETIME,CURRENT_RECORD_IND, RECORD_EFFECTIVE_DATE, PRIMARY_SOURCE_SYSTEM) SELECT MD5($1), $2, $3, $4, $5, $6, $7 FROM  VALUES ('99999','99999', 'UNKNOWN',  SYSDATE(), 'Y' ,'1901-01-01', 'MANUAL ENTRY'); commit;"
DIM_DATE1,"DELETE FROM   EDW_STAGING_DIM.DIM_DATE   WHERE   DATE_KEY = -1 ; INSERT INTO EDW_STAGING_DIM.DIM_DATE (DATE_KEY, DATE_DESC,LOAD_DATETIME, PRIMARY_SOURCE_SYSTEM) VALUES (-1, 'DATE UNKNOWN', SYSDATE(), 'MANUAL ENTRY'); commit;"
DIM_DATE2,"DELETE FROM   EDW_STAGING_DIM.DIM_DATE   WHERE   DATE_KEY = -2 ; INSERT INTO EDW_STAGING_DIM.DIM_DATE (DATE_KEY, DATE_DESC,LOAD_DATETIME, PRIMARY_SOURCE_SYSTEM) VALUES (-2, 'DATE PRIOR TO JANUARY 01,1901', SYSDATE(), 'MANUAL ENTRY'); commit;"
DIM_DATE3,"DELETE FROM   EDW_STAGING_DIM.DIM_DATE   WHERE   DATE_KEY = -3 ; INSERT INTO EDW_STAGING_DIM.DIM_DATE (DATE_KEY, DATE_DESC,LOAD_DATETIME, PRIMARY_SOURCE_SYSTEM) VALUES (-3, 'DATE AFTER DECEMBER 31, 2099', SYSDATE(), 'MANUAL ENTRY'); commit;"
DIM_DIAGNOSIS_RELATED_GROUP1,"DELETE FROM  EDW_STAGING_DIM.DIM_DIAGNOSIS_RELATED_GROUP   WHERE   DRG_HKEY = MD5( '99999' ); INSERT INTO EDW_STAGING_DIM.DIM_DIAGNOSIS_RELATED_GROUP ( DRG_HKEY, UNIQUE_ID_KEY, DIAGNOSIS_RELATED_GROUP_CODE, PA_TYPE_DESC, DRG_TYPE_DESC, REVIEW_IND, DIAGNOSIS_RELATED_GROUP_TITLE, DRG_EFFECTIVE_DATE, DRG_EXPIRATION_DATE, LOAD_DATETIME, PRIMARY_SOURCE_SYSTEM )SELECT MD5($1), MD5($2),$3,$4,$5,$6,$7,$8,$9,$10,$11 FROM VALUES ('99999', '99999', 'UNK', 'UNKNOWN', 'UNKNOWN', 'U', 'UNKNOWN', '01/01/1901', '12/31/2999', SYSDATE(), 'MANUAL ENTRY' ); commit;"
DIM_DIAGNOSIS_RELATED_GROUP2,"DELETE FROM   EDW_STAGING_DIM.DIM_DIAGNOSIS_RELATED_GROUP   WHERE   DRG_HKEY = MD5( '-1111' ); INSERT INTO EDW_STAGING_DIM.DIM_DIAGNOSIS_RELATED_GROUP ( DRG_HKEY, UNIQUE_ID_KEY, DIAGNOSIS_RELATED_GROUP_CODE, PA_TYPE_DESC, DRG_TYPE_DESC, REVIEW_IND, DIAGNOSIS_RELATED_GROUP_TITLE, DRG_EFFECTIVE_DATE, DRG_EXPIRATION_DATE, LOAD_DATETIME, UPDATE_DATETIME, PRIMARY_SOURCE_SYSTEM ) SELECT MD5($1), MD5($2),$3,$4,$5,$6,$7,$8,$9,$10,$11,$12 FROM VALUES ('-1111', '-1111', 'INV', 'INVALID', 'INVALID', 'I', 'INVALID', '01/01/1901', '12/31/2999', SYSDATE(), NULL, 'MANUAL ENTRY' ); commit;"
DIM_DIAGNOSIS_RELATED_GROUP3,"DELETE FROM   EDW_STAGING_DIM.DIM_DIAGNOSIS_RELATED_GROUP   WHERE   DRG_HKEY = MD5( '-2222' ); INSERT INTO EDW_STAGING_DIM.DIM_DIAGNOSIS_RELATED_GROUP ( DRG_HKEY, UNIQUE_ID_KEY, DIAGNOSIS_RELATED_GROUP_CODE, PA_TYPE_DESC, DRG_TYPE_DESC, REVIEW_IND, DIAGNOSIS_RELATED_GROUP_TITLE, DRG_EFFECTIVE_DATE, DRG_EXPIRATION_DATE, LOAD_DATETIME, UPDATE_DATETIME, PRIMARY_SOURCE_SYSTEM ) SELECT MD5($1), MD5($2),$3,$4,$5,$6,$7,$8,$9,$10,$11,$12 FROM VALUES ('-2222', '-2222', 'EXP', 'EXPIRED', 'EXPIRED', 'E', 'EXPIRED', '01/01/1901', '12/31/2999', SYSDATE(), NULL, 'MANUAL ENTRY' ); commit;"
DIM_DISABILITY_TYPE,"DELETE FROM   EDW_STAGING_DIM.DIM_DISABILITY_TYPE   WHERE   DISABILITY_TYPE_HKEY = MD5( '99999' ); INSERT INTO EDW_STAGING_DIM.DIM_DISABILITY_TYPE  (DISABILITY_TYPE_HKEY, UNIQUE_ID_KEY, DISABILITY_TYPE_CODE, DISABILITY_REASON_TYPE_CODE, DISABILITY_MEDICAL_STATUS_TYPE_CODE, DISABILITY_WORK_STATUS_TYPE_CODE, LOAD_DATETIME, PRIMARY_SOURCE_SYSTEM) SELECT MD5($1), MD5($2),$3,$4,$5,$6,$7,$8 FROM VALUES ('99999', '99999', 'UNKNOWN', 'UNKNOWN', 'UNKNOWN' , 'UNKNOWN',SYSDATE(), 'MANUAL ENTRY'); commit;"
DIM_DOCUMENT_DETAIL,"DELETE FROM   EDW_STAGING_DIM.DIM_DOCUMENT_TYPE   WHERE   UNIQUE_ID_KEY = MD5( '99999' ); INSERT INTO EDW_STAGING_DIM.DIM_DOCUMENT_DETAIL (UNIQUE_ID_KEY, DOCUMENT_DETAIL_HKEY, DOCUMENT_SYSTEM_GENERATED_IND, DOCUMENT_TYPE_VERSION_DUPLICATE_IND, DOCUMENT_TYPE_VERSION_SYSTEM_GENERATED_IND, DOCUMENT_TYPE_VERSION_SYSTEM_GENERATED_ONLY_IND, DOCUMENT_TYPE_VERSION_CANCEL_POLICY_IND, DOCUMENT_TYPE_VERSION_PRE_PRINT_ENCLOSURE_IND, DOCUMENT_BATCH_PRINT_IND, DOCUMENT_USER_CAN_DELETE_IND, DOCUMENT_MULTIPLE_RENDERED_VERSION_IND, DOCUMENT_PRINT_DUPLEX_IND, DOCUMENT_STATE_CODE, DOCUMENT_STATUS_CODE, LOAD_DATETIME, PRIMARY_SOURCE_SYSTEM) SELECT MD5($1), MD5($2),$3,$4,$5,$6,$7,$8,$9,$10,$11,$12,$13,$14,$15,$16 FROM VALUES ('99999', '99999', 'UNK', 'UNK', 'U', 'U', 'U', 'U', 'U', 'U', 'U', 'U', 'U', 'U', SYSDATE(), 'MANUAL ENTRY'); commit;"
DIM_DOCUMENT_TYPE,"DELETE FROM   EDW_STAGING_DIM.DIM_DOCUMENT_TYPE   WHERE   UNIQUE_ID_KEY = MD5( '99999' ); INSERT INTO EDW_STAGING_DIM.DIM_DOCUMENT_TYPE (UNIQUE_ID_KEY, DOCUMENT_TYPE_HKEY, DOCUMENT_TYPE_REFERENCE_NUMBER, DOCUMENT_TYPE_NAME, CURRENT_RECORD_IND,LOAD_DATETIME, PRIMARY_SOURCE_SYSTEM) SELECT MD5($1), MD5($2),$3,$4,$5,$6,$7 FROM VALUES ('99999', '99999', '99999', 'UNKNOWN',  'Y',SYSDATE(), 'MANUAL ENTRY'); commit;"
DIM_DRUG_PRICING_TYPE,"DELETE FROM   EDW_STAGING_DIM.DIM_DRUG_PRICING_TYPE    WHERE   PRICING_TYPE_HKEY = MD5( '99999' ); INSERT INTO EDW_STAGING_DIM.DIM_DRUG_PRICING_TYPE  (PRICING_TYPE_HKEY , UNIQUE_ID_KEY , PRICE_TYPE_CODE , PRICE_TYPE_DESC ,  LOAD_DATETIME , PRIMARY_SOURCE_SYSTEM) SELECT MD5($1) , MD5($2) , $3 , $4 , $5 , $6 FROM VALUES ('99999' , '99999' , 'UNK' , 'UNKNOWN' , SYSDATE() , 'MANUAL ENTRY'); commit;"
DIM_EDIT_EOB_ENTRY,"DELETE FROM   EDW_STAGING_DIM.DIM_EDIT_EOB_ENTRY   WHERE   EDIT_EOB_ENTRY_HKEY = MD5( '99999' ); INSERT INTO EDW_STAGING_DIM.DIM_EDIT_EOB_ENTRY (EDIT_EOB_ENTRY_HKEY, UNIQUE_ID_KEY, SOURCE_CODE,  DISPOSITION_CODE, SOURCE_NAME, DISPOSITION_DESC, LOAD_DATETIME, PRIMARY_SOURCE_SYSTEM) SELECT MD5($1), MD5($2), $3, $4, $5, $6, $7, $8 FROM  VALUES ('99999', '99999', 'UNKNOWN',  'UNK', 'UNKNOWN', 'UNKNOWN', SYSDATE(), 'MANUAL ENTRY'); commit;"
DIM_EDIT1,"DELETE FROM   EDW_STAGING_DIM.DIM_EDIT    WHERE   EDIT_HKEY = MD5( '99999' ); INSERT INTO EDW_STAGING_DIM.DIM_EDIT (EDIT_HKEY, UNIQUE_ID_KEY, EDIT_CODE, EDIT_SHORT_DESCRIPTION,EDIT_LONG_DESCRIPTION, EDIT_CATEGORY_CODE,EDIT_CATEGORY_DESCRIPTION,APPLIED_BY_DESCRIPTION ,LOAD_DATETIME,CURRENT_RECORD_IND ,RECORD_EFFECTIVE_DATE, PRIMARY_SOURCE_SYSTEM) SELECT MD5($1), MD5($2), $3, $4, $5, $6, $7, $8, $9, $10,$11,$12 FROM  VALUES ('99999', '99999', 'UNK',  'UNKNOWN', 'UNKNOWN', 'UNK', 'UNKNOWN', 'UNKNOWN', SYSDATE(), 'Y' ,'1901-01-01', 'MANUAL ENTRY'); commit;"
DIM_EDIT2,"DELETE FROM   EDW_STAGING_DIM.DIM_EDIT    WHERE   EDIT_HKEY = MD5( '88888'); INSERT INTO EDW_STAGING_DIM.DIM_EDIT (EDIT_HKEY, UNIQUE_ID_KEY, EDIT_CODE, EDIT_SHORT_DESCRIPTION,EDIT_LONG_DESCRIPTION, EDIT_CATEGORY_CODE,EDIT_CATEGORY_DESCRIPTION,APPLIED_BY_DESCRIPTION ,LOAD_DATETIME,CURRENT_RECORD_IND ,RECORD_EFFECTIVE_DATE, PRIMARY_SOURCE_SYSTEM) SELECT MD5($1), MD5($2), $3, $4, $5, $6, $7, $8, $9, $10,$11,$12 FROM  VALUES ('88888', '88888', 'N/E',  'NO ENTRY', 'NO ENTRY', 'N/E', 'NO ENTRY', 'NO ENTRY', SYSDATE(), 'Y' ,'1901-01-01', 'MANUAL ENTRY'); commit;"
DIM_EDIT3,"DELETE FROM   EDW_STAGING_DIM.DIM_EDIT    WHERE   EDIT_HKEY = MD5( '-2222'); INSERT INTO EDW_STAGING_DIM.DIM_EDIT (EDIT_HKEY, UNIQUE_ID_KEY, EDIT_CODE, EDIT_SHORT_DESCRIPTION,EDIT_LONG_DESCRIPTION, EDIT_CATEGORY_CODE, EDIT_CATEGORY_DESCRIPTION,APPLIED_BY_DESCRIPTION ,LOAD_DATETIME,CURRENT_RECORD_IND,RECORD_EFFECTIVE_DATE, PRIMARY_SOURCE_SYSTEM) SELECT MD5($1), MD5($2), $3, $4, $5,$6, $7, $8, $9, $10,$11,$12 FROM  VALUES ('-2222', '-2222', 'OODR',  'OUTSIDE OF DATE RANGE','OUTSIDE OF DATE RANGE', 'OODR', 'OUTSIDE OF DATE RANGE','OUTSIDE OF DATE RANGE', SYSDATE(), 'Y' ,'1901-01-01', 'MANUAL ENTRY'); commit;"
DIM_EMPLOYER1,"DELETE FROM   EDW_STAGING_DIM.DIM_EMPLOYER    WHERE   EMPLOYER_HKEY = MD5( '99999'); INSERT INTO EDW_STAGING_DIM.DIM_EMPLOYER  (UNIQUE_ID_KEY, EMPLOYER_HKEY, CUSTOMER_NUMBER, BUSINESS_NAME, CURRENT_RECORD_IND, RECORD_EFFECTIVE_DATE, LOAD_DATETIME, PRIMARY_SOURCE_SYSTEM) SELECT MD5($1), MD5($2),$3,$4,$5,$6,$7,$8 FROM VALUES ('99999', '99999', '99999', 'UNKNOWN',  'Y', '1901-01-01' ,SYSDATE(), 'MANUAL ENTRY'); commit;"
DIM_EMPLOYER2,"DELETE FROM   EDW_STAGING_DIM.DIM_EMPLOYER    WHERE   EMPLOYER_HKEY = MD5( '-1111'); INSERT INTO EDW_STAGING_DIM.DIM_EMPLOYER  (UNIQUE_ID_KEY, EMPLOYER_HKEY, CUSTOMER_NUMBER, BUSINESS_NAME, CURRENT_RECORD_IND, RECORD_EFFECTIVE_DATE, LOAD_DATETIME, PRIMARY_SOURCE_SYSTEM) SELECT MD5($1), MD5($2),$3,$4,$5,$6,$7,$8 FROM VALUES ('-1111', '-1111', '-1111', 'INVALID',  'Y', '1901-01-01' ,SYSDATE(), 'MANUAL ENTRY'); commit;"
DIM_EMPLOYER3,"DELETE FROM   EDW_STAGING_DIM.DIM_EMPLOYER    WHERE   EMPLOYER_HKEY = MD5( '-2222'); INSERT INTO EDW_STAGING_DIM.DIM_EMPLOYER  (UNIQUE_ID_KEY, EMPLOYER_HKEY, CUSTOMER_NUMBER, BUSINESS_NAME, CURRENT_RECORD_IND, RECORD_EFFECTIVE_DATE, LOAD_DATETIME, PRIMARY_SOURCE_SYSTEM) SELECT MD5($1), MD5($2),$3,$4,$5,$6,$7,$8 FROM VALUES ('-2222', '-2222', '-2222', 'OUT_OF_RANGE',  'Y', '1901-01-01' ,SYSDATE(), 'MANUAL ENTRY'); commit;"
DIM_EOB1,"DELETE FROM   EDW_STAGING_DIM.DIM_EOB    WHERE   EOB_HKEY = MD5( '99999' ); INSERT INTO EDW_STAGING_DIM.DIM_EOB (EOB_HKEY, UNIQUE_ID_KEY, EOB_CODE, EOB_SHORT_DESCRIPTION,EOB_LONG_DESCRIPTION, EOB_CATEGORY_CODE, EOB_CATEGORY_DESCRIPTION,APPLIED_DESC ,LOAD_DATETIME,CURRENT_RECORD_IND,RECORD_EFFECTIVE_DATE, PRIMARY_SOURCE_SYSTEM) SELECT MD5($1), MD5($2), $3, $4, $5, $6, $7, $8, $9, $10,$11,$12 FROM  VALUES ('99999', '99999', 'UNK', 'UNKNOWN', 'UNKNOWN', 'UNK', 'UNKNOWN', 'UNKNOWN', SYSDATE(), 'Y' ,'1901-01-01', 'MANUAL ENTRY'); commit;"
DIM_EOB2,"DELETE FROM   EDW_STAGING_DIM.DIM_EOB    WHERE   EOB_HKEY = MD5( '88888' ); INSERT INTO EDW_STAGING_DIM.DIM_EOB (EOB_HKEY, UNIQUE_ID_KEY, EOB_CODE, EOB_SHORT_DESCRIPTION,EOB_LONG_DESCRIPTION, EOB_CATEGORY_CODE, EOB_CATEGORY_DESCRIPTION,APPLIED_DESC ,LOAD_DATETIME,CURRENT_RECORD_IND, RECORD_EFFECTIVE_DATE, PRIMARY_SOURCE_SYSTEM) SELECT MD5($1), MD5($2), $3, $4, $5, $6, $7, $8, $9, $10,$11,$12 FROM  VALUES ('88888', '88888', 'N/E', 'NO ENTRY', 'NO ENTRY', 'N/E', 'NO ENTRY', 'NO ENTRY', SYSDATE(), 'Y' ,'1901-01-01', 'MANUAL ENTRY'); commit;"
DIM_EOB3,"DELETE FROM   EDW_STAGING_DIM.DIM_EOB    WHERE   EOB_HKEY = MD5( '-2222' ); INSERT INTO EDW_STAGING_DIM.DIM_EOB (EOB_HKEY, UNIQUE_ID_KEY, EOB_CODE, EOB_SHORT_DESCRIPTION,EOB_LONG_DESCRIPTION, EOB_CATEGORY_CODE, EOB_CATEGORY_DESCRIPTION,APPLIED_DESC ,LOAD_DATETIME,CURRENT_RECORD_IND,RECORD_EFFECTIVE_DATE, PRIMARY_SOURCE_SYSTEM) SELECT MD5($1), MD5($2), $3, $4, $5, $6, $7, $8, $9, $10,$11,$12 FROM  VALUES ('-2222', '-2222', 'OODR', 'OUTSIDE OF DATE RANGE', 'OUTSIDE OF DATE RANGE', 'OODR', 'OUTSIDE OF DATE RANGE', 'OUTSIDE OF DATE RANGE', SYSDATE(), 'Y' ,'1901-01-01', 'MANUAL ENTRY'); commit;"
DIM_EXAM_SCHEDULE,"DELETE FROM   EDW_STAGING_DIM.DIM_EXAM_SCHEDULE    WHERE   EXAM_SCHEDULE_HKEY = MD5( '99999' ); INSERT INTO EDW_STAGING_DIM.DIM_EXAM_SCHEDULE  (UNIQUE_ID_KEY, EXAM_SCHEDULE_HKEY, MONDAY_AVAILABILITY_IND,TUESDAY_AVAILABILITY_IND,WEDNESDAY_AVAILABILITY_IND,THURSDAY_AVAILABILITY_IND,FRIDAY_AVAILABILITY_IND,SATURDAY_AVAILABILITY_IND,SUNDAY_AVAILABILITY_IND,INTERPRETER_NEEDED_IND,GREATER_THAN_45_MILES_IND,TRAVEL_REIMBURSEMENT_IND,ADDITIONAL_TESTING_IND,ADDENDUM_REQUESTED_IND,RESULT_SUSPENDED_IND, LOAD_DATETIME, PRIMARY_SOURCE_SYSTEM)SELECT MD5($1),MD5($2),$3,$4,$5,$6,$7,$8,$9,$10,$11,$12,$13,$14,$15,$16,$17 FROM VALUES ('99999','99999','U','U','U','U','U','U','U','U','U','U','U','U','U',SYSDATE(),'MANUAL ENTRY'); commit;"
DIM_EXAM_CASE_DETAIL,"DELETE FROM   EDW_STAGING_DIM.DIM_EXAM_CASE_DETAIL    WHERE   EXAM_CASE_DETAIL_HKEY = MD5( '99999' ); INSERT INTO EDW_STAGING_DIM.DIM_EXAM_CASE_DETAIL  (UNIQUE_ID_KEY, EXAM_CASE_DETAIL_HKEY, EXAM_REQUEST_TYPE_CODE, PRIMARY_PROVIDER_SPECIALTY_TYPE_CODE, SECONDARY_PROVIDER_SPECIALTY_TYPE_CODE, ADDENDUM_REQUEST_TYPE_CODE, LANGUAGE_TYPE_CODE, EXAM_REQUEST_TYPE_DESC, PRIMARY_PROVIDER_SPEIALTY_TYPE_DESC, SECONDARY_PROVIDER_SPEIALTY_TYPE_DESC, ADDENDUM_REQUEST_TYPE_DESC, LANGUAGE_TYPE_DESC, LOAD_DATETIME, PRIMARY_SOURCE_SYSTEM) SELECT MD5($1), MD5($2),$3,$4,$5,$6,$7,$8,$9,$10,$11,$12,$13,$14 FROM VALUES ('99999', '99999', 'UNK', 'UNK', 'UNK', 'UNK', 'UNK','UNKNOWN','UNKNOWN','UNKNOWN','UNKNOWN','UNKNOWN',SYSDATE(), 'MANUAL ENTRY'); commit;"
DIM_FINANCIAL_TRANSACTION_STATUS1,"DELETE FROM   EDW_STAGING_DIM.DIM_FINANCIAL_TRANSACTION_STATUS    WHERE   FINANCIAL_TRANSACTION_STATUS_HKEY = MD5( '99999' ); INSERT INTO EDW_STAGING_DIM.DIM_FINANCIAL_TRANSACTION_STATUS  (FINANCIAL_TRANSACTION_STATUS_HKEY, UNIQUE_ID_KEY, FINANCIAL_TRANSACTION_STATUS_CODE, FINANCIAL_TRANSACTION_STATUS_DESC, LOAD_DATETIME, PRIMARY_SOURCE_SYSTEM) SELECT MD5($1), MD5($2),$3,$4,$5,$6 FROM  VALUES ('99999', '99999', 'UNKNOWN', 'UNKNOWN', SYSDATE(), 'MANUAL ENTRY'); commit;"
DIM_FINANCIAL_TRANSACTION_STATUS2,"DELETE FROM   EDW_STAGING_DIM.DIM_FINANCIAL_TRANSACTION_STATUS    WHERE   FINANCIAL_TRANSACTION_STATUS_HKEY = MD5( '88888' ); INSERT INTO EDW_STAGING_DIM.DIM_FINANCIAL_TRANSACTION_STATUS  (FINANCIAL_TRANSACTION_STATUS_HKEY, UNIQUE_ID_KEY, FINANCIAL_TRANSACTION_STATUS_CODE, FINANCIAL_TRANSACTION_STATUS_DESC, LOAD_DATETIME, PRIMARY_SOURCE_SYSTEM) SELECT MD5($1), MD5($2),$3,$4,$5,$6 FROM  VALUES ('N/A', 'N/A', 'N/A', 'N/A', SYSDATE(), 'MANUAL ENTRY'); commit;"
DIM_FINANCIAL_TRANSACTION_TYPE,"DELETE FROM   EDW_STAGING_DIM.DIM_FINANCIAL_TRANSACTION_TYPE   WHERE   FINANCIAL_TRANSACTION_TYPE_HKEY = MD5( '99999' ); INSERT INTO EDW_STAGING_DIM.DIM_FINANCIAL_TRANSACTION_TYPE  (UNIQUE_ID_KEY, FINANCIAL_TRANSACTION_TYPE_HKEY, FINANCIAL_TRANSACTION_TYPE_ID, FINANCIAL_TRANSACTION_TYPE_CODE, FINANCIAL_TRANSACTION_TYPE_DESC, AGREEMENT_TYPE_DESC, LOAD_DATETIME, PRIMARY_SOURCE_SYSTEM) SELECT MD5($1), MD5($2),$3,$4,$5,$6,$7,$8 FROM VALUES ('99999', '99999', -1, 'UNKNOWN', 'UNKNOWN', 'UNKNOWN', SYSDATE(), 'MANUAL ENTRY'); commit;"
DIM_HEALTHCARE_AUTHORIZATION_STATUS,"DELETE FROM   EDW_STAGING_DIM.DIM_HEALTHCARE_AUTHORIZATION_STATUS   WHERE   HEALTHCARE_AUTHORIZATION_STATUS_HKEY = MD5( '99999' ); INSERT INTO EDW_STAGING_DIM.DIM_HEALTHCARE_AUTHORIZATION_STATUS (HEALTHCARE_AUTHORIZATION_STATUS_HKEY, UNIQUE_ID_KEY, AUTHORIZATION_STATUS_CODE, AUTHORIZATION_SERVICE_TYPE_CODE, AUTHORIZATION_STATUS_DESC, AUTHORIZATION_SERVICE_TYPE_DESC, LOAD_DATETIME, PRIMARY_SOURCE_SYSTEM) SELECT MD5($1), MD5($2), $3, $4, $5, $6, $7, $8 FROM  VALUES ('99999', '99999', 'UNK', 'UNK',  'UNKNOWN', 'UNKNOWN', SYSDATE(), 'MANUAL ENTRY'); commit;"
DIM_HEALTHCARE_SERVICE1,"DELETE FROM   EDW_STAGING_DIM.DIM_HEALTHCARE_SERVICE   WHERE   HEALTHCARE_SERVICE_HKEY = MD5( '99999' ); INSERT INTO EDW_STAGING_DIM.DIM_HEALTHCARE_SERVICE (HEALTHCARE_SERVICE_HKEY , UNIQUE_ID_KEY , CODE , CODE_DESC , PAYMENT_CATEGORY , FEE_SCHEDULE_DESC , LOAD_DATETIME , CURRENT_RECORD_IND , RECORD_EFFECTIVE_DATE , PRIMARY_SOURCE_SYSTEM) SELECT MD5($1), MD5($2), $3, $4, $5, $6, $7, $8, $9, $10 FROM  VALUES ('99999' , '99999' , 'UNK' , 'UNKNOWN' ,  'UNKNOWN' , 'UNKNOWN' , SYSDATE() , 'Y' , '1901-01-01' , 'MANUAL ENTRY'); commit;"
DIM_HEALTHCARE_SERVICE2,"DELETE FROM   EDW_STAGING_DIM.DIM_HEALTHCARE_SERVICE   WHERE   HEALTHCARE_SERVICE_HKEY = MD5( '-1111' ); INSERT INTO EDW_STAGING_DIM.DIM_HEALTHCARE_SERVICE (HEALTHCARE_SERVICE_HKEY , UNIQUE_ID_KEY , CODE , CODE_DESC , PAYMENT_CATEGORY , FEE_SCHEDULE_DESC , LOAD_DATETIME , CURRENT_RECORD_IND , RECORD_EFFECTIVE_DATE , PRIMARY_SOURCE_SYSTEM) SELECT MD5($1), MD5($2), $3, $4, $5, $6, $7, $8, $9, $10 FROM  VALUES ('-1111','-1111','INV', 'INVALID',  'INVALID', 'INVALID', SYSDATE(), 'Y' ,'1901-01-01', 'MANUAL ENTRY'); commit;"
DIM_HOSPITAL_ICD_PROCEDURE1,"DELETE FROM EDW_STAGING_DIM.DIM_HOSPITAL_ICD_PROCEDURE WHERE ICD_PROCEDURE_HKEY = MD5( '99999' ); INSERT INTO EDW_STAGING_DIM.DIM_HOSPITAL_ICD_PROCEDURE(ICD_PROCEDURE_HKEY, UNIQUE_ID_KEY, ICD_PROCEDURE_CODE, ICD_DESC, GENDER_SPECIFIC_CODE, CURRENT_RECORD_IND, RECORD_EFFECTIVE_DATE, LOAD_DATETIME, PRIMARY_SOURCE_SYSTEM) SELECT MD5($1), MD5($2), $3, $4, $5, $6, $7,$8,$9 FROM VALUES ('99999', '99999', 'UNK', 'UNK','UNKNOWN','Y', '1901-01-01', SYSDATE(), 'MANUAL ENTRY'); commit;"
DIM_HOSPITAL_ICD_PROCEDURE2,"DELETE FROM EDW_STAGING_DIM.DIM_HOSPITAL_ICD_PROCEDURE WHERE ICD_PROCEDURE_HKEY = MD5( '-1111' ); INSERT INTO EDW_STAGING_DIM.DIM_HOSPITAL_ICD_PROCEDURE(ICD_PROCEDURE_HKEY, UNIQUE_ID_KEY, ICD_PROCEDURE_CODE, ICD_DESC, GENDER_SPECIFIC_CODE, CURRENT_RECORD_IND, RECORD_EFFECTIVE_DATE, LOAD_DATETIME, PRIMARY_SOURCE_SYSTEM) SELECT MD5($1), MD5($2), $3, $4, $5, $6, $7,$8,$9 FROM VALUES ('-1111', '-1111', 'INV', 'INV','INVALID','Y', '1901-01-01', SYSDATE(), 'MANUAL ENTRY'); commit;"
DIM_HOSPITAL_ICD_PROCEDURE3,"DELETE FROM EDW_STAGING_DIM.DIM_HOSPITAL_ICD_PROCEDURE WHERE ICD_PROCEDURE_HKEY = MD5( '-2222' ); INSERT INTO EDW_STAGING_DIM.DIM_HOSPITAL_ICD_PROCEDURE(ICD_PROCEDURE_HKEY, UNIQUE_ID_KEY, ICD_PROCEDURE_CODE, ICD_DESC, GENDER_SPECIFIC_CODE, CURRENT_RECORD_IND, RECORD_EFFECTIVE_DATE, LOAD_DATETIME, PRIMARY_SOURCE_SYSTEM) SELECT MD5($1), MD5($2), $3, $4, $5, $6, $7,$8,$9 FROM VALUES ('-2222', '-2222', 'OODR', 'OODR','OUTSIDE OF DATE RANGE','Y', '1901-01-01', SYSDATE(), 'MANUAL ENTRY'); commit;"
DIM_ICD_ADMISSION_PRESENCE1,"DELETE FROM   EDW_STAGING_DIM.DIM_ICD_ADMISSION_PRESENCE   WHERE   PRESENT_ON_ADMISSION_HKEY = MD5( '99999' ); INSERT INTO EDW_STAGING_DIM.DIM_ICD_ADMISSION_PRESENCE (PRESENT_ON_ADMISSION_HKEY, UNIQUE_ID_KEY, PRESENT_ON_ADMISSION_CODE, PRESENT_ON_ADMISSION_DESC, LOAD_DATETIME, PRIMARY_SOURCE_SYSTEM) SELECT MD5($1), MD5($2), $3, $4, $5, $6 FROM VALUES ('99999', '99999', 'UNK', 'UNKNOWN', SYSDATE(), 'MANUAL ENTRY'); commit;"
DIM_ICD_ADMISSION_PRESENCE2,"DELETE FROM   EDW_STAGING_DIM.DIM_ICD_ADMISSION_PRESENCE   WHERE   PRESENT_ON_ADMISSION_HKEY = MD5( '-1111' ); INSERT INTO EDW_STAGING_DIM.DIM_ICD_ADMISSION_PRESENCE (PRESENT_ON_ADMISSION_HKEY, UNIQUE_ID_KEY, PRESENT_ON_ADMISSION_CODE, PRESENT_ON_ADMISSION_DESC, LOAD_DATETIME, PRIMARY_SOURCE_SYSTEM) SELECT MD5($1), MD5($2), $3, $4, $5, $6 FROM VALUES ('-1111', '-1111', 'INV', 'INVALID', SYSDATE(), 'MANUAL ENTRY'); commit;"
DIM_ICD1,"DELETE FROM   EDW_STAGING_DIM.DIM_ICD   WHERE   ICD_HKEY = MD5( '99999' ); INSERT INTO EDW_STAGING_DIM.DIM_ICD (ICD_HKEY, UNIQUE_ID_KEY, ICD_CODE, ICD_CODE_SHORT_DESC, ICD_CODE_LONG_DESC, GENDER_SPECIFIC_CODE, GENDER_SPECIFIC_DESC, EM_REFERRAL_CODE, EM_REFERRAL_DESC, CURRENT_RECORD_IND, RECORD_EFFECTIVE_DATE, LOAD_DATETIME, PRIMARY_SOURCE_SYSTEM) SELECT MD5($1) , MD5($2) , $3 , $4 , $5 , $6 , $7 , $8 , $9 , $10 , $11 , $12 , $13  FROM VALUES ('99999' , '99999' , 'UNK' , 'UNKNOWN' , 'UNKNOWN' , 'UNK' , 'UNKNOWN' , 'UNK' , 'UNKNOWN' , 'Y' , '1901-01-01' , SYSDATE() , 'MANUAL ENTRY'); commit;"
DIM_ICD2,"DELETE FROM   EDW_STAGING_DIM.DIM_ICD   WHERE   ICD_HKEY = MD5( '-1111' ); INSERT INTO EDW_STAGING_DIM.DIM_ICD (ICD_HKEY, UNIQUE_ID_KEY, ICD_CODE, ICD_CODE_SHORT_DESC, ICD_CODE_LONG_DESC ,ICD_CODE_STATUS_CODE, ICD_CODE_STATUS_DESC, GENDER_SPECIFIC_CODE , GENDER_SPECIFIC_DESC , EM_REFERRAL_CODE ,EM_REFERRAL_DESC, CURRENT_RECORD_IND, RECORD_EFFECTIVE_DATE, LOAD_DATETIME, PRIMARY_SOURCE_SYSTEM) SELECT MD5($1) , MD5($2) , $3 , $4 , $5 , $6 , $7 , $8 , $9 , $10 , $11 , $12 , $13 , $14, $15 FROM VALUES ('-1111' , '-1111' , 'INV' , 'INVALID' , 'INVALID' , 'I', 'INVALID',  'INV' , 'INVALID' , 'INV' , 'INVALID' , 'Y' , '1901-01-01' , SYSDATE() , 'MANUAL ENTRY'); commit;"
DIM_ICD3,"DELETE FROM   EDW_STAGING_DIM.DIM_ICD   WHERE   ICD_HKEY = MD5( '-2222' ); INSERT INTO EDW_STAGING_DIM.DIM_ICD (ICD_HKEY, UNIQUE_ID_KEY, ICD_CODE, ICD_CODE_SHORT_DESC, ICD_CODE_LONG_DESC, GENDER_SPECIFIC_CODE, GENDER_SPECIFIC_DESC, EM_REFERRAL_CODE, EM_REFERRAL_DESC, CURRENT_RECORD_IND, RECORD_EFFECTIVE_DATE, LOAD_DATETIME, PRIMARY_SOURCE_SYSTEM) SELECT MD5($1) , MD5($2) , $3 , $4 , $5 , $6 , $7 , $8 , $9 , $10 , $11 , $12 , $13  FROM VALUES ('-2222' , '-2222' , 'EXP' , 'EXPIRED' , 'EXPIRED' , 'EXP' , 'EXPIRED' , 'EXP' , 'EXPIRED' , 'Y' , '1901-01-01' , SYSDATE() , 'MANUAL ENTRY'); commit;"
DIM_INDIVIDUAL_COVERAGE_TYPE,"DELETE FROM   EDW_STAGING_DIM.DIM_INDIVIDUAL_COVERAGE_TYPE    WHERE   INDIVIDUAL_COVERAGE_TYPE_HKEY = MD5( '99999' ); INSERT INTO EDW_STAGING_DIM.DIM_INDIVIDUAL_COVERAGE_TYPE (UNIQUE_ID_KEY, INDIVIDUAL_COVERAGE_TYPE_HKEY, INDIVIDUAL_COVERAGE_TYPE_DESC, INDIVIDUAL_COVERAGE_TITLE, INDIVIDUAL_COVERAGE_INCLUSION_IND, LOAD_DATETIME, PRIMARY_SOURCE_SYSTEM) SELECT MD5($1), MD5($2), $3, $4, $5, $6, $7 FROM VALUES ('99999', '99999', 'UNKNOWN', 'UNKNOWN', 'N', SYSDATE(), 'MANUAL ENTRY'); commit;"
DIM_INDEMNITY_PLAN_SCHEDULE_DETAIL,"DELETE FROM   EDW_STAGING_DIM.DIM_INDEMNITY_PLAN_SCHEDULE_DETAIL    WHERE   INDEMNITY_PLAN_SCHEDULE_DETAIL_HKEY = MD5( '99999' ); INSERT INTO EDW_STAGING_DIM.DIM_INDEMNITY_PLAN_SCHEDULE_DETAIL  (UNIQUE_ID_KEY, INDEMNITY_PLAN_SCHEDULE_DETAIL_HKEY, FREQUENCY_TYPE_CODE, INDEMNITY_REASON_TYPE_CODE, SCHEDULE_DETAIL_AMOUNT_TYPE_CODE, SCHEDULE_PAYMENT_DETAIL_STATUS_TYPE_CODE, FINAL_PAYMENT_IND, SCHEDULE_AUTO_PAY_IND, INDEMNITY_RECALCULATION_IND, PRIMARY_PAYEE_IND, PAYMENT_MAILTO_IND, SCHEDULE_DETAIL_AMOUNT_REMAINING_IND, OVERPAYMENT_BALANCE_IND, PLAN_VOID_IND, SCHEDULE_VOID_IND, SCHEDULE_DETAIL_VOID_IND, SCHEDULE_PAYMENT_DETAIL_VOID_IND, LOAD_DATETIME, PRIMARY_SOURCE_SYSTEM) SELECT MD5($1), MD5($2),$3,$4,$5,$6,$7,$8,$9,$10,$11,$12,$13,$14,$15,$16,$17,$18,$19 FROM VALUES ('99999', '99999', 'UNK' , 'UNK', 'UNK', 'UNK', 'U','U','U','U','U','U','U','U','U','U','U', SYSDATE(), 'MANUAL ENTRY'); commit;"
DIM_INDUSTRY_GROUP,"DELETE FROM   EDW_STAGING_DIM.DIM_INDUSTRY_GROUP   WHERE   INDUSTRY_GROUP_HKEY = MD5( '99999' ); INSERT INTO EDW_STAGING_DIM.DIM_INDUSTRY_GROUP  (UNIQUE_ID_KEY, INDUSTRY_GROUP_HKEY, INDUSTRY_GROUP_CODE, INDUSTRY_GROUP_DESC, LOAD_DATETIME, PRIMARY_SOURCE_SYSTEM) SELECT MD5($1), MD5($2),$3,$4,$5,$6 FROM VALUES ('99999', '99999', 'UNK', 'UNKNOWN', SYSDATE(), 'MANUAL ENTRY'); commit;"
DIM_INJURED_WORKER1,"DELETE FROM   EDW_STAGING_DIM.DIM_INJURED_WORKER   WHERE   INJURED_WORKER_HKEY = MD5( '99999' ); INSERT INTO EDW_STAGING_DIM.DIM_INJURED_WORKER (UNIQUE_ID_KEY, INJURED_WORKER_HKEY, CUSTOMER_NUMBER, FULL_NAME, CURRENT_RECORD_IND, RECORD_EFFECTIVE_DATE, LOAD_DATETIME, PRIMARY_SOURCE_SYSTEM) SELECT MD5($1), MD5($2),$3,$4,$5,$6,$7,$8 FROM VALUES ('99999', '99999', '99999', 'UNKNOWN',  'Y', '1901-01-01' ,SYSDATE(), 'MANUAL ENTRY'); commit;"
DIM_INJURED_WORKER2,"DELETE FROM   EDW_STAGING_DIM.DIM_INJURED_WORKER   WHERE   INJURED_WORKER_HKEY = MD5( '-1111' ); INSERT INTO EDW_STAGING_DIM.DIM_INJURED_WORKER (UNIQUE_ID_KEY, INJURED_WORKER_HKEY, CUSTOMER_NUMBER, FULL_NAME, CURRENT_RECORD_IND, RECORD_EFFECTIVE_DATE, LOAD_DATETIME, PRIMARY_SOURCE_SYSTEM) SELECT MD5($1), MD5($2),$3,$4,$5,$6,$7,$8 FROM VALUES ('-1111', '-1111', '-1111', 'INVALID',  'Y', '1901-01-01' ,SYSDATE(), 'MANUAL ENTRY'); commit;"
DIM_INJURED_WORKER3,"DELETE FROM   EDW_STAGING_DIM.DIM_INJURED_WORKER   WHERE   INJURED_WORKER_HKEY = MD5( '-2222' ); INSERT INTO EDW_STAGING_DIM.DIM_INJURED_WORKER (UNIQUE_ID_KEY, INJURED_WORKER_HKEY, CUSTOMER_NUMBER, FULL_NAME, CURRENT_RECORD_IND, RECORD_EFFECTIVE_DATE, LOAD_DATETIME, PRIMARY_SOURCE_SYSTEM) SELECT MD5($1), MD5($2),$3,$4,$5,$6,$7,$8 FROM VALUES ('-2222', '-2222', '-2222', 'OUT_OF_RANGE',  'Y', '1901-01-01' ,SYSDATE(), 'MANUAL ENTRY'); commit;"
DIM_INVOICE_PROFILE,"DELETE FROM   EDW_STAGING_DIM.DIM_INVOICE_PROFILE   WHERE   INVOICE_PROFILE_HKEY = MD5( '99999' ); INSERT INTO EDW_STAGING_DIM.DIM_INVOICE_PROFILE (INVOICE_PROFILE_HKEY, UNIQUE_ID_KEY, INVOICE_FEE_SCHEDULE_DESC, MEDICAL_INVOICE_TYPE_CODE, INVOICE_PAYMENT_CATEGORY, ADJUSTMENT_TYPE, IN_SUBROGATION_IND, INVOICE_INPUT_METHOD_CODE, INVOICE_INPUT_METHOD_DESC, PAID_ABOVE_ZERO_IND, LOAD_DATETIME, PRIMARY_SOURCE_SYSTEM) SELECT MD5($1),MD5($2),$3,$4,$5,$6,$7,$8,$9,$10,$11, $12 FROM VALUES ('99999','99999', 'UNKNOWN', 'UNK', 'UNKNOWN', 'UNKNOWN','U','UNK', 'UNKNOWN','U', SYSDATE(), 'MANUAL ENTRY'); commit;"
DIM_INVOICE_STATUS,"DELETE FROM   EDW_STAGING_DIM.DIM_INVOICE_STATUS   WHERE   INVOICE_STATUS_HKEY = MD5( '99999' ); INSERT INTO EDW_STAGING_DIM.DIM_INVOICE_STATUS (INVOICE_STATUS_HKEY , UNIQUE_ID_KEY , MEDICAL_INVOICE_STATUS_CODE , MEDICAL_INVOICE_STATUS_DESC , LOAD_DATETIME , PRIMARY_SOURCE_SYSTEM) SELECT MD5($1) , MD5($2) , $3 , $4 , $5 , $6 FROM VALUES ('99999' , '99999' , 'UNK' , 'UNKNOWN' , SYSDATE() , 'MANUAL ENTRY'); commit;"
DIM_MANUAL_CLASSIFICATION1,"DELETE FROM   EDW_STAGING_DIM.DIM_MANUAL_CLASSIFICATION   WHERE   MANUAL_CLASS_HKEY = MD5( '99999' ); INSERT INTO EDW_STAGING_DIM.DIM_MANUAL_CLASSIFICATION  (MANUAL_CLASS_HKEY, UNIQUE_ID_KEY, MANUAL_CLASS_CODE, MANUAL_CLASS_SUFFIX_CODE, MANUAL_CLASS_DESC, RATE_TIER_TYPE_CODE, RATE_TIER_TYPE_DESC, CURRENT_RECORD_IND, RECORD_EFFECTIVE_DATE, LOAD_DATETIME, PRIMARY_SOURCE_SYSTEM) SELECT MD5($1), MD5($2),$3,$4,$5,$6,$7,$8,$9,$10,$11 FROM VALUES ('99999', '99999', '99999', '99999', 'UNKNOWN' , 'UNK','UNKNOWN' ,'Y', '1901-01-01' ,SYSDATE(), 'MANUAL ENTRY'); commit;"
DIM_MANUAL_CLASSIFICATION2,"DELETE FROM   EDW_STAGING_DIM.DIM_MANUAL_CLASSIFICATION   WHERE   MANUAL_CLASS_HKEY = MD5( '-1111' ); INSERT INTO EDW_STAGING_DIM.DIM_MANUAL_CLASSIFICATION  (UNIQUE_ID_KEY, MANUAL_CLASS_HKEY, MANUAL_CLASS_CODE, MANUAL_CLASS_SUFFIX_CODE, MANUAL_CLASS_DESC, RATE_TIER_TYPE_CODE, RATE_TIER_TYPE_DESC, CURRENT_RECORD_IND, RECORD_EFFECTIVE_DATE, LOAD_DATETIME, PRIMARY_SOURCE_SYSTEM) SELECT MD5($1), MD5($2),$3,$4,$5,$6,$7,$8,$9,$10,$11 FROM VALUES ('-1111', '-1111', '-1111', '-1111', 'INVALID' , 'INV','INVALID' ,'Y', '1901-01-01' ,SYSDATE(), 'MANUAL ENTRY'); commit;"
DIM_MODIFIER_SEQUENCE,"DELETE FROM   EDW_STAGING_DIM.DIM_MODIFIER_SEQUENCE   WHERE   MODIFIER_SEQUENCE_CODE_HKEY = MD5( '99999' ); INSERT INTO EDW_STAGING_DIM.DIM_MODIFIER_SEQUENCE (MODIFIER_SEQUENCE_CODE_HKEY , UNIQUE_ID_KEY , MODIFIER_SEQUENCE_1_CODE , MODIFIER_SEQUENCE_2_CODE , MODIFIER_SEQUENCE_3_CODE , MODIFIER_SEQUENCE_4_CODE ,  MODIFIER_SET_CODE , MODIFIER_SET_DESC , CURRENT_MODIFIER_1_DESC , CURRENT_MODIFIER_2_DESC , CURRENT_MODIFIER_3_DESC , CURRENT_MODIFIER_4_DESC , LOAD_DATETIME ,  PRIMARY_SOURCE_SYSTEM) SELECT MD5($1) , MD5($2) , $3 , $4 , $5 , $6 , $7 , $8 , $9 , $10 , $11 , $12 , $13 , $14 FROM VALUES ('99999' , '99999' , 'UNK' , 'UNK' , 'UNK' , 'UNK' , 'UNK' , 'UNKNOWN' , 'UNKNOWN' , 'UNKNOWN' , 'UNKNOWN' , 'UNKNOWN' ,  SYSDATE() , 'MANUAL ENTRY'); commit;"
DIM_NDC1,"DELETE FROM   EDW_STAGING_DIM.DIM_NDC   WHERE   NDC_GPI_HKEY = MD5( '99999' ); INSERT INTO EDW_STAGING_DIM.DIM_NDC (NDC_GPI_HKEY , UNIQUE_ID_KEY , NDC_11_CODE , NDC_5_LABELER_NAME , NDC_4_PRODUCT_DESC , GPI_14_CODE , GPI_14_DESC , CURRENT_RECORD_IND , RECORD_EFFECTIVE_DATE , LOAD_DATETIME ,  PRIMARY_SOURCE_SYSTEM) SELECT MD5($1) , MD5($2) , $3 , $4 , $5 , $6 , $7 , $8 , $9 , $10 , $11 FROM VALUES ('99999' , '99999' , '00000000000' , 'UNKNOWN' , 'UNKNOWN' , 'UNK' ,  'UNKNOWN' , 'Y'  , '1901-01-01' , SYSDATE() , 'MANUAL ENTRY'); commit;"
DIM_NDC2,"DELETE FROM   EDW_STAGING_DIM.DIM_NDC   WHERE   NDC_GPI_HKEY = MD5( '-1111' ); INSERT INTO EDW_STAGING_DIM.DIM_NDC (NDC_GPI_HKEY , UNIQUE_ID_KEY , NDC_11_CODE , NDC_5_LABELER_NAME , NDC_4_PRODUCT_DESC , GPI_14_CODE , GPI_14_DESC , CURRENT_RECORD_IND , RECORD_EFFECTIVE_DATE , LOAD_DATETIME ,  PRIMARY_SOURCE_SYSTEM) SELECT MD5($1) , MD5($2) , $3 , $4 , $5 , $6 , $7 , $8 , $9 , $10 , $11 FROM VALUES ('-1111' , '-1111' , '00000000001' , 'INVALID' , 'INVALID' , 'INV' ,  'INVALID' , 'Y'  , '1901-01-01' , SYSDATE() , 'MANUAL ENTRY'); commit;"
DIM_NDC3,"DELETE FROM   EDW_STAGING_DIM.DIM_NDC   WHERE   NDC_GPI_HKEY = MD5( '-2222' ); INSERT INTO EDW_STAGING_DIM.DIM_NDC (NDC_GPI_HKEY, UNIQUE_ID_KEY, NDC_11_CODE, NDC_5_LABELER_NAME, NDC_4_PRODUCT_DESC, GPI_14_CODE, GPI_14_DESC, CURRENT_RECORD_IND, RECORD_EFFECTIVE_DATE, LOAD_DATETIME,  PRIMARY_SOURCE_SYSTEM) SELECT MD5($1), MD5($2), $3, $4, $5, $6, $7, $8, $9, $10, $11 FROM VALUES ('-2222','-2222', '00000000002', 'EXPIRED', 'EXPIRED', 'EXP',  'EXPIRED', 'Y' , '1901-01-01', SYSDATE(), 'MANUAL ENTRY'); commit;"
DIM_NETWORK1,"DELETE FROM   EDW_STAGING_DIM.DIM_NETWORK    WHERE   NETWORK_HKEY = MD5( '00000' ); INSERT INTO EDW_STAGING_DIM.DIM_NETWORK (NETWORK_HKEY , UNIQUE_ID_KEY , NETWORK_NUMBER , NETWORK_NAME , NETWORK_TYPE_CODE , NETWORK_TYPE_DESC , CURRENT_RECORD_IND , RECORD_EFFECTIVE_DATE , LOAD_DATETIME ,  PRIMARY_SOURCE_SYSTEM) SELECT MD5($1) , MD5($2) , $3 , $4 , $5 , $6 , $7 , $8 , $9 , $10 FROM VALUES ('00000' , '00000' , '00000' , 'UNKNOWN' , 'UNK' , 'UNKNOWN' , 'Y' , '1901-01-01' , SYSDATE() , 'MANUAL ENTRY'); commit;"
DIM_NETWORK2,"DELETE FROM   EDW_STAGING_DIM.DIM_NETWORK    WHERE   NETWORK_HKEY = MD5( '-1111' ); INSERT INTO EDW_STAGING_DIM.DIM_NETWORK (NETWORK_HKEY, NETWORK_NUMBER, NETWORK_NAME, NETWORK_TYPE_CODE, NETWORK_TYPE_DESC, CURRENT_RECORD_IND, RECORD_EFFECTIVE_DATE, LOAD_DATETIME,  PRIMARY_SOURCE_SYSTEM) SELECT MD5($1), $2,$3,$4,$5,$6,$7,$8,$9 FROM VALUES ('-1111', '-1111', 'INVALID', 'INV', 'INVALID', 'Y' , '1901-01-01', SYSDATE(), 'MANUAL ENTRY'); commit;"
DIM_NETWORK3,"DELETE FROM   EDW_STAGING_DIM.DIM_NETWORK    WHERE   NETWORK_HKEY = MD5( '-2222' ); INSERT INTO EDW_STAGING_DIM.DIM_NETWORK (NETWORK_HKEY, NETWORK_NUMBER, NETWORK_NAME, NETWORK_TYPE_CODE, NETWORK_TYPE_DESC, CURRENT_RECORD_IND, RECORD_EFFECTIVE_DATE, LOAD_DATETIME,  PRIMARY_SOURCE_SYSTEM) SELECT MD5($1), $2,$3,$4,$5,$6,$7,$8,$9 FROM VALUES ('-2222', '-2222', 'NOT APPLICABLE', 'NA', 'NA', 'Y' , '1901-01-01', SYSDATE(), 'MANUAL ENTRY'); commit;"
DIM_ORGANIZATIONAL_UNIT,"DELETE FROM   EDW_STAGING_DIM.DIM_ORGANIZATIONAL_UNIT   WHERE   ORGANIZATION_UNIT_HKEY = MD5( '99999' ); INSERT INTO EDW_STAGING_DIM.DIM_ORGANIZATIONAL_UNIT  (ORGANIZATION_UNIT_HKEY, UNIQUE_ID_KEY, ORGANIZATIONAL_UNIT_NAME, SERVICE_OFFICE_NAME, LOAD_DATETIME, PRIMARY_SOURCE_SYSTEM) SELECT MD5($1), MD5($2),$3,$4,$5,$6 FROM VALUES ('99999', '99999', 'UNKNOWN', 'UNKNOWN', SYSDATE(), 'MANUAL ENTRY'); commit;"
DIM_OUTPATIENT_GROUPER,"DELETE FROM   EDW_STAGING_DIM.DIM_OUTPATIENT_GROUPER   WHERE   GROUPER_HKEY = MD5( '99999' ); INSERT INTO EDW_STAGING_DIM.DIM_OUTPATIENT_GROUPER (GROUPER_HKEY, UNIQUE_ID_KEY, APC_STATUS_INDICATOR_CODE, OPPS_RETURN_CODE, OPPS_CODE,OPPS_PAYMENT_METHOD_CODE, APC_DISCOUNTING_FRACTION_CODE, APC_COMPOSITE_ADJUSTMENT_CODE, APC_PAYMENT_INDICATOR_CODE, APC_PACKAGING_CODE, APC_PAYMENT_ADJUSTMENT_CODE, APC_STATUS_INDICATOR_DESC, OPPS_RETURN_DESC, OPPS_DESC, APC_DISCOUNTING_FRACTION_DESC, APC_COMPOSITE_ADJUSTMENT_DESC, APC_PAYMENT_INDICATOR_DESC, APC_PACKAGING_DESC, APC_PAYMENT_ADJUSTMENT_DESC,OPPS_PAYMENT_METHOD_DESC, LOAD_DATETIME,  PRIMARY_SOURCE_SYSTEM) SELECT MD5($1), MD5($2), $3, $4, $5, $6, $7,$8,$9,$10,$11,$12,$13,$14,$15,$16,$17,$18,$19,$20,$21,$22 FROM VALUES  ('99999', '99999', 'UNK', 'UNK', 'UNK', 'UNK', 'UNK', 'UNK', 'UNK', 'UNK','UNK','UNKNOWN','UNKNOWN','UNKNOWN' ,'UNKNOWN' ,'UNKNOWN' ,'UNKNOWN' ,'UNKNOWN' ,'UNKNOWN',  'UNKNOWN',  SYSDATE(), 'MANUAL ENTRY'); commit;"
DIM_PARTICIPATION_TYPE,"DELETE FROM   EDW_STAGING_DIM.DIM_PARTICIPATION_TYPE   WHERE   PARTICIPATION_TYPE_HKEY = MD5( '99999' ); INSERT INTO EDW_STAGING_DIM.DIM_PARTICIPATION_TYPE  (PARTICIPATION_TYPE_HKEY, UNIQUE_ID_KEY, PARTICIPATION_TYPE_CODE, PARTICIPATION_TYPE_DESC, LOAD_DATETIME, PRIMARY_SOURCE_SYSTEM) SELECT MD5($1), MD5($2),$3,$4,$5,$6 FROM VALUES ('99999', '99999', 'UNK', 'UNKNOWN', SYSDATE(), 'MANUAL ENTRY'); commit;"
DIM_PAYEE,"DELETE FROM   EDW_STAGING_DIM.DIM_PAYEE   WHERE   PAYEE_HKEY = MD5( '99999' ); INSERT INTO EDW_STAGING_DIM.DIM_PAYEE (PAYEE_HKEY, UNIQUE_ID_KEY, PAYEE_FULL_NAME, LOAD_DATETIME, PRIMARY_SOURCE_SYSTEM) SELECT MD5($1), MD5($2), $3, $4, $5 FROM  VALUES ('99999', '99999', 'UNKNOWN',  SYSDATE(), 'MANUAL ENTRY'); commit;"
DIM_PAYMENT_CODER,"DELETE FROM   EDW_STAGING_DIM.DIM_PAYMENT_CODER   WHERE   PAYMENT_CODER_HKEY = MD5( '99999' ); INSERT INTO EDW_STAGING_DIM.DIM_PAYMENT_CODER (PAYMENT_CODER_HKEY, UNIQUE_ID_KEY, ACCOUNTABILITY_CODE, PAYMENT_FUND_TYPE_CODE, COVERAGE_TYPE_CODE, BILL_TYPE_F2_CODE, BILL_TYPE_L3_CODE, ACCIDENT_TYPE_CODE, PAYMENT_STATUS_CODE, ACCOUNTABILITY_DESC, PAYMENT_FUND_DESC, COVERAGE_DESC, BILL_TYPE_F2_DESC, BILL_TYPE_L3_DESC, ACCIDENT_TYPE_DESC, PAYMENT_STATUS_DESC, LOAD_DATETIME,  PRIMARY_SOURCE_SYSTEM) SELECT MD5($1), MD5($2), $3, $4, $5, $6, $7,$8,$9,$10,$11,$12,$13,$14,$15,$16,$17,$18 FROM VALUES ('99999', '99999', 'UNK', 'UNK', 'UNK', 'UNK', 'UNK', 'UNK', 'UNK', 'UNKNOWN', 'UNKNOWN', 'UNKNOWN', 'UNKNOWN', 'UNKNOWN', 'UNKNOWN', 'UNKNOWN',  SYSDATE(), 'MANUAL ENTRY'); commit;"
DIM_PAYMENT_REQUEST,"DELETE FROM   EDW_STAGING_DIM.DIM_PAYMENT_REQUEST   WHERE   PAYMENT_REQUEST_HKEY = MD5( '99999' ); INSERT INTO EDW_STAGING_DIM.DIM_PAYMENT_REQUEST  (UNIQUE_ID_KEY, PAYMENT_REQUEST_HKEY, PAY_MEDIA_PREFERENCE_TYPE_CODE, PAY_REQUEST_TYPE_CODE, PAY_REQUEST_STATE_TYPE_CODE, PAY_REQUEST_STATUS_TYPE_CODE, PAY_REQUEST_STATUS_REASON_TYPE_CODE, LOAD_DATETIME, PRIMARY_SOURCE_SYSTEM) SELECT MD5($1), MD5($2), $3, $4, $5, $6, $7, $8, $9 FROM VALUES ('99999', '99999', 'UNK' , 'UNK', 'UNK', 'UNK', 'UNK', SYSDATE(), 'MANUAL ENTRY'); commit;"
DIM_PBM_PRICING_METHOD1,"DELETE FROM   EDW_STAGING_DIM.DIM_PBM_PRICING_METHOD   WHERE   PBM_PRICING_METHOD_HKEY = MD5( '99999' ); INSERT INTO EDW_STAGING_DIM.DIM_PBM_PRICING_METHOD (PBM_PRICING_METHOD_HKEY , UNIQUE_ID_KEY , PRICE_TYPE_CODE , PBM_PRICING_SOURCE_CODE , PRICE_TYPE_DESC , PBM_PRICING_SOURCE_DESC , LOAD_DATETIME ,  PRIMARY_SOURCE_SYSTEM) SELECT MD5($1) , MD5($2) , $3 , $4 , $5 , $6 , $7 , $8 FROM VALUES ('99999' , '99999' , 'UNK' , 'UNK' , 'UNKNOWN' , 'UNKNOWN' , SYSDATE() , 'MANUAL ENTRY'); commit;"
DIM_PBM_PRICING_METHOD2,"DELETE FROM   EDW_STAGING_DIM.DIM_PBM_PRICING_METHOD   WHERE   PBM_PRICING_METHOD_HKEY = MD5( '-1111' ); INSERT INTO EDW_STAGING_DIM.DIM_PBM_PRICING_METHOD (PBM_PRICING_METHOD_HKEY, UNIQUE_ID_KEY, PRICE_TYPE_CODE, PBM_PRICING_SOURCE_CODE, PRICE_TYPE_DESC, PBM_PRICING_SOURCE_DESC, LOAD_DATETIME,  PRIMARY_SOURCE_SYSTEM) SELECT MD5($1), MD5($2), $3, $4, $5, $6, $7,$8 FROM VALUES ('-1111', '-1111', 'INV', 'INV', 'INVALID', 'INVALID', SYSDATE(), 'MANUAL ENTRY'); commit;"
DIM_PLACE_OF_SERVICE1,"DELETE FROM   EDW_STAGING_DIM.DIM_PLACE_OF_SERVICE   WHERE   PLACE_OF_SERVICE_HKEY = MD5( '99999' ); INSERT INTO EDW_STAGING_DIM.DIM_PLACE_OF_SERVICE (PLACE_OF_SERVICE_HKEY, UNIQUE_ID_KEY, LINE_PLACE_OF_SERVICE_CODE, LINE_PLACE_OF_SERVICE_DESC, CURRENT_RECORD_IND, RECORD_EFFECTIVE_DATE, LOAD_DATETIME, PRIMARY_SOURCE_SYSTEM) SELECT MD5($1),MD5($2), $3, $4, $5, $6, $7,$8 FROM VALUES ('99999','99999', 'UNK', 'UNKNOWN', 'Y', '1901-01-01', SYSDATE(), 'MANUAL ENTRY'); commit;"
DIM_PLACE_OF_SERVICE2,"DELETE FROM   EDW_STAGING_DIM.DIM_PLACE_OF_SERVICE   WHERE   PLACE_OF_SERVICE_HKEY = MD5( '-1111' ); INSERT INTO EDW_STAGING_DIM.DIM_PLACE_OF_SERVICE (PLACE_OF_SERVICE_HKEY, LINE_PLACE_OF_SERVICE_CODE, LINE_PLACE_OF_SERVICE_DESC, CURRENT_RECORD_IND, RECORD_EFFECTIVE_DATE, LOAD_DATETIME, PRIMARY_SOURCE_SYSTEM) SELECT MD5($1), $2, $3, $4, $5, $6, $7 FROM VALUES ('-1111', 'INV', 'INVALID', 'Y', '1901-01-01', SYSDATE(), 'MANUAL ENTRY'); commit;"
DIM_POLICY_BILLING,"DELETE FROM   EDW_STAGING_DIM.DIM_POLICY_BILLING   WHERE   POLICY_BILLING_HKEY = MD5( '99999' ); INSERT INTO EDW_STAGING_DIM.DIM_POLICY_BILLING (UNIQUE_ID_KEY, POLICY_BILLING_HKEY,  PAYMENT_PLAN_TYPE_DESC, REPORTING_FREQUENCY_TYPE_DESC, AUDIT_TYPE_DESC, EMPLOYEE_LEASING_TYPE_DESC, POLICY_15K_PROGRAM_IND, ESTIMATED_ZERO_PAYROLL_IND, REPORTED_ZERO_PAYROLL_IND, ESTIMATED_PREMIUM_IND, LOAD_DATETIME, PRIMARY_SOURCE_SYSTEM) SELECT MD5($1), MD5($2),$3,$4,$5,$6,$7,$8, $9, $10, $11, $12FROM VALUES ('99999', '99999', 'UNKNOWN', 'UNKNOWN', 'UNKNOWN', 'UNKNOWN', 'N', 'N', 'N', 'N', SYSDATE(), 'MANUAL ENTRY'); commit;"
DIM_POLICY_FINANCIAL_TRANSACTION_COMMENT,"DELETE FROM   EDW_STAGING_DIM.DIM_POLICY_FINANCIAL_TRANSACTION_COMMENT   WHERE   FINANCIAL_TRANSACTION_COMMENT_HKEY = MD5( '99999' ); INSERT INTO EDW_STAGING_DIM.DIM_POLICY_FINANCIAL_TRANSACTION_COMMENT (UNIQUE_ID_KEY, FINANCIAL_TRANSACTION_COMMENT_HKEY, FINANCIAL_TRANSACTION_COMMENT_TEXT, LOAD_DATETIME, PRIMARY_SOURCE_SYSTEM) SELECT MD5($1), MD5($2),$3,$4,$5 FROM VALUES ('99999', '99999', 'N/A', SYSDATE(), 'MANUAL ENTRY'); commit;"
DIM_POLICY_PERIOD1,"DELETE FROM   EDW_STAGING_DIM.DIM_POLICY_PERIOD   WHERE   POLICY_PERIOD_HKEY = MD5( '99999' ); INSERT INTO EDW_STAGING_DIM.DIM_POLICY_PERIOD (UNIQUE_ID_KEY, POLICY_PERIOD_HKEY, POLICY_PERIOD_DESC, POLICY_PERIOD_EFFECTIVE_DATE, POLICY_PERIOD_END_DATE,  NEW_POLICY_IND, PEC_POLICY_IND, REPORTING_YEAR_EFFECTIVE_DATE, REPORTING_YEAR_END_DATE, REPORTING_YEAR_DESC, LOAD_DATETIME, PRIMARY_SOURCE_SYSTEM) SELECT MD5($1), MD5($2),$3,$4,$5,$6,$7,$8, $9, $10, $11, $12 FROM VALUES ('99999', '99999', 'UNKNOWN', NULL, NULL, 'N', 'N', NULL, NULL, 'UNKNOWN', SYSDATE(), 'MANUAL ENTRY'); commit;"
DIM_POLICY_PERIOD2,"DELETE FROM   EDW_STAGING_DIM.DIM_POLICY_PERIOD   WHERE   POLICY_PERIOD_HKEY = MD5( '99998' ); INSERT INTO EDW_STAGING_DIM.DIM_POLICY_PERIOD (UNIQUE_ID_KEY, POLICY_PERIOD_HKEY, POLICY_PERIOD_DESC, POLICY_PERIOD_EFFECTIVE_DATE, POLICY_PERIOD_END_DATE,  NEW_POLICY_IND, PEC_POLICY_IND, REPORTING_YEAR_EFFECTIVE_DATE, REPORTING_YEAR_END_DATE, REPORTING_YEAR_DESC, LOAD_DATETIME, PRIMARY_SOURCE_SYSTEM) SELECT MD5($1), MD5($2),$3,$4,$5,$6,$7,$8, $9, $10, $11, $12 FROM VALUES ('99998', '99998', 'N/A', NULL, NULL, 'N', 'N', NULL, NULL, 'N/A', SYSDATE(), 'MANUAL ENTRY'); commit;"
DIM_POLICY_STANDING1,"DELETE FROM   EDW_STAGING_DIM.DIM_POLICY_STANDING   WHERE   POLICY_STANDING_HKEY = MD5( '99999' ); INSERT INTO EDW_STAGING_DIM.DIM_POLICY_STANDING (POLICY_STANDING_HKEY, UNIQUE_ID_KEY, POLICY_TYPE_CODE, POLICY_STATUS_CODE, STATUS_REASON_CODE, POLICY_ACTIVE_IND, POLICY_TYPE_DESC, POLICY_STATUS_DESC, STATUS_REASON_DESC, LOAD_DATETIME, PRIMARY_SOURCE_SYSTEM)SELECT MD5($1), MD5($2), $3, $4, $5, $6, $7,$8,$9,$10,$11 FROM VALUES('99999', '99999', 'UNK', 'UNK', 'UNK', 'U', 'UNKNOWN', 'UNKNOWN', 'UNKNOWN', SYSDATE(),'MANUAL ENTRY'); commit;"
DIM_POLICY_STANDING2,"DELETE FROM   EDW_STAGING_DIM.DIM_POLICY_STANDING   WHERE   POLICY_STANDING_HKEY = MD5( '99991' ); INSERT INTO EDW_STAGING_DIM.DIM_POLICY_STANDING (POLICY_STANDING_HKEY, UNIQUE_ID_KEY, POLICY_TYPE_CODE, POLICY_STATUS_CODE, STATUS_REASON_CODE, POLICY_ACTIVE_IND, POLICY_TYPE_DESC, POLICY_STATUS_DESC, STATUS_REASON_DESC, LOAD_DATETIME, PRIMARY_SOURCE_SYSTEM)SELECT MD5($1), MD5($2), $3, $4, $5, $6, $7,$8,$9,$10,$11 FROM VALUES('99991', '99991', 'BL', 'N/A', 'N/A', 'U', 'BL - BLACK LUNG', 'N/A', 'N/A', SYSDATE(), 'MANUAL ENTRY'); commit;"
DIM_POLICY_STANDING3,"DELETE FROM   EDW_STAGING_DIM.DIM_POLICY_STANDING   WHERE   POLICY_STANDING_HKEY = MD5( '99992' ); INSERT INTO EDW_STAGING_DIM.DIM_POLICY_STANDING (POLICY_STANDING_HKEY, UNIQUE_ID_KEY, POLICY_TYPE_CODE, POLICY_STATUS_CODE, STATUS_REASON_CODE, POLICY_ACTIVE_IND, POLICY_TYPE_DESC, POLICY_STATUS_DESC, STATUS_REASON_DESC, LOAD_DATETIME, PRIMARY_SOURCE_SYSTEM)SELECT MD5($1), MD5($2), $3, $4, $5, $6, $7,$8,$9,$10,$11 FROM VALUES('99992', '99992', 'MIF', 'N/A', 'N/A', 'U', 'MIF - MARINE INDUSTRY FUND', 'N/A', 'N/A', SYSDATE(), 'MANUAL ENTRY'); commit;"
DIM_POLICY_STANDING4,"DELETE FROM   EDW_STAGING_DIM.DIM_POLICY_STANDING   WHERE   POLICY_STANDING_HKEY = MD5( '99993' ); INSERT INTO EDW_STAGING_DIM.DIM_POLICY_STANDING (POLICY_STANDING_HKEY, UNIQUE_ID_KEY, POLICY_TYPE_CODE, POLICY_STATUS_CODE, STATUS_REASON_CODE, POLICY_ACTIVE_IND, POLICY_TYPE_DESC, POLICY_STATUS_DESC, STATUS_REASON_DESC, LOAD_DATETIME, PRIMARY_SOURCE_SYSTEM)SELECT MD5($1), MD5($2), $3, $4, $5, $6, $7,$8,$9,$10,$11 FROM VALUES('99993', '99993', 'PA', 'N/A', 'N/A', 'U', 'PA - PRIVATE EMPLOYERS', 'N/A', 'N/A', SYSDATE(), 'MANUAL ENTRY'); commit;"
DIM_POLICY_STANDING5,"DELETE FROM   EDW_STAGING_DIM.DIM_POLICY_STANDING   WHERE   POLICY_STANDING_HKEY = MD5( '99994' ); INSERT INTO EDW_STAGING_DIM.DIM_POLICY_STANDING (POLICY_STANDING_HKEY, UNIQUE_ID_KEY, POLICY_TYPE_CODE, POLICY_STATUS_CODE, STATUS_REASON_CODE, POLICY_ACTIVE_IND, POLICY_TYPE_DESC, POLICY_STATUS_DESC, STATUS_REASON_DESC, LOAD_DATETIME, PRIMARY_SOURCE_SYSTEM)SELECT MD5($1), MD5($2), $3, $4, $5, $6, $7,$8,$9,$10,$11 FROM VALUES('99994', '99994', 'PEC', 'N/A', 'N/A', 'U', 'PEC - PUBLIC EMPLOYERS TAXING DISTRICTS', 'N/A', 'N/A', SYSDATE(), 'MANUAL ENTRY'); commit;"
DIM_POLICY_STANDING6,"DELETE FROM   EDW_STAGING_DIM.DIM_POLICY_STANDING   WHERE   POLICY_STANDING_HKEY = MD5( '99995' ); INSERT INTO EDW_STAGING_DIM.DIM_POLICY_STANDING (POLICY_STANDING_HKEY, UNIQUE_ID_KEY, POLICY_TYPE_CODE, POLICY_STATUS_CODE, STATUS_REASON_CODE, POLICY_ACTIVE_IND, POLICY_TYPE_DESC, POLICY_STATUS_DESC, STATUS_REASON_DESC, LOAD_DATETIME, PRIMARY_SOURCE_SYSTEM)SELECT MD5($1), MD5($2), $3, $4, $5, $6, $7,$8,$9,$10,$11 FROM VALUES('99995', '99995', 'PES', 'N/A', 'N/A', 'U', 'PES - STATE AGENCIES', 'N/A', 'N/A', SYSDATE(), 'MANUAL ENTRY'); commit;"
DIM_POLICY_STANDING7,"DELETE FROM   EDW_STAGING_DIM.DIM_POLICY_STANDING   WHERE   POLICY_STANDING_HKEY = MD5( '99996' ); INSERT INTO EDW_STAGING_DIM.DIM_POLICY_STANDING (POLICY_STANDING_HKEY, UNIQUE_ID_KEY, POLICY_TYPE_CODE, POLICY_STATUS_CODE, STATUS_REASON_CODE, POLICY_ACTIVE_IND, POLICY_TYPE_DESC, POLICY_STATUS_DESC, STATUS_REASON_DESC, LOAD_DATETIME, PRIMARY_SOURCE_SYSTEM)SELECT MD5($1), MD5($2), $3, $4, $5, $6, $7,$8,$9,$10,$11 FROM VALUES('99996', '99996', 'SI', 'N/A', 'N/A', 'U', 'SI - SELF INSURED', 'N/A', 'N/A', SYSDATE(), 'MANUAL ENTRY'); commit;"
DIM_PREMIUM_CALCULATION_TYPE,"DELETE FROM   EDW_STAGING_DIM.DIM_PREMIUM_CALCULATION_TYPE   WHERE   PREMIUM_CALCULATION_TYPE_HKEY = MD5( '99999' ); INSERT INTO EDW_STAGING_DIM.DIM_PREMIUM_CALCULATION_TYPE (UNIQUE_ID_KEY, PREMIUM_CALCULATION_TYPE_HKEY, PREMIUM_CALCULATION_TYPE_DESC, CURRENT_PREMIUM_CALCULATION_IND, LOAD_DATETIME, PRIMARY_SOURCE_SYSTEM) SELECT MD5($1), MD5($2), $3, $4, $5, $6 FROM VALUES ('99999', '99999', 'UNKNOWN', 'N', SYSDATE(), 'MANUAL ENTRY'); commit;"
DIM_PRESCRIPTION_BILL,"DELETE FROM   EDW_STAGING_DIM.DIM_PRESCRIPTION_BILL   WHERE   PRESCRIPTION_HKEY = MD5( '99999' ); INSERT INTO EDW_STAGING_DIM.DIM_PRESCRIPTION_BILL (PRESCRIPTION_HKEY, UNIQUE_ID_KEY, SERVICE_LEVEL_CODE, PHARMACIST_SERVICE_CODE, SERVICE_REASON_CODE , SERVICE_RESULT_CODE,  SUBMITTED_DAW_CODE,  SUBMISSION_CLARIFICATION_CODE,  PBM_BENEFIT_PLAN_TYPE_DESC , PBM_ORIGINATION_TYPE_DESC  , PHARM_SPECIAL_PROGRAM_DESC,  PBM_LOCK_IN_IND, LOAD_DATETIME,  PRIMARY_SOURCE_SYSTEM)SELECT MD5($1), MD5($2), $3, $4, $5, $6, $7,$8,$9,$10,$11,$12,$13,$14 FROM VALUES ('99999', '99999', 'UNK', 'UNK', 'UNK', 'UNK', 'U', 'UNK', 'UNKNOWN', 'UNKNOWN', 'UNKNOWN', 'U',  SYSDATE(), 'MANUAL ENTRY'); commit;"
DIM_PROVIDER_CERTIFICATION_STATUS,"DELETE FROM   EDW_STAGING_DIM.DIM_PROVIDER_CERTIFICATION_STATUS   WHERE  BWC_CERTIFICATION_STATUS_HKEY = MD5('99999'); INSERT INTO EDW_STAGING_DIM.DIM_PROVIDER_CERTIFICATION_STATUS (BWC_CERTIFICATION_STATUS_HKEY, UNIQUE_ID_KEY, BWC_CERTIFICATION_STATUS_CODE, BWC_CERTIFICATION_STATUS_REASON_CODE, BWC_CERTIFICATION_STATUS_DESC, BWC_CERTIFICATION_STATUS_REASON_DESC, LOAD_DATETIME, PRIMARY_SOURCE_SYSTEM) SELECT MD5($1), MD5($2), $3, $4, $5, $6, $7, $8 FROM  VALUES ('99999', '99999', 'UNK', 'UNKNOWN',  'UNK', 'UNKNOWN', SYSDATE(), 'MANUAL ENTRY'); commit;"
DIM_PROVIDER_ENROLLMENT_STATUS,"DELETE FROM   EDW_STAGING_DIM.DIM_PROVIDER_ENROLLMENT_STATUS   WHERE  ENROLLMENT_STATUS_HKEY = MD5('99999'); INSERT INTO EDW_STAGING_DIM.DIM_PROVIDER_ENROLLMENT_STATUS (ENROLLMENT_STATUS_HKEY, UNIQUE_ID_KEY, ENROLLMENT_STATUS_TYPE_CODE, ENROLLMENT_STATUS_REASON_CODE, ENROLLMENT_STATUS_TYPE_DESC, ENROLLMENT_STATUS_REASON_DESC, LOAD_DATETIME, UPDATE_DATETIME, PRIMARY_SOURCE_SYSTEM) SELECT MD5($1), MD5($2), $3, $4, $5, $6, $7, $8, $9 FROM  VALUES ('99999', '99999', 'UNK', 'UNKNOWN',  'UNK', 'UNKNOWN',  SYSDATE(), NULL, 'MANUAL ENTRY'); commit;"
DIM_PROVIDER1,"DELETE FROM   EDW_STAGING_DIM.DIM_PROVIDER   WHERE   PROVIDER_HKEY = MD5( '-1111' ); INSERT INTO EDW_STAGING_DIM.DIM_PROVIDER (PROVIDER_HKEY, UNIQUE_ID_KEY, PROVIDER_PEACH_NUMBER, PEACH_FORMATTED_NUMBER, PEACH_BASE_NUMBER, PEACH_SUFFIX_NUMBER, PROVIDER_NAME, PROVIDER_DBA_SORT_NAME, PRACTICE_TYPE_DESC,  PROVIDER_TYPE_DESC, CURRENT_RECORD_IND, RECORD_EFFECTIVE_DATE, LOAD_DATETIME, PRIMARY_SOURCE_SYSTEM)SELECT MD5($1), MD5($2), $3, $4, $5, $6, $7, $8, $9, $10, $11, $12, $13, $14 FROM VALUES ('-1111', '-1111', '-1111111111', '-11-1111-1111', '-111111', '1111', 'INVALID', 'INVALID', 'INVALID', 'INVALID', 'Y' , '1901-01-01', SYSDATE(), 'MANUAL ENTRY'); commit;"
DIM_PROVIDER2,"DELETE FROM   EDW_STAGING_DIM.DIM_PROVIDER   WHERE   PROVIDER_HKEY = MD5( '99999' ); INSERT INTO EDW_STAGING_DIM.DIM_PROVIDER (PROVIDER_HKEY, UNIQUE_ID_KEY, PROVIDER_PEACH_NUMBER, PEACH_FORMATTED_NUMBER, PEACH_BASE_NUMBER, PEACH_SUFFIX_NUMBER, PROVIDER_NAME, PROVIDER_DBA_SORT_NAME, PRACTICE_TYPE_DESC,  PROVIDER_TYPE_DESC, CURRENT_RECORD_IND, RECORD_EFFECTIVE_DATE, LOAD_DATETIME, PRIMARY_SOURCE_SYSTEM) SELECT MD5($1), MD5($2), $3, $4, $5, $6, $7, $8, $9, $10, $11, $12, $13, $14 FROM VALUES ('99999','99999', '99999999999', '999-9999-9999', '9999999', '9999', 'UNKNOWN', 'UNKNOWN', 'UNKNOWN', 'UNKNOWN', 'Y' , '1901-01-01', SYSDATE(), 'MANUAL ENTRY'); commit;"
DIM_RATING_ELEMENT,"DELETE FROM   EDW_STAGING_DIM.DIM_RATING_ELEMENT   WHERE  RATING_ELEMENT_HKEY = MD5('99999'); INSERT INTO EDW_STAGING_DIM.DIM_RATING_ELEMENT (RATING_ELEMENT_HKEY,UNIQUE_ID_KEY,RATE_ELEMENT_TYPE_CODE,RATE_ELEMENT_USAGE_CODE,RATE_ELEMENT_TYPE_DESC,RATE_ELEMENT_USAGE_DESC,LOAD_DATETIME,PRIMARY_SOURCE_SYSTEM) SELECT MD5($1), MD5($2),$3,$4,$5,$6,$7,$8 FROM VALUES ('99999', '99999', 'UNK', 'UNK', 'UNKNOWN', 'UNKNOWN', SYSDATE(), 'MANUAL ENTRY'); commit;"
DIM_RATING_PLAN_TYPE,"DELETE FROM   EDW_STAGING_DIM.DIM_RATING_PLAN_TYPE   WHERE  RATING_PLAN_TYPE_HKEY = MD5('99999'); INSERT INTO EDW_STAGING_DIM.DIM_RATING_PLAN_TYPE  (UNIQUE_ID_KEY, RATING_PLAN_TYPE_HKEY, RATING_PLAN_CODE, RATING_PLAN_DESC, LOAD_DATETIME, PRIMARY_SOURCE_SYSTEM) SELECT MD5($1), MD5($2), $3, $4, $5, $6 FROM VALUES ('99999','99999', 'UNKNOWN' , 'UNKNOWN' ,SYSDATE(), 'MANUAL ENTRY'); commit;"
DIM_REPRESENTATIVE,"DELETE FROM   EDW_STAGING_DIM.DIM_REPRESENTATIVE   WHERE  REPRESENTATIVE_HKEY = MD5('99999'); INSERT INTO EDW_STAGING_DIM.DIM_REPRESENTATIVE  (UNIQUE_ID_KEY, REPRESENTATIVE_HKEY, CUSTOMER_NUMBER, REPRESENTATIVE_ID_NUMBER, CUSTOMER_NAME, CUSTOMER_TYPE_DESC, CURRENT_RECORD_IND, RECORD_EFFECTIVE_DATE, LOAD_DATETIME, PRIMARY_SOURCE_SYSTEM) SELECT MD5($1), MD5($2),$3,$4,$5,$6,$7,$8,$9,$10 FROM VALUES ('99999','99999', '99999', '99999', 'UNKNOWN' , 'UNKNOWN' ,'Y', '1901-01-01' ,SYSDATE(), 'MANUAL ENTRY'); commit;"
DIM_REVENUE_CENTER1,"DELETE FROM   EDW_STAGING_DIM.DIM_REVENUE_CENTER    WHERE REVENUE_CENTER_HKEY = MD5( '99999' ); INSERT INTO EDW_STAGING_DIM.DIM_REVENUE_CENTER (REVENUE_CENTER_HKEY , UNIQUE_ID_KEY ,  HOSPITAL_REVENUE_CENTER_CODE , HOSPITAL_REVENUE_CENTER_DESC , REVENUE_CENTER_PAYMENT_CATEGORY , CURRENT_RECORD_IND , REVENUE_CENTER_EFFECTIVE_DATE  , RECORD_EFFECTIVE_DATE , LOAD_DATETIME ,  PRIMARY_SOURCE_SYSTEM) SELECT MD5($1) , MD5($2) , $3 , $4 , $5 , $6 , $7 , $8 , $9 , $10  FROM VALUES ('99999' , '99999' , '9999' , 'UNKNOWN' , 'UNKNOWN' , 'Y' , '1901-01-01'  , '1901-01-01' , SYSDATE() , 'MANUAL ENTRY'); commit;"
DIM_REVENUE_CENTER2,"DELETE FROM EDW_STAGING_DIM.DIM_REVENUE_CENTER WHERE REVENUE_CENTER_HKEY = MD5( '-1111' ); INSERT INTO EDW_STAGING_DIM.DIM_REVENUE_CENTER (REVENUE_CENTER_HKEY , HOSPITAL_REVENUE_CENTER_CODE , HOSPITAL_REVENUE_CENTER_DESC , REVENUE_CENTER_PAYMENT_CATEGORY , CURRENT_RECORD_IND , REVENUE_CENTER_EFFECTIVE_DATE , RECORD_EFFECTIVE_DATE , LOAD_DATETIME , PRIMARY_SOURCE_SYSTEM) SELECT MD5($1) , ($2) , $3 , $4 , $5 , $6 , $7 , $8 , $9 FROM VALUES ('-1111' , '-1111' , 'INVALID' , 'INVALID' , 'Y' , '1901-01-01' , '1901-01-01' , SYSDATE() , 'MANUAL ENTRY'); commit;"
DIM_TIME,"DELETE FROM   EDW_STAGING_DIM.DIM_TIME   WHERE   TIME_KEY = -1 ; INSERT INTO EDW_STAGING_DIM.DIM_TIME (TIME_KEY, LOAD_DATETIME, PRIMARY_SOURCE_SYSTEM) VALUES (-1, SYSDATE(), 'MANUAL ENTRY');  commit;"
DIM_USER,"DELETE FROM EDW_STAGING_DIM.DIM_USER WHERE USER_HKEY = MD5( '99999' ); INSERT INTO EDW_STAGING_DIM.DIM_USER (USER_HKEY, UNIQUE_ID_KEY, USER_LOGIN_NAME, LOAD_DATETIME, PRIMARY_SOURCE_SYSTEM) SELECT MD5($1), MD5($2), $3, $4, $5 FROM VALUES ('99999', '99999', 'UNKNOWN',  SYSDATE(), 'MANUAL ENTRY'); commit;"
DIM_WRITTEN_PREMIUM_ELEMENT,"DELETE FROM EDW_STAGING_DIM.DIM_WRITTEN_PREMIUM_ELEMENT WHERE WRITTEN_PREMIUM_ELEMENT_HKEY = MD5( '99999' ); INSERT INTO EDW_STAGING_DIM.DIM_WRITTEN_PREMIUM_ELEMENT (UNIQUE_ID_KEY, WRITTEN_PREMIUM_ELEMENT_HKEY, WRITTEN_PREMIUM_ELEMENT_CODE, WRITTEN_PREMIUM_ELEMENT_DESC, LOAD_DATETIME, PRIMARY_SOURCE_SYSTEM) SELECT MD5($1), MD5($2), $3, $4, $5, $6 FROM VALUES ('99999', '99999', 'UNK', 'UNKNOWN', SYSDATE(), 'MANUAL ENTRY'); commit;"
DIM_YEAR_CONTROL_ELEMENT,"DELETE FROM EDW_STAGING_DIM.DIM_YEAR_CONTROL_ELEMENT WHERE YEAR_CONTROL_ELEMENT_HKEY = MD5( '99999' ); INSERT INTO EDW_STAGING_DIM.DIM_YEAR_CONTROL_ELEMENT (UNIQUE_ID_KEY,YEAR_CONTROL_ELEMENT_HKEY,POLICY_TYPE_CODE,PAYMENT_PLAN_TYPE_CODE,LEASE_TYPE_CODE,POLICY_TYPE_DESC,PAYMENT_PLAN_TYPE_DESC,LEASE_TYPE_DESC,LOAD_DATETIME,PRIMARY_SOURCE_SYSTEM) SELECT  MD5($1),MD5($2),$3,$4,$5,$6,$7,$8,$9,$10 FROM VALUES ('99999', '99999', 'UNK', 'UNK', 'UNK', 'UNKNOWN', 'UNKNOWN', 'UNKNOWN',  SYSDATE(), 'MANUAL ENTRY'); commit;"
DIM_YEAR_MONTH1,"DELETE FROM   EDW_STAGING_DIM.DIM_YEAR_MONTH   WHERE   YEAR_MONTH_SKEY = -1 ; INSERT INTO EDW_STAGING_DIM.DIM_YEAR_MONTH (YEAR_MONTH_SKEY, LOAD_DATETIME, PRIMARY_SOURCE_SYSTEM) VALUES (-1, SYSDATE(), 'MANUAL ENTRY'); commit;"
DIM_YEAR_MONTH2,"DELETE FROM   EDW_STAGING_DIM.DIM_YEAR_MONTH   WHERE   YEAR_MONTH_SKEY = -2 ; INSERT INTO EDW_STAGING_DIM.DIM_YEAR_MONTH (YEAR_MONTH_SKEY, LOAD_DATETIME, PRIMARY_SOURCE_SYSTEM) VALUES (-2, SYSDATE(), 'MANUAL ENTRY'); commit;"
DIM_YEAR_MONTH3,"DELETE FROM   EDW_STAGING_DIM.DIM_YEAR_MONTH   WHERE   YEAR_MONTH_SKEY = -3 ; INSERT INTO EDW_STAGING_DIM.DIM_YEAR_MONTH (YEAR_MONTH_SKEY, LOAD_DATETIME, PRIMARY_SOURCE_SYSTEM) VALUES (-3, SYSDATE(), 'MANUAL ENTRY'); commit;"


