TABLE_NAME,GRANT_STMT
DIM_ALLOWANCE_REQUEST_PROFILE,"ALTER TABLE DIMENSIONS.DIM_ALLOWANCE_REQUEST_PROFILE set tag VIEW_LABEL = 'prod'; "
DIM_AMBULATORY_PAYMENT_CLASSIFICATION,"ALTER TABLE dimensions.DIM_AMBULATORY_PAYMENT_CLASSIFICATION set tag VIEW_LEVEL = 'prod'; "
DIM_BWC_CALC_DRG_OUTPUT,"ALTER TABLE dimensions.DIM_BWC_CALC_DRG_OUTPUT set tag VIEW_LEVEL = 'prod'; "
DIM_CLAIM_DETAIL,"ALTER TABLE DIMENSIONS.DIM_CLAIM_DETAIL set tag VIEW_LABEL = 'prod'; "
DIM_CLAIM_ICD_SPECIFIC_DESC ,"ALTER TABLE DIMENSIONS.DIM_CLAIM_ICD_SPECIFIC_DESC  set tag VIEW_LABEL = 'prod'; "
DIM_CLAIM_ICD_STATUS_DETAIL,"ALTER TABLE DIMENSIONS.DIM_CLAIM_ICD_STATUS_DETAIL set tag VIEW_LABEL = 'prod'; "
DIM_CLAIM,"ALTER TABLE dimensions.DIM_CLAIM set tag VIEW_LEVEL = 'prod'; "
DIM_CPT,"ALTER TABLE dimensions.DIM_CPT set tag VIEW_LEVEL = 'prod'; "
DIM_DATE,"ALTER TABLE DIMENSIONS.DIM_DATE set tag VIEW_LABEL = 'prod'; "
DIM_DIAGNOSIS_RELATED_GROUP,"ALTER TABLE dimensions.DIM_DIAGNOSIS_RELATED_GROUP set tag VIEW_LEVEL = 'prod'; "
DIM_DRUG_PRICING_TYPE,"ALTER TABLE dimensions.DIM_DRUG_PRICING_TYPE set tag VIEW_LEVEL = 'prod'; "
DIM_EDIT_EOB_ENTRY,"ALTER TABLE dimensions.DIM_EDIT_EOB_ENTRY set tag VIEW_LEVEL = 'prod'; "
DIM_EDIT,"ALTER TABLE dimensions.DIM_EDIT set tag VIEW_LEVEL = 'prod'; "
DIM_EOB,"ALTER TABLE dimensions.DIM_EOB set tag VIEW_LEVEL = 'prod'; "
DIM_ICD,"ALTER TABLE DIMENSIONS.DIM_ICD set tag VIEW_LABEL = 'prod'; "
DIM_INDUSTRY_GROUP,"ALTER TABLE DIMENSIONS.DIM_INDUSTRY_GROUP set tag VIEW_LABEL = 'prod'; "
DIM_INJURED_WORKER,"ALTER TABLE dimensions.DIM_INJURED_WORKER set tag VIEW_LEVEL = 'prod'; "
DIM_MANUAL_CLASSIFICATION,"ALTER TABLE DIMENSIONS.DIM_MANUAL_CLASSIFICATION set tag VIEW_LABEL = 'prod'; "
DIM_NDC,"ALTER TABLE dimensions.DIM_NDC set tag VIEW_LEVEL = 'prod'; "
DIM_NETWORK,"ALTER TABLE dimensions.DIM_NETWORK set tag VIEW_LEVEL = 'prod'; "
DIM_POLICY_STANDING,"ALTER TABLE DIMENSIONS.DIM_POLICY_STANDING set tag VIEW_LABEL = 'prod'; "
DIM_PROVIDER,"ALTER TABLE dimensions.DIM_PROVIDER set tag VIEW_LEVEL = 'prod'; "
DIM_REVENUE_CENTER,"ALTER TABLE dimensions.DIM_REVENUE_CENTER set tag VIEW_LEVEL = 'prod'; "
DSV_INVOICE_HOSPITAL,"ALTER TABLE staging.DSV_INVOICE_HOSPITAL set tag VIEW_LEVEL = 'prod'; "
DSV_INVOICE_PRESCRIPTION,"ALTER TABLE staging.DSV_INVOICE_PRESCRIPTION set tag VIEW_LEVEL = 'prod'; "
FACT_ADDITIONAL_ALLOWANCE_REQUEST_TIMELINE,"ALTER TABLE CLAIMS_MART.FACT_ADDITIONAL_ALLOWANCE_REQUEST_TIMELINE set tag VIEW_LABEL = 'prod'; "
FACT_HOSPITAL_INPATIENT_BILLING,"ALTER TABLE MEDICAL_MART.FACT_HOSPITAL_INPATIENT_BILLING set tag VIEW_LEVEL = 'prod'; "
FACT_HOSPITAL_OUTPATIENT_BILLING,"ALTER TABLE MEDICAL_MART.FACT_HOSPITAL_OUTPATIENT_BILLING set tag VIEW_LEVEL = 'prod'; "
FACT_NDC_PRICING,"ALTER TABLE medical_mart.FACT_NDC_PRICING  set tag VIEW_LEVEL = 'prod'; "
FACT_PRESCRIPTION_BILLING,"ALTER TABLE medical_mart.FACT_PRESCRIPTION_BILLING set tag VIEW_LEVEL = 'prod'; "
FLF_CLAIM_ICD_HISTORY,"ALTER TABLE CLAIMS_MART.FLF_CLAIM_ICD_HISTORY set tag VIEW_LABEL = 'prod'; "
FLF_MEDICAL_INVOICE_HEADER_EDIT_EOB,"ALTER TABLE medical_mart.FLF_MEDICAL_INVOICE_HEADER_EDIT_EOB  set tag VIEW_LEVEL = 'prod'; "
