create database DEV_ODS;
create or replace schema DEV_ODS.SURVEY_MONKEY;
use  schema DEV_ODS.SURVEY_MONKEY;

-- // List of Surveys
create or replace table SURVEY_MONKEY.SURVEYS (
    SURVEY_ID           text,    --300747984
    SURVEY_NAME         text    --OHIO BUREAU OF WORKERS' COMPENSATION EMPLOYER AUDIT SURVEY
    -- CREATE_DATE:      date,       --2021-02-02T13:37:00
    -- QUESTION_TOTAL    number         -- 13
);

-- // List of questions for each survey
create or replace  table SURVEY_MONKEY.QUESTIONS (
    SURVEY_ID       text,    --300747984
    QUESTION_NO     number,
    QUESTION_ID     text,
    QUESTION_TXT    text
);

-- // List of answers for each question
create or replace  table SURVEY_MONKEY.ANSWERS (
    SURVEY_ID       text,    --300747984    -- Probably not needed as all IDs are unique
    QUESTION_ID     text,   -- 605148537    -- Probably not needed as all IDs are unique
    ANSWER_ID       text,
    ANSWER_TXT      text
);

-- // Responses for each Participant
create or replace table SURVEY_MONKEY.PARTICIPANTS (
    PARTICIPANT_ID  text,
    FIRST_NAME      text,
    LAST_NAME       text,
    EMAIL           text,
    DATE_CREATED    timestamp,
    DATE_MODIFIED   timestamp,
    TIME_TAKEN      number
);

-- // Responses for each Participant
create or replace  table SURVEY_MONKEY.RESPONSES (
    SURVEY_ID       text,    --300747984
    PARTICIPANT_ID  text,
    QUESTION_ID     text,
    ANSWER_ID       text
);


create or replace view DEV_EDW_32600145.SURVEY_MONKEY.SURVEY_AGGREGATE(
	SURVEY_ID,
	SURVEY_NAME,
	QUESTION_ID,
	QUESTION_TXT,
	ANSWER_ID,
	ANSWER_TXT,
	PARTICIPANT_ID,
	FIRST_NAME,
	LAST_NAME,
	EMAIL,
	TIME_TAKEN,
	DATE_CREATED,
	DATE_MODIFIED
) as (
with 
p as (select * from participants ),
q as (select * from questions),
a as (select * from answers),
r as (select * from responses),
s as (select * from surveys)
select 
	r.survey_id,
    s.survey_name,
	r.question_id,
    q.question_txt,
    try_to_number( r.answer_id ) as answer_id,
    coalesce( a.answer_txt, r.answer_id) as answer_txt,
    p.participant_id,
    p.first_name,
    p.last_name,
    p.email,
    (case when 
        row_number() over(partition by p.participant_id, r.survey_id order by r.question_id) = 1 
    then p.time_taken else null end ) as time_taken,
    p.date_created,
    p.date_modified
    from r left join a on (r.answer_id = a.answer_id)
left join q on (r.question_id = q.question_id)
left join p on (r.participant_id = p.participant_id )
join s on (r.survey_id = s.survey_id)
);


--SURVEYS available: 12 --
insert into SURVEY_MONKEY.SURVEYS values ( '300747984', 'Ohio Bureau of Workers'' Compensation Employer Audit Survey' );
insert into SURVEY_MONKEY.SURVEYS values ( '303452492', 'Ohio BWC Employer Survey' );
insert into SURVEY_MONKEY.SURVEYS values ( '112758772', 'IW Pulse Survey - 30 Day' );
insert into SURVEY_MONKEY.SURVEYS values ( '301195553', 'IW Pulse Survey - 90 Day' );
insert into SURVEY_MONKEY.SURVEYS values ( '401765993', 'IW Pulse Survey - Medical Only' );
insert into SURVEY_MONKEY.SURVEYS values ( '312123669', 'Ohio BWC First Report of Injury (FROI) Survey' );
insert into SURVEY_MONKEY.SURVEYS values ( '318130682', 'Ohio BWC MCO Customer Satisfaction Survey' );
insert into SURVEY_MONKEY.SURVEYS values ( '316723735', 'January 2022 Workshop Survey' );
insert into SURVEY_MONKEY.SURVEYS values ( '313524368', 'Workshop Survey' );
insert into SURVEY_MONKEY.SURVEYS values ( '314252541', 'Claim Topics for Targeted Messaging System' );
insert into SURVEY_MONKEY.SURVEYS values ( '163761262', 'Ohio Bureau of Workers'' Compensation Employer Audit Survey' );
insert into SURVEY_MONKEY.SURVEYS values ( '128705841', 'Ohio BWC MCO Customer Satisfaction Survey' );
----------------------------------------
--- Reading survey details from OHIO_BUREAU_OF_WORKERS_COMPENSATION_EMPLOYER_AUDIT_SURVEY_details.json ---
--- Reading response information from OHIO_BUREAU_OF_WORKERS_COMPENSATION_EMPLOYER_AUDIT_SURVEY_responses.json ---
{'surveyid': '300747984', '300747984': "Ohio Bureau of Workers' Compensation Employer Audit Survey", 'question_count': 13, 'date_created': '2021-02-02T13:37:00'}
----------------------------------------


--- INSERT STATEMENTS for QUESTIONS ---
insert into SURVEY_MONKEY.QUESTIONS values( '300747984', 1,  '605148537','What is your relationship to the employer that went through the premium 
audit or rating inspection process?' );
insert into SURVEY_MONKEY.QUESTIONS values( '300747984', 2,  '605148539','Approximately how much time did the audit or rating inspection take, including phone calls, emails, and gathering and sending information?' );
insert into SURVEY_MONKEY.QUESTIONS values( '300747984', 3,  '605148542','How would you rate the audit or rating inspection notification process, 
including the letter, telephone call or email contacts, and anything else that you recall from the initial contact?' );
insert into SURVEY_MONKEY.QUESTIONS values( '300747984', 4,  '605148543','How would you rate the premium audit or rating inspection as far as gaining an understanding of classification codes and payroll reporting?' );
insert into SURVEY_MONKEY.QUESTIONS values( '300747984', 5,  '605148544','Did the auditor explain the results of the audit or rating inspection?' 
);
insert into SURVEY_MONKEY.QUESTIONS values( '300747984', 6,  '605148545','Did you receive written instructions and/or a Schedule of Findings from 
the auditor?' );
insert into SURVEY_MONKEY.QUESTIONS values( '300747984', 7,  '605148546','How would you rate the manner in which your questions have been answered regarding the findings, classification, reporting instructions or anything else?' );
insert into SURVEY_MONKEY.QUESTIONS values( '300747984', 8,  '605148547','How satisfied are you with the amount of time it took to complete your premium audit or rating inspection?' );
insert into SURVEY_MONKEY.QUESTIONS values( '300747984', 9,  '605148548','Professionalism of auditor''s knowledge, competency, timeliness, courtesy:' );
insert into SURVEY_MONKEY.QUESTIONS values( '300747984', 10,  '605148549','Responsiveness (promptness to inquiries and satisfactorily answering your questions):' );
insert into SURVEY_MONKEY.QUESTIONS values( '300747984', 11,  '605148550','Communications skills (understandable, and level of detail provided):' 
);
insert into SURVEY_MONKEY.QUESTIONS values( '300747984', 12,  '605148551','Please elaborate on any responses of Poor or Very Poor or Unsatisfied or Very Unsatisfied.' );
insert into SURVEY_MONKEY.QUESTIONS values( '300747984', 13,  '605148552','Miscellaneous Comments (e.g., individuals particularly noteworthy, suggestions for improvements, etc..)' );
--------------------


--- PRINTING ANSWERS ---
insert into SURVEY_MONKEY.ANSWERS values(  '300747984', '605148537',  '3982038472','Employee of company' );
insert into SURVEY_MONKEY.ANSWERS values(  '300747984', '605148537',  '3982038473','CPA/Accounting firm' );
insert into SURVEY_MONKEY.ANSWERS values(  '300747984', '605148537',  '3982038474','Third Party Administrator' );
insert into SURVEY_MONKEY.ANSWERS values(  '300747984', '605148537',  '3982038475','Other (please specify)' );
insert into SURVEY_MONKEY.ANSWERS values(  '300747984', '605148539',  '3982038482','Less than one hour' );
insert into SURVEY_MONKEY.ANSWERS values(  '300747984', '605148539',  '3982038483','One to two hours' );
insert into SURVEY_MONKEY.ANSWERS values(  '300747984', '605148539',  '3982038484','Three to four hours' );
insert into SURVEY_MONKEY.ANSWERS values(  '300747984', '605148539',  '3982038485','Five to six hours' );
insert into SURVEY_MONKEY.ANSWERS values(  '300747984', '605148539',  '3982038486','Seven to eight hours' );
insert into SURVEY_MONKEY.ANSWERS values(  '300747984', '605148539',  '3982038487','One and a half days' );
insert into SURVEY_MONKEY.ANSWERS values(  '300747984', '605148539',  '3982038488','Two days or more' );
insert into SURVEY_MONKEY.ANSWERS values(  '300747984', '605148542',  '3982038498','Excellent' );
insert into SURVEY_MONKEY.ANSWERS values(  '300747984', '605148542',  '3982038499','Good' );
insert into SURVEY_MONKEY.ANSWERS values(  '300747984', '605148542',  '3982038500','Neutral' );
insert into SURVEY_MONKEY.ANSWERS values(  '300747984', '605148542',  '3982038501','Poor' );
insert into SURVEY_MONKEY.ANSWERS values(  '300747984', '605148542',  '3982038502','Very Poor' );
insert into SURVEY_MONKEY.ANSWERS values(  '300747984', '605148543',  '3982038503','Excellent' );
insert into SURVEY_MONKEY.ANSWERS values(  '300747984', '605148543',  '3982038504','Good' );
insert into SURVEY_MONKEY.ANSWERS values(  '300747984', '605148543',  '3982038505','Neutral' );
insert into SURVEY_MONKEY.ANSWERS values(  '300747984', '605148543',  '3982038506','Poor' );
insert into SURVEY_MONKEY.ANSWERS values(  '300747984', '605148543',  '3982038507','Very Poor' );
insert into SURVEY_MONKEY.ANSWERS values(  '300747984', '605148544',  '3982038508','Yes' );
insert into SURVEY_MONKEY.ANSWERS values(  '300747984', '605148544',  '3982038509','No' );
insert into SURVEY_MONKEY.ANSWERS values(  '300747984', '605148545',  '3982038511','Yes' );
insert into SURVEY_MONKEY.ANSWERS values(  '300747984', '605148545',  '3982038512','No' );
insert into SURVEY_MONKEY.ANSWERS values(  '300747984', '605148546',  '3982038514','Excellent' );
insert into SURVEY_MONKEY.ANSWERS values(  '300747984', '605148546',  '3982038515','Good' );
insert into SURVEY_MONKEY.ANSWERS values(  '300747984', '605148546',  '3982038516','Neutral' );
insert into SURVEY_MONKEY.ANSWERS values(  '300747984', '605148546',  '3982038517','Poor' );
insert into SURVEY_MONKEY.ANSWERS values(  '300747984', '605148546',  '3982038518','Very Poor' );
insert into SURVEY_MONKEY.ANSWERS values(  '300747984', '605148547',  '3982038519','Very Satisfied' );
insert into SURVEY_MONKEY.ANSWERS values(  '300747984', '605148547',  '3982038520','Satisfied' );
insert into SURVEY_MONKEY.ANSWERS values(  '300747984', '605148547',  '3982038533','Neutral' );
insert into SURVEY_MONKEY.ANSWERS values(  '300747984', '605148547',  '3982038521','Unsatisfied' );
insert into SURVEY_MONKEY.ANSWERS values(  '300747984', '605148547',  '3982038522','Very Unsatisfied' );
insert into SURVEY_MONKEY.ANSWERS values(  '300747984', '605148548',  '3982038523','Excellent' );
insert into SURVEY_MONKEY.ANSWERS values(  '300747984', '605148548',  '3982038524','Good' );
insert into SURVEY_MONKEY.ANSWERS values(  '300747984', '605148548',  '3982038525','Neutral' );
insert into SURVEY_MONKEY.ANSWERS values(  '300747984', '605148548',  '3982038526','Poor' );
insert into SURVEY_MONKEY.ANSWERS values(  '300747984', '605148548',  '3982038527','Very Poor' );
insert into SURVEY_MONKEY.ANSWERS values(  '300747984', '605148549',  '3982038528','Excellent' );
insert into SURVEY_MONKEY.ANSWERS values(  '300747984', '605148549',  '3982038529','Good' );
insert into SURVEY_MONKEY.ANSWERS values(  '300747984', '605148549',  '3982038530','Neutral' );
insert into SURVEY_MONKEY.ANSWERS values(  '300747984', '605148549',  '3982038531','Poor' );
insert into SURVEY_MONKEY.ANSWERS values(  '300747984', '605148549',  '3982038532','Very Poor' );
insert into SURVEY_MONKEY.ANSWERS values(  '300747984', '605148550',  '3982038534','Excellent' );
insert into SURVEY_MONKEY.ANSWERS values(  '300747984', '605148550',  '3982038535','Good' );
insert into SURVEY_MONKEY.ANSWERS values(  '300747984', '605148550',  '3982038536','Neutral' );
insert into SURVEY_MONKEY.ANSWERS values(  '300747984', '605148550',  '3982038537','Poor' );
insert into SURVEY_MONKEY.ANSWERS values(  '300747984', '605148550',  '3982038538','Very Poor' );
insert into SURVEY_MONKEY.ANSWERS values(  '300747984', '605148551',  '3982038538','Very Poor' );
insert into SURVEY_MONKEY.ANSWERS values(  '300747984', '605148552',  '3982038538','Very Poor' );


//- Parsing example response data --

-- Converting response to dictionary
--- INSERT STATEMENTS for PARTICIPANTS ---
insert into SURVEY_MONKEY.PARTICIPANTS values ( '6070975071', '1599387', 'TGW-SYSTEMS INC', 'laura.butrick@tgw-group.com' );
insert into SURVEY_MONKEY.PARTICIPANTS values ( '6070974967', '772429', '302 GOSSARD INC', 'MGossard302@gmail.com' );
insert into SURVEY_MONKEY.PARTICIPANTS values ( '6070975245', '1361220', 'ZOAR VOLUNTEER FIRE DEPARTMENT INC', 'meisercj@roadrunner.com' );       
insert into SURVEY_MONKEY.PARTICIPANTS values ( '6070975417', '80052318', 'STIRN CONTRACTING LLC', 'pat@writewordsmedia.com' );
insert into SURVEY_MONKEY.PARTICIPANTS values ( '6070974913', '607407', 'FIRST BAPTIST CHURCH', 'arn604@sbcglobal.net' );
insert into SURVEY_MONKEY.PARTICIPANTS values ( '6070975278', '1508989', 'RI-EL INVESTMENT GROUP INC', 'ckelty7@woh.rr.com' );
insert into SURVEY_MONKEY.PARTICIPANTS values ( '6070975411', '80050170', 'BREATHE FOR CHANGE  INC', 'andykaplanmail@gmail.com' );
insert into SURVEY_MONKEY.PARTICIPANTS values ( '6070975536', '80057292', 'TRAINA DESIGN  INC', 'brandy@trainadesign.com' );
insert into SURVEY_MONKEY.PARTICIPANTS values ( '6070975333', '1605628', 'CHEMIMAGE FILTER TECHNOLOGIES  LLC', 'palmerd@chemimage.com' );
insert into SURVEY_MONKEY.PARTICIPANTS values ( '6070975393', '80045865', 'J.G. FOGG & CO. INCORPORATED', 'reed@jgfogg.com' );
insert into SURVEY_MONKEY.PARTICIPANTS values ( '6070975330', '1715498', 'ADAPTIVE SPORTS PROGRAM OF OHIO', 'sara.kwiecien@adaptivesportsohio.org' );
insert into SURVEY_MONKEY.PARTICIPANTS values ( '6070975090', '1723734', 'RIGHT AT SCHOOL  LLC', 'erika.lewis@rightatschool.com' );
insert into SURVEY_MONKEY.PARTICIPANTS values ( '6070975379', '1751374', 'BRILLIANTK9', 'teri@brilliantk9.com' );
insert into SURVEY_MONKEY.PARTICIPANTS values ( '6070975561', '80072141', 'AMITY HOME HEALTH CARE  INC.', 'bruce.g.schroeder@gmail.com' );        
insert into SURVEY_MONKEY.PARTICIPANTS values ( '6070975013', '1320427', 'SIGNATURE PARTNERS INC', 'dougk@signature4.com' );
insert into SURVEY_MONKEY.PARTICIPANTS values ( '6070975186', '768058', 'VERMEER HEARTLAND INC', 'sgreene@vermeerhl.com' );
insert into SURVEY_MONKEY.PARTICIPANTS values ( '6070975006', '1368433', 'ELDON LEROY JORDAN', 'windowinstallerman@yahoo.com' );
insert into SURVEY_MONKEY.PARTICIPANTS values ( '6070975016', '1358141', 'BURNS INDUSTRIAL EQUIPMENT INC.', 'cindys@burnslift.com' );
insert into SURVEY_MONKEY.PARTICIPANTS values ( '6070975557', '80068282', 'QUANDEL ENTERPRISES  INC', 'hlenker@quandel.com' );
insert into SURVEY_MONKEY.PARTICIPANTS values ( '6070974939', '1687219', 'ALL ROCKS R US LLC', 'jjelitelaura@aol.com' );
insert into SURVEY_MONKEY.PARTICIPANTS values ( '6070975514', '1620516', 'CONCENTRIX CORPORATION', 'dionne.parks@concentrix.com' );
insert into SURVEY_MONKEY.PARTICIPANTS values ( '6070974881', '1453082', 'HOUSE OF BLUES CLEVELAND LLC', 'TCANOVI@COMPENSATION-SOLUTIONS.COM' );  
insert into SURVEY_MONKEY.PARTICIPANTS values ( '6070975160', '117633', 'ELECTRICIANS UNION 306', 'mikem@ibew306.org' );
insert into SURVEY_MONKEY.PARTICIPANTS values ( '6070974896', '1167331', 'SELECT EMPLOYMENT SERVICES INC', 'DSTONFER@SELECTMEDICAL.COM' );        
insert into SURVEY_MONKEY.PARTICIPANTS values ( '6070974915', '1743069', 'TJD ENERGY SERVICES LLC', 'cjcapo@tjdenergy.com' );
insert into SURVEY_MONKEY.PARTICIPANTS values ( '6070975012', '1299213', 'J & S COURIER INC', 'jspirk9590@aol.com' );
insert into SURVEY_MONKEY.PARTICIPANTS values ( '6070975329', '1715299', 'PRO FAB WELDING SERVICE LLC', 'tyler@profabwelding.com' );
insert into SURVEY_MONKEY.PARTICIPANTS values ( '6070975544', '80062652', 'EDGEWOOD VETERINARY HOSPITAL INC', 'terrimallone462@gmail.com' );      
insert into SURVEY_MONKEY.PARTICIPANTS values ( '6070974917', '80040181', 'MIDWEST ROOTS LLC', 'jacobmulvey@gmail.com' );
insert into SURVEY_MONKEY.PARTICIPANTS values ( '6070975508', '1582405', 'FAMECCANICA NORTH AMERICA INC', 'jennifer.carter@fameccanica.com' );    
insert into SURVEY_MONKEY.PARTICIPANTS values ( '6070975098', '1743691', 'HECO EQUIPMENT MGT SYSTEMS INC', 'kbishop@hecoinc.com' );
insert into SURVEY_MONKEY.PARTICIPANTS values ( '6070975511', '1615346', 'TRI STATE INTERIORS LLC', 'andy@apschweitzer.com' );
insert into SURVEY_MONKEY.PARTICIPANTS values ( '6070975354', '80012504', 'ROASTED HOLDINGS LLC', 'prector@biggby.com' );
insert into SURVEY_MONKEY.PARTICIPANTS values ( '6070975347', '1746487', 'AMERICAN SOCIETY FOR TESTING AND MATLS', 'LMitchell@astm.org' );        
insert into SURVEY_MONKEY.PARTICIPANTS values ( '6070975537', '80057928', 'PATRICIAN ENTERPRISE  INC', 'patrician.enterprise.inc@gmail.com' );    
insert into SURVEY_MONKEY.PARTICIPANTS values ( '6070975127', '80039286', 'MEDICAL INFORMATICS ENGINEERING  INCORPORATED', 'dnolan@mieweb.com' ); 
insert into SURVEY_MONKEY.PARTICIPANTS values ( '6070975341', '1735243', 'LANIGAN CONSTRUCTION LLC', 'megan@laniganconstructionllc.com' );        
insert into SURVEY_MONKEY.PARTICIPANTS values ( '6070975289', '1643118', 'PREZIO HEALTH', 'Danielle.charest@northfieldmedical.com' );
insert into SURVEY_MONKEY.PARTICIPANTS values ( '6070975542', '80062294', 'ASURITY MORTGAGE GROUP  LLC', 'aschoen@sandlerllc.com' );
insert into SURVEY_MONKEY.PARTICIPANTS values ( '6070975369', '80036511', 'PROCESS EQUIPMENT COMPANY WELDING SERVIC', 'ap@peco-us.com' );
insert into SURVEY_MONKEY.PARTICIPANTS values ( '6070975232', '1163391', 'WAYNE ROBERTSON', 'jtartell@ftsohio.com' );
insert into SURVEY_MONKEY.PARTICIPANTS values ( '6070975269', '1423846', 'BELMONT COUNTY ANIMAL RESCUE LEAGUE', 'denise.bcarl@gmail.com' );       
insert into SURVEY_MONKEY.PARTICIPANTS values ( '6070975277', '1507832', 'OPTIV SECURITY INC', 'benefits@optiv.com' );
insert into SURVEY_MONKEY.PARTICIPANTS values ( '6070975115', '80029622', 'MODERN SUPPORT SERVICES INC', 'jdalton@modernsupportservices.org' );   
insert into SURVEY_MONKEY.PARTICIPANTS values ( '6070974916', '1710345', 'BRADLEY CALDWELL  INC', 'gbowman@bradleycaldwell.com' );
insert into SURVEY_MONKEY.PARTICIPANTS values ( '6070975350', '1554135', 'LAROCHE TREE SERVICE INC', 'jeff.bernosky@larochetree.com' );
insert into SURVEY_MONKEY.PARTICIPANTS values ( '6070975092', '1728823', 'TRANSDEV NORTH AMERICA INC', 'penny.boswell@transdev.com' );
insert into SURVEY_MONKEY.PARTICIPANTS values ( '6070975132', '80040855', 'KEY HOLDINGS LLC', 'pamwright5275@gmail.com' );
insert into SURVEY_MONKEY.PARTICIPANTS values ( '6070975273', '1500727', 'TERRY LEE HARRIS', 'tkharris10@hotmail.com' );
insert into SURVEY_MONKEY.PARTICIPANTS values ( '6070975413', '80050950', 'J&R DELIVERY SOLUTIONS LLC', 'jrdeliverysolutions@yahoo.com' );        
insert into SURVEY_MONKEY.PARTICIPANTS values ( '6070975022', '1340515', 'GREG CLARK FARMS', 'arda@aschlimancpa.com' );
insert into SURVEY_MONKEY.PARTICIPANTS values ( '6070975446', '80064416', 'NCAMK  LLC', 'angela@northcoastauto.com' );
insert into SURVEY_MONKEY.PARTICIPANTS values ( '6070975224', '1288674', 'DARRYL OLTERMAN', 'vicolterman@yahoo.com' );
insert into SURVEY_MONKEY.PARTICIPANTS values ( '6070975234', '1185886', 'TRANSVAC CORPORATION', 'agood@interdyne-transvac.com' );
insert into SURVEY_MONKEY.PARTICIPANTS values ( '6070975448', '80065494', 'ICONICX CRITICAL SOLUTIONS LLC', 'hforster@iconicxllc.com' );
insert into SURVEY_MONKEY.PARTICIPANTS values ( '6070975108', '1678993', 'BEAGLE HILL LAND SOLUTIONS LLC', 'joe@beaglehill.com' );
insert into SURVEY_MONKEY.PARTICIPANTS values ( '6070975524', '80052941', 'CARDINAL GROUP MANAGEMENT MIDWEST LLC', 'lauren@cardinalgroup.com' );  
insert into SURVEY_MONKEY.PARTICIPANTS values ( '6070975282', '1528103', '', 'tsherwin@petrochoice.com' );
insert into SURVEY_MONKEY.PARTICIPANTS values ( '6129889486', '1390353', 'AGT SERVICES INC', 'jimm@agtservices.com' );
insert into SURVEY_MONKEY.PARTICIPANTS values ( '6129889379', '80057650', 'WEST MICHIGAN CANCER CENTER', 'mcampbell@wmcc.org' );
insert into SURVEY_MONKEY.PARTICIPANTS values ( '6129889154', '350147', 'FRONTZ DRILLING INC', 'zfrary@frontzdrilling.com' );
insert into SURVEY_MONKEY.PARTICIPANTS values ( '6129889638', '80064429', 'KPG HEALTHCARE LLC', 'hr@kpghealthcare.com' );
insert into SURVEY_MONKEY.PARTICIPANTS values ( '6129889060', '80065996', 'BLOCK COMMUNICATIONS  INC.', 'cbraun@toledoblade.com' );
insert into SURVEY_MONKEY.PARTICIPANTS values ( '6129889435', '975378', 'AMERICAN CONSOLIDATED INDUSTRIES INC', 'mrossen@monarchsteel.com' );     
insert into SURVEY_MONKEY.PARTICIPANTS values ( '6129889633', '80061461', 'ERNIE BALL INC', 'sharon@ernieball.com' );
insert into SURVEY_MONKEY.PARTICIPANTS values ( '6129889266', '1666098', 'COOLSEAL USA LLC', 'mjaeck@coolsealusa.com' );
insert into SURVEY_MONKEY.PARTICIPANTS values ( '6129889280', '1649520', 'LILLY LAWN AND LANDSCAPE LLC', 'office@lillylawnandlandscape.com' );    
insert into SURVEY_MONKEY.PARTICIPANTS values ( '6129889350', '80061588', 'GFOUR MARKETING GROUP  INC', 'beverly@stafflink.net' );
insert into SURVEY_MONKEY.PARTICIPANTS values ( '6129889572', '1631630', 'FEW AUTOMOTIVE GLASS APPLICATIONS INC', 'mdurst@few-group.com' );       
insert into SURVEY_MONKEY.PARTICIPANTS values ( '6129889309', '1719362', 'K AND T WINDOW CLEANING', 'KTWINDOWS@KANDTWINDOWCLEANING.COM' );        
insert into SURVEY_MONKEY.PARTICIPANTS values ( '6129889244', '1454448', 'NTT SECURITY (US) INC', 'bill.evanoff@global.ntt' );
insert into SURVEY_MONKEY.PARTICIPANTS values ( '6129889384', '80058705', 'RTS SOLUTIONZ INC', 'cskates@solutionzinc.com' );
insert into SURVEY_MONKEY.PARTICIPANTS values ( '6129889136', '1501515', 'SPARTAN MONGO V INC', 'rhobart@me.com' );
insert into SURVEY_MONKEY.PARTICIPANTS values ( '6129889143', '47654', 'WINZELER STAMPING COMPANY', 'dtruscinski@winzelerstamping.com' );
insert into SURVEY_MONKEY.PARTICIPANTS values ( '6129889256', '1577110', 'YAGOUR GROUP LLC', 'heather@perfectionlandscapes.com' );
insert into SURVEY_MONKEY.PARTICIPANTS values ( '6129889411', '427954', 'MANUFACTURED HOUSING ENTERPRISES INC', 'maryjane@mheinc.com' );
insert into SURVEY_MONKEY.PARTICIPANTS values ( '6129889105', '784022', 'KLIMAT MASTER CONTRACTORS  INC', 'FJKANE711@FUSE.NET' );
insert into SURVEY_MONKEY.PARTICIPANTS values ( '6129889559', '80036856', 'CELERION INC', 'phillip.kottmeyer@celerion.com' );
insert into SURVEY_MONKEY.PARTICIPANTS values ( '6129889236', '1372161', 'JET RESOURCE INC', 'robbie.robison@rrsc.com' );
insert into SURVEY_MONKEY.PARTICIPANTS values ( '6129889039', '80049045', 'TERRAPIN RIDGE FARMS  LLC', 'accounting@terrapinridge.com' );
insert into SURVEY_MONKEY.PARTICIPANTS values ( '6129889555', '80034353', 'BARRIER COMPLIANCE SERVICES LLC', 'tedwards@barriercompanies.com' );   
insert into SURVEY_MONKEY.PARTICIPANTS values ( '6129889416', '635174', 'NAGY BODY AND FRAME INC', 'hallie@nagys.com' );
insert into SURVEY_MONKEY.PARTICIPANTS values ( '6129889510', '1571138', 'CANTRELL REFINERY SALES & TRNSPRTN INC', 'Fred@1ststopinc.com' );       
insert into SURVEY_MONKEY.PARTICIPANTS values ( '6129889313', '1655070', 'GARBAGE GUYS WHO CARE INC', 'sjcobb@aol.com' );
insert into SURVEY_MONKEY.PARTICIPANTS values ( '6129889403', '152770', 'RAY C SPROSTY BAG CO INC', 'tonja@sprostybag.com' );
insert into SURVEY_MONKEY.PARTICIPANTS values ( '6129889450', '1085147', 'TEAM RAHAL  INC.', 'bkoenig@rahal.com' );
insert into SURVEY_MONKEY.PARTICIPANTS values ( '6129889010', '430484', 'PAHL READY MIX CONCRETE INC', 'linsi@pahlreadymix.com' );
insert into SURVEY_MONKEY.PARTICIPANTS values ( '6129889151', '292585', 'BLOODED HORSE SALES CO', 'hawsjerry@gmail.com' );
insert into SURVEY_MONKEY.PARTICIPANTS values ( '6129889458', '1146209', 'PTC ENTERPRISES INC', 'joyces@ptc-enterprises.com' );
insert into SURVEY_MONKEY.PARTICIPANTS values ( '6129889282', '1650327', 'MID AMERICA ONCOLOGY LLC', 'leah.larkin@hcahealthcare.com' );
insert into SURVEY_MONKEY.PARTICIPANTS values ( '6129889509', '1570455', 'ORRVILON INC', 'B.Raines@orrvilon.com' );
insert into SURVEY_MONKEY.PARTICIPANTS values ( '6129889076', '1698375', 'ALLIANCE 3', 'jwerren@mytalentlaunch.com' );
insert into SURVEY_MONKEY.PARTICIPANTS values ( '6129889382', '80058389', 'OMS PEO  INC.', 'tmiller@omsgroup.com' );
insert into SURVEY_MONKEY.PARTICIPANTS values ( '6129889158', '412292', 'OHIO HEARTLAND COMMUNITY ACTN COMMISSION', 'anitam@ohcac.org' );
insert into SURVEY_MONKEY.PARTICIPANTS values ( '6129889624', '80058301', 'G.C. EVANS SALES AND MANUFACTURING COMPANY  INC.', 'christyb@gcevans.com' );
insert into SURVEY_MONKEY.PARTICIPANTS values ( '6129889328', '80047152', 'SOUTH CAROLINA HOSPITAL ASSOCIATION', 'medenfield@scha.org' );
insert into SURVEY_MONKEY.PARTICIPANTS values ( '6129889054', '452563', 'AMTRAC OF OHIO INC', 'mary@amtracohio.com' );
insert into SURVEY_MONKEY.PARTICIPANTS values ( '6129889065', '1717069', 'THE HC COMPANIES INC', 'kmohney@hc-companies.com' );
insert into SURVEY_MONKEY.PARTICIPANTS values ( '6129889229', '1329823', 'FAST FORMING.COM LLC', 'james@fastforming.com' );
insert into SURVEY_MONKEY.PARTICIPANTS values ( '6129889603', '80049193', 'SCIENTEL SOLUTIONS LLC', 'dmills@scientelsolutions.com' );


--- INSERT STATEMENTS for RESPONSES ---
insert into SURVEY_MONKEY.RESPONSES values ( '300747984', '6070975071', '605148537', '3982038472' );
insert into SURVEY_MONKEY.RESPONSES values ( '300747984', '6070975071', '605148539', '3982038484' );
insert into SURVEY_MONKEY.RESPONSES values ( '300747984', '6070975071', '605148542', '3982038498' );
insert into SURVEY_MONKEY.RESPONSES values ( '300747984', '6070975071', '605148543', '3982038503' );
insert into SURVEY_MONKEY.RESPONSES values ( '300747984', '6070975071', '605148544', '3982038508' );
insert into SURVEY_MONKEY.RESPONSES values ( '300747984', '6070975071', '605148545', '3982038511' );
insert into SURVEY_MONKEY.RESPONSES values ( '300747984', '6070975071', '605148546', '3982038514' );
insert into SURVEY_MONKEY.RESPONSES values ( '300747984', '6070975071', '605148547', '3982038520' );
insert into SURVEY_MONKEY.RESPONSES values ( '300747984', '6070975071', '605148548', '3982038523' );
insert into SURVEY_MONKEY.RESPONSES values ( '300747984', '6070975071', '605148549', '3982038528' );
insert into SURVEY_MONKEY.RESPONSES values ( '300747984', '6070975071', '605148550', '3982038534' );
insert into SURVEY_MONKEY.RESPONSES values ( '300747984', '6070974967', '605148537', '3982038472' );
insert into SURVEY_MONKEY.RESPONSES values ( '300747984', '6070974967', '605148539', '3982038482' );
insert into SURVEY_MONKEY.RESPONSES values ( '300747984', '6070974967', '605148542', '3982038498' );
insert into SURVEY_MONKEY.RESPONSES values ( '300747984', '6070974967', '605148543', '3982038503' );
insert into SURVEY_MONKEY.RESPONSES values ( '300747984', '6070974967', '605148544', '3982038508' );
insert into SURVEY_MONKEY.RESPONSES values ( '300747984', '6070974967', '605148545', '3982038511' );
insert into SURVEY_MONKEY.RESPONSES values ( '300747984', '6070974967', '605148546', '3982038514' );
insert into SURVEY_MONKEY.RESPONSES values ( '300747984', '6070974967', '605148547', '3982038519' );
insert into SURVEY_MONKEY.RESPONSES values ( '300747984', '6070974967', '605148548', '3982038523' );
insert into SURVEY_MONKEY.RESPONSES values ( '300747984', '6070974967', '605148549', '3982038528' );
insert into SURVEY_MONKEY.RESPONSES values ( '300747984', '6070974967', '605148550', '3982038534' );
insert into SURVEY_MONKEY.RESPONSES values ( '300747984', '6070974967', '605148551', 'Very satisfied ' );
insert into SURVEY_MONKEY.RESPONSES values ( '300747984', '6070975245', '605148537', '3982038472' );
insert into SURVEY_MONKEY.RESPONSES values ( '300747984', '6070975245', '605148539', '3982038483' );
insert into SURVEY_MONKEY.RESPONSES values ( '300747984', '6070975245', '605148542', '3982038499' );
insert into SURVEY_MONKEY.RESPONSES values ( '300747984', '6070975245', '605148543', '3982038504' );
insert into SURVEY_MONKEY.RESPONSES values ( '300747984', '6070975245', '605148544', '3982038508' );
insert into SURVEY_MONKEY.RESPONSES values ( '300747984', '6070975245', '605148545', '3982038511' );
insert into SURVEY_MONKEY.RESPONSES values ( '300747984', '6070975245', '605148546', '3982038515' );
insert into SURVEY_MONKEY.RESPONSES values ( '300747984', '6070975245', '605148547', '3982038520' );
insert into SURVEY_MONKEY.RESPONSES values ( '300747984', '6070975245', '605148548', '3982038524' );
insert into SURVEY_MONKEY.RESPONSES values ( '300747984', '6070975245', '605148549', '3982038529' );
insert into SURVEY_MONKEY.RESPONSES values ( '300747984', '6070975245', '605148550', '3982038535' );
insert into SURVEY_MONKEY.RESPONSES values ( '300747984', '6070975245', '605148552', 'In the future it would be nice to know that there has been a complaint filed, before you begin asking for information.  Did not know this was an Audit when it first started.  Thank you.  Everyone was very kind and courteous.  And it was well explained, after that.' );
insert into SURVEY_MONKEY.RESPONSES values ( '300747984', '6070975417', '605148537', 'None' );
insert into SURVEY_MONKEY.RESPONSES values ( '300747984', '6070975417', '605148539', '3982038482' );
insert into SURVEY_MONKEY.RESPONSES values ( '300747984', '6070975417', '605148542', '3982038498' );
insert into SURVEY_MONKEY.RESPONSES values ( '300747984', '6070975417', '605148543', '3982038503' );
insert into SURVEY_MONKEY.RESPONSES values ( '300747984', '6070975417', '605148544', '3982038508' );
insert into SURVEY_MONKEY.RESPONSES values ( '300747984', '6070975417', '605148545', '3982038511' );
insert into SURVEY_MONKEY.RESPONSES values ( '300747984', '6070975417', '605148546', '3982038514' );
insert into SURVEY_MONKEY.RESPONSES values ( '300747984', '6070975417', '605148547', '3982038519' );
insert into SURVEY_MONKEY.RESPONSES values ( '300747984', '6070975417', '605148548', '3982038523' );
insert into SURVEY_MONKEY.RESPONSES values ( '300747984', '6070975417', '605148549', '3982038528' );
insert into SURVEY_MONKEY.RESPONSES values ( '300747984', '6070975417', '605148550', '3982038534' );
insert into SURVEY_MONKEY.RESPONSES values ( '300747984', '6070974913', '605148537', '3982038472' );
insert into SURVEY_MONKEY.RESPONSES values ( '300747984', '6070974913', '605148539', '3982038482' );
insert into SURVEY_MONKEY.RESPONSES values ( '300747984', '6070974913', '605148542', '3982038498' );
insert into SURVEY_MONKEY.RESPONSES values ( '300747984', '6070974913', '605148543', '3982038505' );
insert into SURVEY_MONKEY.RESPONSES values ( '300747984', '6070974913', '605148544', '3982038508' );
insert into SURVEY_MONKEY.RESPONSES values ( '300747984', '6070974913', '605148545', '3982038511' );
insert into SURVEY_MONKEY.RESPONSES values ( '300747984', '6070974913', '605148546', '3982038514' );
insert into SURVEY_MONKEY.RESPONSES values ( '300747984', '6070974913', '605148547', '3982038519' );
insert into SURVEY_MONKEY.RESPONSES values ( '300747984', '6070974913', '605148548', '3982038523' );
insert into SURVEY_MONKEY.RESPONSES values ( '300747984', '6070974913', '605148549', '3982038528' );
insert into SURVEY_MONKEY.RESPONSES values ( '300747984', '6070974913', '605148550', '3982038534' );
insert into SURVEY_MONKEY.RESPONSES values ( '300747984', '6070975278', '605148537', '3982038472' );
insert into SURVEY_MONKEY.RESPONSES values ( '300747984', '6070975278', '605148539', '3982038482' );
insert into SURVEY_MONKEY.RESPONSES values ( '300747984', '6070975278', '605148542', '3982038498' );
insert into SURVEY_MONKEY.RESPONSES values ( '300747984', '6070975278', '605148543', '3982038504' );
insert into SURVEY_MONKEY.RESPONSES values ( '300747984', '6070975278', '605148544', '3982038508' );
insert into SURVEY_MONKEY.RESPONSES values ( '300747984', '6070975278', '605148546', '3982038515' );
insert into SURVEY_MONKEY.RESPONSES values ( '300747984', '6070975278', '605148547', '3982038519' );
insert into SURVEY_MONKEY.RESPONSES values ( '300747984', '6070975278', '605148548', '3982038523' );
insert into SURVEY_MONKEY.RESPONSES values ( '300747984', '6070975278', '605148549', '3982038528' );
insert into SURVEY_MONKEY.RESPONSES values ( '300747984', '6070975278', '605148550', '3982038534' );
insert into SURVEY_MONKEY.RESPONSES values ( '300747984', '6070975411', '605148537', '3982038473' );
insert into SURVEY_MONKEY.RESPONSES values ( '300747984', '6070975411', '605148539', '3982038482' );
insert into SURVEY_MONKEY.RESPONSES values ( '300747984', '6070975411', '605148542', '3982038498' );
insert into SURVEY_MONKEY.RESPONSES values ( '300747984', '6070975411', '605148543', '3982038503' );
insert into SURVEY_MONKEY.RESPONSES values ( '300747984', '6070975411', '605148544', '3982038508' );
insert into SURVEY_MONKEY.RESPONSES values ( '300747984', '6070975411', '605148545', '3982038511' );
insert into SURVEY_MONKEY.RESPONSES values ( '300747984', '6070975411', '605148546', '3982038514' );
insert into SURVEY_MONKEY.RESPONSES values ( '300747984', '6070975411', '605148547', '3982038519' );
insert into SURVEY_MONKEY.RESPONSES values ( '300747984', '6070975411', '605148548', '3982038523' );
insert into SURVEY_MONKEY.RESPONSES values ( '300747984', '6070975411', '605148549', '3982038528' );
insert into SURVEY_MONKEY.RESPONSES values ( '300747984', '6070975411', '605148550', '3982038534' );
insert into SURVEY_MONKEY.RESPONSES values ( '300747984', '6070975536', '605148537', '3982038472' );
insert into SURVEY_MONKEY.RESPONSES values ( '300747984', '6070975536', '605148539', '3982038482' );
insert into SURVEY_MONKEY.RESPONSES values ( '300747984', '6070975536', '605148542', '3982038498' );
insert into SURVEY_MONKEY.RESPONSES values ( '300747984', '6070975536', '605148543', '3982038503' );
insert into SURVEY_MONKEY.RESPONSES values ( '300747984', '6070975536', '605148544', '3982038508' );
insert into SURVEY_MONKEY.RESPONSES values ( '300747984', '6070975536', '605148545', '3982038511' );
insert into SURVEY_MONKEY.RESPONSES values ( '300747984', '6070975536', '605148546', '3982038514' );
insert into SURVEY_MONKEY.RESPONSES values ( '300747984', '6070975536', '605148547', '3982038519' );
insert into SURVEY_MONKEY.RESPONSES values ( '300747984', '6070975536', '605148548', '3982038523' );
insert into SURVEY_MONKEY.RESPONSES values ( '300747984', '6070975536', '605148549', '3982038528' );
insert into SURVEY_MONKEY.RESPONSES values ( '300747984', '6070975536', '605148550', '3982038534' );
insert into SURVEY_MONKEY.RESPONSES values ( '300747984', '6070975536', '605148552', 'Our auditor was extremely personable and made the process a 
breeze.' );
insert into SURVEY_MONKEY.RESPONSES values ( '300747984', '6070975333', '605148537', '3982038472' );
insert into SURVEY_MONKEY.RESPONSES values ( '300747984', '6070975333', '605148539', '3982038484' );
insert into SURVEY_MONKEY.RESPONSES values ( '300747984', '6070975333', '605148542', '3982038498' );
insert into SURVEY_MONKEY.RESPONSES values ( '300747984', '6070975333', '605148543', '3982038504' );
insert into SURVEY_MONKEY.RESPONSES values ( '300747984', '6070975333', '605148544', '3982038508' );
insert into SURVEY_MONKEY.RESPONSES values ( '300747984', '6070975333', '605148545', '3982038511' );
insert into SURVEY_MONKEY.RESPONSES values ( '300747984', '6070975333', '605148546', '3982038515' );
insert into SURVEY_MONKEY.RESPONSES values ( '300747984', '6070975333', '605148547', '3982038520' );
insert into SURVEY_MONKEY.RESPONSES values ( '300747984', '6070975333', '605148548', '3982038523' );
insert into SURVEY_MONKEY.RESPONSES values ( '300747984', '6070975333', '605148549', '3982038529' );
insert into SURVEY_MONKEY.RESPONSES values ( '300747984', '6070975333', '605148550', '3982038534' );
insert into SURVEY_MONKEY.RESPONSES values ( '300747984', '6070975393', '605148537', '3982038472' );
insert into SURVEY_MONKEY.RESPONSES values ( '300747984', '6070975393', '605148539', '3982038482' );
insert into SURVEY_MONKEY.RESPONSES values ( '300747984', '6070975393', '605148542', '3982038498' );
insert into SURVEY_MONKEY.RESPONSES values ( '300747984', '6070975393', '605148543', '3982038503' );
insert into SURVEY_MONKEY.RESPONSES values ( '300747984', '6070975393', '605148544', '3982038508' );
insert into SURVEY_MONKEY.RESPONSES values ( '300747984', '6070975393', '605148545', '3982038511' );
insert into SURVEY_MONKEY.RESPONSES values ( '300747984', '6070975393', '605148546', '3982038514' );
insert into SURVEY_MONKEY.RESPONSES values ( '300747984', '6070975393', '605148547', '3982038519' );
insert into SURVEY_MONKEY.RESPONSES values ( '300747984', '6070975393', '605148548', '3982038523' );
insert into SURVEY_MONKEY.RESPONSES values ( '300747984', '6070975393', '605148549', '3982038528' );
insert into SURVEY_MONKEY.RESPONSES values ( '300747984', '6070975393', '605148550', '3982038534' );
insert into SURVEY_MONKEY.RESPONSES values ( '300747984', '6070975330', '605148537', '3982038472' );
insert into SURVEY_MONKEY.RESPONSES values ( '300747984', '6070975330', '605148539', '3982038482' );
insert into SURVEY_MONKEY.RESPONSES values ( '300747984', '6070975330', '605148542', '3982038498' );
insert into SURVEY_MONKEY.RESPONSES values ( '300747984', '6070975330', '605148543', '3982038503' );
insert into SURVEY_MONKEY.RESPONSES values ( '300747984', '6070975330', '605148544', '3982038508' );
insert into SURVEY_MONKEY.RESPONSES values ( '300747984', '6070975330', '605148545', '3982038511' );
insert into SURVEY_MONKEY.RESPONSES values ( '300747984', '6070975330', '605148546', '3982038515' );
insert into SURVEY_MONKEY.RESPONSES values ( '300747984', '6070975330', '605148547', '3982038519' );
insert into SURVEY_MONKEY.RESPONSES values ( '300747984', '6070975330', '605148548', '3982038523' );
insert into SURVEY_MONKEY.RESPONSES values ( '300747984', '6070975330', '605148549', '3982038528' );
insert into SURVEY_MONKEY.RESPONSES values ( '300747984', '6070975330', '605148550', '3982038534' );
insert into SURVEY_MONKEY.RESPONSES values ( '300747984', '6070975330', '605148551', 'N/A' );
insert into SURVEY_MONKEY.RESPONSES values ( '300747984', '6070975330', '605148552', 'Auditor was an excellent communicator.  All steps and processes were fully explained.' );
insert into SURVEY_MONKEY.RESPONSES values ( '300747984', '6070975090', '605148537', '3982038472' );
insert into SURVEY_MONKEY.RESPONSES values ( '300747984', '6070975090', '605148539', '3982038483' );
insert into SURVEY_MONKEY.RESPONSES values ( '300747984', '6070975090', '605148542', '3982038499' );
insert into SURVEY_MONKEY.RESPONSES values ( '300747984', '6070975090', '605148543', '3982038505' );
insert into SURVEY_MONKEY.RESPONSES values ( '300747984', '6070975090', '605148544', '3982038508' );
insert into SURVEY_MONKEY.RESPONSES values ( '300747984', '6070975090', '605148545', '3982038511' );
insert into SURVEY_MONKEY.RESPONSES values ( '300747984', '6070975090', '605148546', '3982038514' );
insert into SURVEY_MONKEY.RESPONSES values ( '300747984', '6070975090', '605148547', '3982038519' );
insert into SURVEY_MONKEY.RESPONSES values ( '300747984', '6070975090', '605148548', '3982038523' );
insert into SURVEY_MONKEY.RESPONSES values ( '300747984', '6070975090', '605148549', '3982038528' );
insert into SURVEY_MONKEY.RESPONSES values ( '300747984', '6070975090', '605148550', '3982038534' );
insert into SURVEY_MONKEY.RESPONSES values ( '300747984', '6070975379', '605148537', 'None' );
insert into SURVEY_MONKEY.RESPONSES values ( '300747984', '6070975379', '605148539', '3982038482' );
insert into SURVEY_MONKEY.RESPONSES values ( '300747984', '6070975379', '605148542', '3982038498' );
insert into SURVEY_MONKEY.RESPONSES values ( '300747984', '6070975379', '605148543', '3982038504' );
insert into SURVEY_MONKEY.RESPONSES values ( '300747984', '6070975379', '605148544', '3982038508' );
insert into SURVEY_MONKEY.RESPONSES values ( '300747984', '6070975379', '605148545', '3982038512' );
insert into SURVEY_MONKEY.RESPONSES values ( '300747984', '6070975379', '605148546', '3982038516' );
insert into SURVEY_MONKEY.RESPONSES values ( '300747984', '6070975379', '605148547', '3982038520' );
insert into SURVEY_MONKEY.RESPONSES values ( '300747984', '6070975379', '605148548', '3982038523' );
insert into SURVEY_MONKEY.RESPONSES values ( '300747984', '6070975379', '605148549', '3982038529' );
insert into SURVEY_MONKEY.RESPONSES values ( '300747984', '6070975379', '605148550', '3982038535' );
insert into SURVEY_MONKEY.RESPONSES values ( '300747984', '6070975561', '605148537', '3982038472' );
insert into SURVEY_MONKEY.RESPONSES values ( '300747984', '6070975561', '605148539', '3982038484' );
insert into SURVEY_MONKEY.RESPONSES values ( '300747984', '6070975561', '605148542', '3982038498' );
insert into SURVEY_MONKEY.RESPONSES values ( '300747984', '6070975561', '605148543', '3982038503' );
insert into SURVEY_MONKEY.RESPONSES values ( '300747984', '6070975561', '605148544', '3982038508' );
insert into SURVEY_MONKEY.RESPONSES values ( '300747984', '6070975561', '605148545', '3982038511' );
insert into SURVEY_MONKEY.RESPONSES values ( '300747984', '6070975561', '605148546', '3982038514' );
insert into SURVEY_MONKEY.RESPONSES values ( '300747984', '6070975561', '605148547', '3982038519' );
insert into SURVEY_MONKEY.RESPONSES values ( '300747984', '6070975561', '605148548', '3982038523' );
insert into SURVEY_MONKEY.RESPONSES values ( '300747984', '6070975561', '605148549', '3982038528' );
insert into SURVEY_MONKEY.RESPONSES values ( '300747984', '6070975561', '605148550', '3982038534' );
insert into SURVEY_MONKEY.RESPONSES values ( '300747984', '6070975013', '605148537', '3982038472' );
insert into SURVEY_MONKEY.RESPONSES values ( '300747984', '6070975013', '605148539', '3982038485' );
insert into SURVEY_MONKEY.RESPONSES values ( '300747984', '6070975013', '605148542', '3982038498' );
insert into SURVEY_MONKEY.RESPONSES values ( '300747984', '6070975013', '605148543', '3982038503' );
insert into SURVEY_MONKEY.RESPONSES values ( '300747984', '6070975013', '605148544', '3982038508' );
insert into SURVEY_MONKEY.RESPONSES values ( '300747984', '6070975013', '605148545', '3982038511' );
insert into SURVEY_MONKEY.RESPONSES values ( '300747984', '6070975013', '605148546', '3982038514' );
insert into SURVEY_MONKEY.RESPONSES values ( '300747984', '6070975013', '605148547', '3982038519' );
insert into SURVEY_MONKEY.RESPONSES values ( '300747984', '6070975013', '605148548', '3982038523' );
insert into SURVEY_MONKEY.RESPONSES values ( '300747984', '6070975013', '605148549', '3982038528' );
insert into SURVEY_MONKEY.RESPONSES values ( '300747984', '6070975013', '605148550', '3982038534' );
insert into SURVEY_MONKEY.RESPONSES values ( '300747984', '6070975186', '605148537', '3982038472' );
insert into SURVEY_MONKEY.RESPONSES values ( '300747984', '6070975186', '605148539', '3982038482' );
insert into SURVEY_MONKEY.RESPONSES values ( '300747984', '6070975186', '605148542', '3982038499' );
insert into SURVEY_MONKEY.RESPONSES values ( '300747984', '6070975186', '605148543', '3982038504' );
insert into SURVEY_MONKEY.RESPONSES values ( '300747984', '6070975186', '605148544', '3982038508' );
insert into SURVEY_MONKEY.RESPONSES values ( '300747984', '6070975186', '605148545', '3982038511' );
insert into SURVEY_MONKEY.RESPONSES values ( '300747984', '6070975186', '605148546', '3982038515' );
insert into SURVEY_MONKEY.RESPONSES values ( '300747984', '6070975186', '605148547', '3982038520' );
insert into SURVEY_MONKEY.RESPONSES values ( '300747984', '6070975186', '605148548', '3982038524' );
insert into SURVEY_MONKEY.RESPONSES values ( '300747984', '6070975186', '605148549', '3982038529' );
insert into SURVEY_MONKEY.RESPONSES values ( '300747984', '6070975186', '605148550', '3982038535' );
insert into SURVEY_MONKEY.RESPONSES values ( '300747984', '6070975006', '605148537', 'None' );
insert into SURVEY_MONKEY.RESPONSES values ( '300747984', '6070975006', '605148539', '3982038482' );
insert into SURVEY_MONKEY.RESPONSES values ( '300747984', '6070975006', '605148542', '3982038498' );
insert into SURVEY_MONKEY.RESPONSES values ( '300747984', '6070975006', '605148543', '3982038503' );
insert into SURVEY_MONKEY.RESPONSES values ( '300747984', '6070975006', '605148544', '3982038508' );
insert into SURVEY_MONKEY.RESPONSES values ( '300747984', '6070975006', '605148545', '3982038511' );
insert into SURVEY_MONKEY.RESPONSES values ( '300747984', '6070975006', '605148546', '3982038514' );
insert into SURVEY_MONKEY.RESPONSES values ( '300747984', '6070975006', '605148547', '3982038520' );
insert into SURVEY_MONKEY.RESPONSES values ( '300747984', '6070975006', '605148548', '3982038523' );
insert into SURVEY_MONKEY.RESPONSES values ( '300747984', '6070975006', '605148549', '3982038529' );
insert into SURVEY_MONKEY.RESPONSES values ( '300747984', '6070975006', '605148550', '3982038534' );
insert into SURVEY_MONKEY.RESPONSES values ( '300747984', '6070975016', '605148537', '3982038472' );
insert into SURVEY_MONKEY.RESPONSES values ( '300747984', '6070975016', '605148539', '3982038484' );
insert into SURVEY_MONKEY.RESPONSES values ( '300747984', '6070975016', '605148542', '3982038498' );
insert into SURVEY_MONKEY.RESPONSES values ( '300747984', '6070975016', '605148543', '3982038503' );
insert into SURVEY_MONKEY.RESPONSES values ( '300747984', '6070975016', '605148544', '3982038508' );
insert into SURVEY_MONKEY.RESPONSES values ( '300747984', '6070975016', '605148545', '3982038511' );
insert into SURVEY_MONKEY.RESPONSES values ( '300747984', '6070975016', '605148546', '3982038514' );
insert into SURVEY_MONKEY.RESPONSES values ( '300747984', '6070975016', '605148547', '3982038519' );
insert into SURVEY_MONKEY.RESPONSES values ( '300747984', '6070975016', '605148548', '3982038523' );
insert into SURVEY_MONKEY.RESPONSES values ( '300747984', '6070975016', '605148549', '3982038528' );
insert into SURVEY_MONKEY.RESPONSES values ( '300747984', '6070975016', '605148550', '3982038534' );
insert into SURVEY_MONKEY.RESPONSES values ( '300747984', '6070975557', '605148537', '3982038472' );
insert into SURVEY_MONKEY.RESPONSES values ( '300747984', '6070975557', '605148539', '3982038487' );
insert into SURVEY_MONKEY.RESPONSES values ( '300747984', '6070975557', '605148542', '3982038498' );
insert into SURVEY_MONKEY.RESPONSES values ( '300747984', '6070975557', '605148543', '3982038503' );
insert into SURVEY_MONKEY.RESPONSES values ( '300747984', '6070975557', '605148544', '3982038508' );
insert into SURVEY_MONKEY.RESPONSES values ( '300747984', '6070975557', '605148545', '3982038511' );
insert into SURVEY_MONKEY.RESPONSES values ( '300747984', '6070975557', '605148546', '3982038514' );
insert into SURVEY_MONKEY.RESPONSES values ( '300747984', '6070975557', '605148547', '3982038519' );
insert into SURVEY_MONKEY.RESPONSES values ( '300747984', '6070975557', '605148548', '3982038523' );
insert into SURVEY_MONKEY.RESPONSES values ( '300747984', '6070975557', '605148549', '3982038528' );
insert into SURVEY_MONKEY.RESPONSES values ( '300747984', '6070975557', '605148550', '3982038534' );
insert into SURVEY_MONKEY.RESPONSES values ( '300747984', '6070974939', '605148537', '3982038472' );
insert into SURVEY_MONKEY.RESPONSES values ( '300747984', '6070974939', '605148539', '3982038482' );
insert into SURVEY_MONKEY.RESPONSES values ( '300747984', '6070974939', '605148542', '3982038498' );
insert into SURVEY_MONKEY.RESPONSES values ( '300747984', '6070974939', '605148543', '3982038504' );
insert into SURVEY_MONKEY.RESPONSES values ( '300747984', '6070974939', '605148544', '3982038508' );
insert into SURVEY_MONKEY.RESPONSES values ( '300747984', '6070974939', '605148545', '3982038511' );
insert into SURVEY_MONKEY.RESPONSES values ( '300747984', '6070974939', '605148546', '3982038514' );
insert into SURVEY_MONKEY.RESPONSES values ( '300747984', '6070974939', '605148547', '3982038519' );
insert into SURVEY_MONKEY.RESPONSES values ( '300747984', '6070974939', '605148548', '3982038523' );
insert into SURVEY_MONKEY.RESPONSES values ( '300747984', '6070974939', '605148549', '3982038528' );
insert into SURVEY_MONKEY.RESPONSES values ( '300747984', '6070974939', '605148550', '3982038534' );
insert into SURVEY_MONKEY.RESPONSES values ( '300747984', '6070975514', '605148537', '3982038472' );
insert into SURVEY_MONKEY.RESPONSES values ( '300747984', '6070975514', '605148539', '3982038482' );
insert into SURVEY_MONKEY.RESPONSES values ( '300747984', '6070975514', '605148542', '3982038498' );
insert into SURVEY_MONKEY.RESPONSES values ( '300747984', '6070975514', '605148543', '3982038504' );
insert into SURVEY_MONKEY.RESPONSES values ( '300747984', '6070975514', '605148544', '3982038508' );
insert into SURVEY_MONKEY.RESPONSES values ( '300747984', '6070975514', '605148545', '3982038511' );
insert into SURVEY_MONKEY.RESPONSES values ( '300747984', '6070975514', '605148546', '3982038514' );
insert into SURVEY_MONKEY.RESPONSES values ( '300747984', '6070975514', '605148547', '3982038519' );
insert into SURVEY_MONKEY.RESPONSES values ( '300747984', '6070975514', '605148548', '3982038523' );
insert into SURVEY_MONKEY.RESPONSES values ( '300747984', '6070975514', '605148549', '3982038528' );
insert into SURVEY_MONKEY.RESPONSES values ( '300747984', '6070975514', '605148550', '3982038534' );
insert into SURVEY_MONKEY.RESPONSES values ( '300747984', '6070975514', '605148552', 'Great working with Rick.  Thanks, Rick!' );
insert into SURVEY_MONKEY.RESPONSES values ( '300747984', '6070974881', '605148537', '3982038474' );
insert into SURVEY_MONKEY.RESPONSES values ( '300747984', '6070974881', '605148539', '3982038487' );
insert into SURVEY_MONKEY.RESPONSES values ( '300747984', '6070974881', '605148542', '3982038498' );
insert into SURVEY_MONKEY.RESPONSES values ( '300747984', '6070974881', '605148543', '3982038503' );
insert into SURVEY_MONKEY.RESPONSES values ( '300747984', '6070974881', '605148544', '3982038508' );
insert into SURVEY_MONKEY.RESPONSES values ( '300747984', '6070974881', '605148545', '3982038511' );
insert into SURVEY_MONKEY.RESPONSES values ( '300747984', '6070974881', '605148546', '3982038514' );
insert into SURVEY_MONKEY.RESPONSES values ( '300747984', '6070974881', '605148547', '3982038519' );
insert into SURVEY_MONKEY.RESPONSES values ( '300747984', '6070974881', '605148548', '3982038523' );
insert into SURVEY_MONKEY.RESPONSES values ( '300747984', '6070974881', '605148549', '3982038528' );
insert into SURVEY_MONKEY.RESPONSES values ( '300747984', '6070974881', '605148550', '3982038534' );
insert into SURVEY_MONKEY.RESPONSES values ( '300747984', '6070975160', '605148537', '3982038472' );
insert into SURVEY_MONKEY.RESPONSES values ( '300747984', '6070975160', '605148539', '3982038484' );
insert into SURVEY_MONKEY.RESPONSES values ( '300747984', '6070975160', '605148542', '3982038498' );
insert into SURVEY_MONKEY.RESPONSES values ( '300747984', '6070975160', '605148543', '3982038503' );
insert into SURVEY_MONKEY.RESPONSES values ( '300747984', '6070975160', '605148544', '3982038508' );
insert into SURVEY_MONKEY.RESPONSES values ( '300747984', '6070975160', '605148545', '3982038511' );
insert into SURVEY_MONKEY.RESPONSES values ( '300747984', '6070975160', '605148546', '3982038514' );
insert into SURVEY_MONKEY.RESPONSES values ( '300747984', '6070975160', '605148547', '3982038519' );
insert into SURVEY_MONKEY.RESPONSES values ( '300747984', '6070975160', '605148548', '3982038523' );
insert into SURVEY_MONKEY.RESPONSES values ( '300747984', '6070975160', '605148549', '3982038528' );
insert into SURVEY_MONKEY.RESPONSES values ( '300747984', '6070975160', '605148550', '3982038534' );
insert into SURVEY_MONKEY.RESPONSES values ( '300747984', '6070974896', '605148537', '3982038472' );
insert into SURVEY_MONKEY.RESPONSES values ( '300747984', '6070974896', '605148539', '3982038484' );
insert into SURVEY_MONKEY.RESPONSES values ( '300747984', '6070974896', '605148542', '3982038499' );
insert into SURVEY_MONKEY.RESPONSES values ( '300747984', '6070974896', '605148543', '3982038505' );
insert into SURVEY_MONKEY.RESPONSES values ( '300747984', '6070974896', '605148544', '3982038508' );
insert into SURVEY_MONKEY.RESPONSES values ( '300747984', '6070974896', '605148545', '3982038511' );
insert into SURVEY_MONKEY.RESPONSES values ( '300747984', '6070974896', '605148546', '3982038514' );
insert into SURVEY_MONKEY.RESPONSES values ( '300747984', '6070974896', '605148547', '3982038520' );
insert into SURVEY_MONKEY.RESPONSES values ( '300747984', '6070974896', '605148548', '3982038523' );
insert into SURVEY_MONKEY.RESPONSES values ( '300747984', '6070974896', '605148549', '3982038528' );
insert into SURVEY_MONKEY.RESPONSES values ( '300747984', '6070974896', '605148550', '3982038534' );
insert into SURVEY_MONKEY.RESPONSES values ( '300747984', '6070974915', '605148537', '3982038472' );
insert into SURVEY_MONKEY.RESPONSES values ( '300747984', '6070974915', '605148539', '3982038482' );
insert into SURVEY_MONKEY.RESPONSES values ( '300747984', '6070974915', '605148542', '3982038498' );
insert into SURVEY_MONKEY.RESPONSES values ( '300747984', '6070974915', '605148543', '3982038503' );
insert into SURVEY_MONKEY.RESPONSES values ( '300747984', '6070974915', '605148544', '3982038508' );
insert into SURVEY_MONKEY.RESPONSES values ( '300747984', '6070974915', '605148545', '3982038511' );
insert into SURVEY_MONKEY.RESPONSES values ( '300747984', '6070974915', '605148546', '3982038514' );
insert into SURVEY_MONKEY.RESPONSES values ( '300747984', '6070974915', '605148547', '3982038519' );
insert into SURVEY_MONKEY.RESPONSES values ( '300747984', '6070974915', '605148548', '3982038523' );
insert into SURVEY_MONKEY.RESPONSES values ( '300747984', '6070974915', '605148549', '3982038528' );
insert into SURVEY_MONKEY.RESPONSES values ( '300747984', '6070974915', '605148550', '3982038534' );
insert into SURVEY_MONKEY.RESPONSES values ( '300747984', '6070975012', '605148537', '3982038472' );
insert into SURVEY_MONKEY.RESPONSES values ( '300747984', '6070975012', '605148539', '3982038482' );
insert into SURVEY_MONKEY.RESPONSES values ( '300747984', '6070975012', '605148542', '3982038498' );
insert into SURVEY_MONKEY.RESPONSES values ( '300747984', '6070975012', '605148543', '3982038504' );
insert into SURVEY_MONKEY.RESPONSES values ( '300747984', '6070975012', '605148544', '3982038508' );
insert into SURVEY_MONKEY.RESPONSES values ( '300747984', '6070975012', '605148545', '3982038511' );
insert into SURVEY_MONKEY.RESPONSES values ( '300747984', '6070975012', '605148546', '3982038514' );
insert into SURVEY_MONKEY.RESPONSES values ( '300747984', '6070975012', '605148547', '3982038519' );
insert into SURVEY_MONKEY.RESPONSES values ( '300747984', '6070975012', '605148548', '3982038523' );
insert into SURVEY_MONKEY.RESPONSES values ( '300747984', '6070975012', '605148549', '3982038528' );
insert into SURVEY_MONKEY.RESPONSES values ( '300747984', '6070975012', '605148550', '3982038534' );
insert into SURVEY_MONKEY.RESPONSES values ( '300747984', '6070975012', '605148552', 'Very nice auditor understanding and helpful Thank you Sharon' );
insert into SURVEY_MONKEY.RESPONSES values ( '300747984', '6070975329', '605148537', '3982038472' );
insert into SURVEY_MONKEY.RESPONSES values ( '300747984', '6070975329', '605148539', '3982038484' );
insert into SURVEY_MONKEY.RESPONSES values ( '300747984', '6070975329', '605148542', '3982038498' );
insert into SURVEY_MONKEY.RESPONSES values ( '300747984', '6070975329', '605148543', '3982038503' );
insert into SURVEY_MONKEY.RESPONSES values ( '300747984', '6070975329', '605148544', '3982038508' );
insert into SURVEY_MONKEY.RESPONSES values ( '300747984', '6070975329', '605148545', '3982038511' );
insert into SURVEY_MONKEY.RESPONSES values ( '300747984', '6070975329', '605148546', '3982038514' );
insert into SURVEY_MONKEY.RESPONSES values ( '300747984', '6070975329', '605148547', '3982038519' );
insert into SURVEY_MONKEY.RESPONSES values ( '300747984', '6070975329', '605148548', '3982038523' );
insert into SURVEY_MONKEY.RESPONSES values ( '300747984', '6070975329', '605148549', '3982038528' );
insert into SURVEY_MONKEY.RESPONSES values ( '300747984', '6070975329', '605148550', '3982038534' );
insert into SURVEY_MONKEY.RESPONSES values ( '300747984', '6070975544', '605148537', '3982038472' );
insert into SURVEY_MONKEY.RESPONSES values ( '300747984', '6070975544', '605148539', '3982038482' );
insert into SURVEY_MONKEY.RESPONSES values ( '300747984', '6070975544', '605148542', '3982038498' );
insert into SURVEY_MONKEY.RESPONSES values ( '300747984', '6070975544', '605148543', '3982038503' );
insert into SURVEY_MONKEY.RESPONSES values ( '300747984', '6070975544', '605148544', '3982038508' );
insert into SURVEY_MONKEY.RESPONSES values ( '300747984', '6070975544', '605148545', '3982038511' );
insert into SURVEY_MONKEY.RESPONSES values ( '300747984', '6070975544', '605148546', '3982038514' );
insert into SURVEY_MONKEY.RESPONSES values ( '300747984', '6070975544', '605148547', '3982038519' );
insert into SURVEY_MONKEY.RESPONSES values ( '300747984', '6070975544', '605148548', '3982038523' );
insert into SURVEY_MONKEY.RESPONSES values ( '300747984', '6070975544', '605148549', '3982038528' );
insert into SURVEY_MONKEY.RESPONSES values ( '300747984', '6070975544', '605148550', '3982038534' );
insert into SURVEY_MONKEY.RESPONSES values ( '300747984', '6070975544', '605148552', 'Our auditor was Pam Schaefer and I felt she was very helpful and prompt throughout the process. Thank you Pam!' );
insert into SURVEY_MONKEY.RESPONSES values ( '300747984', '6070974917', '605148537', 'None' );
insert into SURVEY_MONKEY.RESPONSES values ( '300747984', '6070974917', '605148539', '3982038482' );
insert into SURVEY_MONKEY.RESPONSES values ( '300747984', '6070974917', '605148542', '3982038498' );
insert into SURVEY_MONKEY.RESPONSES values ( '300747984', '6070974917', '605148543', '3982038505' );
insert into SURVEY_MONKEY.RESPONSES values ( '300747984', '6070974917', '605148544', '3982038508' );
insert into SURVEY_MONKEY.RESPONSES values ( '300747984', '6070974917', '605148545', '3982038511' );
insert into SURVEY_MONKEY.RESPONSES values ( '300747984', '6070974917', '605148546', '3982038514' );
insert into SURVEY_MONKEY.RESPONSES values ( '300747984', '6070974917', '605148547', '3982038519' );
insert into SURVEY_MONKEY.RESPONSES values ( '300747984', '6070974917', '605148548', '3982038523' );
insert into SURVEY_MONKEY.RESPONSES values ( '300747984', '6070974917', '605148549', '3982038528' );
insert into SURVEY_MONKEY.RESPONSES values ( '300747984', '6070974917', '605148550', '3982038534' );
insert into SURVEY_MONKEY.RESPONSES values ( '300747984', '6070975508', '605148537', '3982038472' );
insert into SURVEY_MONKEY.RESPONSES values ( '300747984', '6070975508', '605148539', '3982038485' );
insert into SURVEY_MONKEY.RESPONSES values ( '300747984', '6070975508', '605148542', '3982038498' );
insert into SURVEY_MONKEY.RESPONSES values ( '300747984', '6070975508', '605148543', '3982038503' );
insert into SURVEY_MONKEY.RESPONSES values ( '300747984', '6070975508', '605148544', '3982038508' );
insert into SURVEY_MONKEY.RESPONSES values ( '300747984', '6070975508', '605148545', '3982038511' );
insert into SURVEY_MONKEY.RESPONSES values ( '300747984', '6070975508', '605148546', '3982038514' );
insert into SURVEY_MONKEY.RESPONSES values ( '300747984', '6070975508', '605148547', '3982038519' );
insert into SURVEY_MONKEY.RESPONSES values ( '300747984', '6070975508', '605148548', '3982038523' );
insert into SURVEY_MONKEY.RESPONSES values ( '300747984', '6070975508', '605148549', '3982038528' );
insert into SURVEY_MONKEY.RESPONSES values ( '300747984', '6070975508', '605148550', '3982038534' );
insert into SURVEY_MONKEY.RESPONSES values ( '300747984', '6070975098', '605148537', '3982038472' );
insert into SURVEY_MONKEY.RESPONSES values ( '300747984', '6070975098', '605148539', '3982038483' );
insert into SURVEY_MONKEY.RESPONSES values ( '300747984', '6070975098', '605148542', '3982038498' );
insert into SURVEY_MONKEY.RESPONSES values ( '300747984', '6070975098', '605148543', '3982038503' );
insert into SURVEY_MONKEY.RESPONSES values ( '300747984', '6070975098', '605148544', '3982038508' );
insert into SURVEY_MONKEY.RESPONSES values ( '300747984', '6070975098', '605148545', '3982038511' );
insert into SURVEY_MONKEY.RESPONSES values ( '300747984', '6070975098', '605148546', '3982038515' );
insert into SURVEY_MONKEY.RESPONSES values ( '300747984', '6070975098', '605148547', '3982038519' );
insert into SURVEY_MONKEY.RESPONSES values ( '300747984', '6070975098', '605148548', '3982038523' );
insert into SURVEY_MONKEY.RESPONSES values ( '300747984', '6070975098', '605148549', '3982038528' );
insert into SURVEY_MONKEY.RESPONSES values ( '300747984', '6070975098', '605148550', '3982038534' );
insert into SURVEY_MONKEY.RESPONSES values ( '300747984', '6070975511', '605148537', '3982038473' );
insert into SURVEY_MONKEY.RESPONSES values ( '300747984', '6070975511', '605148539', '3982038483' );
insert into SURVEY_MONKEY.RESPONSES values ( '300747984', '6070975511', '605148542', '3982038500' );
insert into SURVEY_MONKEY.RESPONSES values ( '300747984', '6070975511', '605148543', '3982038505' );
insert into SURVEY_MONKEY.RESPONSES values ( '300747984', '6070975511', '605148544', '3982038508' );
insert into SURVEY_MONKEY.RESPONSES values ( '300747984', '6070975511', '605148545', '3982038511' );
insert into SURVEY_MONKEY.RESPONSES values ( '300747984', '6070975511', '605148546', '3982038515' );
insert into SURVEY_MONKEY.RESPONSES values ( '300747984', '6070975511', '605148547', '3982038533' );
insert into SURVEY_MONKEY.RESPONSES values ( '300747984', '6070975511', '605148548', '3982038524' );
insert into SURVEY_MONKEY.RESPONSES values ( '300747984', '6070975511', '605148549', '3982038530' );
insert into SURVEY_MONKEY.RESPONSES values ( '300747984', '6070975511', '605148550', '3982038535' );
insert into SURVEY_MONKEY.RESPONSES values ( '300747984', '6070975354', '605148537', 'None' );
insert into SURVEY_MONKEY.RESPONSES values ( '300747984', '6070975354', '605148539', '3982038482' );
insert into SURVEY_MONKEY.RESPONSES values ( '300747984', '6070975354', '605148542', '3982038499' );
insert into SURVEY_MONKEY.RESPONSES values ( '300747984', '6070975354', '605148543', '3982038504' );
insert into SURVEY_MONKEY.RESPONSES values ( '300747984', '6070975354', '605148544', '3982038508' );
insert into SURVEY_MONKEY.RESPONSES values ( '300747984', '6070975354', '605148545', '3982038511' );
insert into SURVEY_MONKEY.RESPONSES values ( '300747984', '6070975354', '605148546', '3982038515' );
insert into SURVEY_MONKEY.RESPONSES values ( '300747984', '6070975354', '605148547', '3982038520' );
insert into SURVEY_MONKEY.RESPONSES values ( '300747984', '6070975354', '605148548', '3982038524' );
insert into SURVEY_MONKEY.RESPONSES values ( '300747984', '6070975354', '605148549', '3982038529' );
insert into SURVEY_MONKEY.RESPONSES values ( '300747984', '6070975354', '605148550', '3982038535' );
insert into SURVEY_MONKEY.RESPONSES values ( '300747984', '6070975347', '605148537', '3982038472' );
insert into SURVEY_MONKEY.RESPONSES values ( '300747984', '6070975347', '605148539', '3982038483' );
insert into SURVEY_MONKEY.RESPONSES values ( '300747984', '6070975347', '605148542', '3982038498' );
insert into SURVEY_MONKEY.RESPONSES values ( '300747984', '6070975347', '605148543', '3982038503' );
insert into SURVEY_MONKEY.RESPONSES values ( '300747984', '6070975347', '605148544', '3982038508' );
insert into SURVEY_MONKEY.RESPONSES values ( '300747984', '6070975347', '605148545', '3982038511' );
insert into SURVEY_MONKEY.RESPONSES values ( '300747984', '6070975347', '605148546', '3982038514' );
insert into SURVEY_MONKEY.RESPONSES values ( '300747984', '6070975347', '605148547', '3982038519' );
insert into SURVEY_MONKEY.RESPONSES values ( '300747984', '6070975347', '605148548', '3982038523' );
insert into SURVEY_MONKEY.RESPONSES values ( '300747984', '6070975347', '605148549', '3982038528' );
insert into SURVEY_MONKEY.RESPONSES values ( '300747984', '6070975347', '605148550', '3982038534' );
insert into SURVEY_MONKEY.RESPONSES values ( '300747984', '6070975537', '605148537', '3982038472' );
insert into SURVEY_MONKEY.RESPONSES values ( '300747984', '6070975537', '605148539', '3982038482' );
insert into SURVEY_MONKEY.RESPONSES values ( '300747984', '6070975537', '605148542', '3982038499' );
insert into SURVEY_MONKEY.RESPONSES values ( '300747984', '6070975537', '605148543', '3982038504' );
insert into SURVEY_MONKEY.RESPONSES values ( '300747984', '6070975537', '605148544', '3982038508' );
insert into SURVEY_MONKEY.RESPONSES values ( '300747984', '6070975537', '605148545', '3982038511' );
insert into SURVEY_MONKEY.RESPONSES values ( '300747984', '6070975537', '605148546', '3982038515' );
insert into SURVEY_MONKEY.RESPONSES values ( '300747984', '6070975537', '605148547', '3982038533' );
insert into SURVEY_MONKEY.RESPONSES values ( '300747984', '6070975537', '605148548', '3982038523' );
insert into SURVEY_MONKEY.RESPONSES values ( '300747984', '6070975537', '605148549', '3982038528' );
insert into SURVEY_MONKEY.RESPONSES values ( '300747984', '6070975537', '605148550', '3982038534' );
insert into SURVEY_MONKEY.RESPONSES values ( '300747984', '6070975127', '605148537', '3982038472' );
insert into SURVEY_MONKEY.RESPONSES values ( '300747984', '6070975127', '605148539', '3982038483' );
insert into SURVEY_MONKEY.RESPONSES values ( '300747984', '6070975127', '605148542', '3982038498' );
insert into SURVEY_MONKEY.RESPONSES values ( '300747984', '6070975127', '605148543', '3982038503' );
insert into SURVEY_MONKEY.RESPONSES values ( '300747984', '6070975127', '605148544', '3982038508' );
insert into SURVEY_MONKEY.RESPONSES values ( '300747984', '6070975127', '605148545', '3982038512' );
insert into SURVEY_MONKEY.RESPONSES values ( '300747984', '6070975127', '605148546', '3982038514' );
insert into SURVEY_MONKEY.RESPONSES values ( '300747984', '6070975127', '605148547', '3982038519' );
insert into SURVEY_MONKEY.RESPONSES values ( '300747984', '6070975127', '605148548', '3982038523' );
insert into SURVEY_MONKEY.RESPONSES values ( '300747984', '6070975127', '605148549', '3982038528' );
insert into SURVEY_MONKEY.RESPONSES values ( '300747984', '6070975127', '605148550', '3982038534' );
insert into SURVEY_MONKEY.RESPONSES values ( '300747984', '6070975341', '605148537', '3982038472' );
insert into SURVEY_MONKEY.RESPONSES values ( '300747984', '6070975341', '605148539', '3982038482' );
insert into SURVEY_MONKEY.RESPONSES values ( '300747984', '6070975341', '605148542', '3982038498' );
insert into SURVEY_MONKEY.RESPONSES values ( '300747984', '6070975341', '605148543', '3982038503' );
insert into SURVEY_MONKEY.RESPONSES values ( '300747984', '6070975341', '605148544', '3982038508' );
insert into SURVEY_MONKEY.RESPONSES values ( '300747984', '6070975341', '605148545', '3982038511' );
insert into SURVEY_MONKEY.RESPONSES values ( '300747984', '6070975341', '605148546', '3982038514' );
insert into SURVEY_MONKEY.RESPONSES values ( '300747984', '6070975341', '605148547', '3982038519' );
insert into SURVEY_MONKEY.RESPONSES values ( '300747984', '6070975341', '605148548', '3982038523' );
insert into SURVEY_MONKEY.RESPONSES values ( '300747984', '6070975341', '605148549', '3982038528' );
insert into SURVEY_MONKEY.RESPONSES values ( '300747984', '6070975341', '605148550', '3982038534' );
insert into SURVEY_MONKEY.RESPONSES values ( '300747984', '6070975341', '605148552', 'I always worry when I have to talk to auditors, she was great and it was a good experience.  Thank you' );
insert into SURVEY_MONKEY.RESPONSES values ( '300747984', '6070975289', '605148537', '3982038472' );
insert into SURVEY_MONKEY.RESPONSES values ( '300747984', '6070975289', '605148539', '3982038482' );
insert into SURVEY_MONKEY.RESPONSES values ( '300747984', '6070975289', '605148542', '3982038498' );
insert into SURVEY_MONKEY.RESPONSES values ( '300747984', '6070975289', '605148543', '3982038503' );
insert into SURVEY_MONKEY.RESPONSES values ( '300747984', '6070975289', '605148544', '3982038508' );
insert into SURVEY_MONKEY.RESPONSES values ( '300747984', '6070975289', '605148545', '3982038511' );
insert into SURVEY_MONKEY.RESPONSES values ( '300747984', '6070975289', '605148546', '3982038514' );
insert into SURVEY_MONKEY.RESPONSES values ( '300747984', '6070975289', '605148547', '3982038519' );
insert into SURVEY_MONKEY.RESPONSES values ( '300747984', '6070975289', '605148548', '3982038523' );
insert into SURVEY_MONKEY.RESPONSES values ( '300747984', '6070975289', '605148549', '3982038528' );
insert into SURVEY_MONKEY.RESPONSES values ( '300747984', '6070975289', '605148550', '3982038534' );
insert into SURVEY_MONKEY.RESPONSES values ( '300747984', '6070975542', '605148537', '3982038472' );
insert into SURVEY_MONKEY.RESPONSES values ( '300747984', '6070975542', '605148539', '3982038488' );
insert into SURVEY_MONKEY.RESPONSES values ( '300747984', '6070975542', '605148542', '3982038498' );
insert into SURVEY_MONKEY.RESPONSES values ( '300747984', '6070975542', '605148543', '3982038503' );
insert into SURVEY_MONKEY.RESPONSES values ( '300747984', '6070975542', '605148544', '3982038508' );
insert into SURVEY_MONKEY.RESPONSES values ( '300747984', '6070975542', '605148545', '3982038511' );
insert into SURVEY_MONKEY.RESPONSES values ( '300747984', '6070975542', '605148546', '3982038514' );
insert into SURVEY_MONKEY.RESPONSES values ( '300747984', '6070975542', '605148547', '3982038519' );
insert into SURVEY_MONKEY.RESPONSES values ( '300747984', '6070975542', '605148548', '3982038523' );
insert into SURVEY_MONKEY.RESPONSES values ( '300747984', '6070975542', '605148549', '3982038528' );
insert into SURVEY_MONKEY.RESPONSES values ( '300747984', '6070975542', '605148550', '3982038534' );
insert into SURVEY_MONKEY.RESPONSES values ( '300747984', '6070975369', '605148537', '3982038472' );
insert into SURVEY_MONKEY.RESPONSES values ( '300747984', '6070975369', '605148539', '3982038482' );
insert into SURVEY_MONKEY.RESPONSES values ( '300747984', '6070975369', '605148542', '3982038499' );
insert into SURVEY_MONKEY.RESPONSES values ( '300747984', '6070975369', '605148543', '3982038504' );
insert into SURVEY_MONKEY.RESPONSES values ( '300747984', '6070975369', '605148544', '3982038508' );
insert into SURVEY_MONKEY.RESPONSES values ( '300747984', '6070975369', '605148545', '3982038511' );
insert into SURVEY_MONKEY.RESPONSES values ( '300747984', '6070975369', '605148546', '3982038515' );
insert into SURVEY_MONKEY.RESPONSES values ( '300747984', '6070975369', '605148547', '3982038519' );
insert into SURVEY_MONKEY.RESPONSES values ( '300747984', '6070975369', '605148548', '3982038523' );
insert into SURVEY_MONKEY.RESPONSES values ( '300747984', '6070975369', '605148549', '3982038528' );
insert into SURVEY_MONKEY.RESPONSES values ( '300747984', '6070975369', '605148550', '3982038535' );
insert into SURVEY_MONKEY.RESPONSES values ( '300747984', '6070975232', '605148537', '3982038474' );
insert into SURVEY_MONKEY.RESPONSES values ( '300747984', '6070975232', '605148539', '3982038482' );
insert into SURVEY_MONKEY.RESPONSES values ( '300747984', '6070975232', '605148542', '3982038499' );
insert into SURVEY_MONKEY.RESPONSES values ( '300747984', '6070975232', '605148543', '3982038504' );
insert into SURVEY_MONKEY.RESPONSES values ( '300747984', '6070975232', '605148544', '3982038508' );
insert into SURVEY_MONKEY.RESPONSES values ( '300747984', '6070975232', '605148545', '3982038511' );
insert into SURVEY_MONKEY.RESPONSES values ( '300747984', '6070975232', '605148546', '3982038515' );
insert into SURVEY_MONKEY.RESPONSES values ( '300747984', '6070975232', '605148547', '3982038520' );
insert into SURVEY_MONKEY.RESPONSES values ( '300747984', '6070975232', '605148548', '3982038524' );
insert into SURVEY_MONKEY.RESPONSES values ( '300747984', '6070975232', '605148549', '3982038529' );
insert into SURVEY_MONKEY.RESPONSES values ( '300747984', '6070975232', '605148550', '3982038535' );
insert into SURVEY_MONKEY.RESPONSES values ( '300747984', '6070975269', '605148537', 'None' );
insert into SURVEY_MONKEY.RESPONSES values ( '300747984', '6070975269', '605148539', '3982038485' );
insert into SURVEY_MONKEY.RESPONSES values ( '300747984', '6070975269', '605148542', '3982038499' );
insert into SURVEY_MONKEY.RESPONSES values ( '300747984', '6070975269', '605148543', '3982038504' );
insert into SURVEY_MONKEY.RESPONSES values ( '300747984', '6070975269', '605148544', '3982038508' );
insert into SURVEY_MONKEY.RESPONSES values ( '300747984', '6070975269', '605148545', '3982038511' );
insert into SURVEY_MONKEY.RESPONSES values ( '300747984', '6070975269', '605148546', '3982038515' );
insert into SURVEY_MONKEY.RESPONSES values ( '300747984', '6070975269', '605148547', '3982038520' );
insert into SURVEY_MONKEY.RESPONSES values ( '300747984', '6070975269', '605148548', '3982038523' );
insert into SURVEY_MONKEY.RESPONSES values ( '300747984', '6070975269', '605148549', '3982038528' );
insert into SURVEY_MONKEY.RESPONSES values ( '300747984', '6070975269', '605148550', '3982038534' );
insert into SURVEY_MONKEY.RESPONSES values ( '300747984', '6070975277', '605148537', '3982038472' );
insert into SURVEY_MONKEY.RESPONSES values ( '300747984', '6070975277', '605148539', '3982038482' );
insert into SURVEY_MONKEY.RESPONSES values ( '300747984', '6070975277', '605148542', '3982038499' );
insert into SURVEY_MONKEY.RESPONSES values ( '300747984', '6070975277', '605148543', '3982038506' );
insert into SURVEY_MONKEY.RESPONSES values ( '300747984', '6070975277', '605148544', '3982038508' );
insert into SURVEY_MONKEY.RESPONSES values ( '300747984', '6070975277', '605148545', '3982038511' );
insert into SURVEY_MONKEY.RESPONSES values ( '300747984', '6070975277', '605148546', '3982038515' );
insert into SURVEY_MONKEY.RESPONSES values ( '300747984', '6070975277', '605148547', '3982038520' );
insert into SURVEY_MONKEY.RESPONSES values ( '300747984', '6070975277', '605148548', '3982038524' );
insert into SURVEY_MONKEY.RESPONSES values ( '300747984', '6070975277', '605148549', '3982038529' );
insert into SURVEY_MONKEY.RESPONSES values ( '300747984', '6070975277', '605148550', '3982038535' );
insert into SURVEY_MONKEY.RESPONSES values ( '300747984', '6070975277', '605148552', 'Rick Rodgers was very efficient and prompt.  The audit did not take much time at all which is appreciated. ' );
insert into SURVEY_MONKEY.RESPONSES values ( '300747984', '6070975115', '605148537', '3982038472' );
insert into SURVEY_MONKEY.RESPONSES values ( '300747984', '6070975115', '605148539', '3982038483' );
insert into SURVEY_MONKEY.RESPONSES values ( '300747984', '6070975115', '605148542', '3982038498' );
insert into SURVEY_MONKEY.RESPONSES values ( '300747984', '6070975115', '605148543', '3982038503' );
insert into SURVEY_MONKEY.RESPONSES values ( '300747984', '6070975115', '605148544', '3982038508' );
insert into SURVEY_MONKEY.RESPONSES values ( '300747984', '6070975115', '605148545', '3982038511' );
insert into SURVEY_MONKEY.RESPONSES values ( '300747984', '6070975115', '605148546', '3982038514' );
insert into SURVEY_MONKEY.RESPONSES values ( '300747984', '6070975115', '605148547', '3982038519' );
insert into SURVEY_MONKEY.RESPONSES values ( '300747984', '6070975115', '605148548', '3982038523' );
insert into SURVEY_MONKEY.RESPONSES values ( '300747984', '6070975115', '605148549', '3982038528' );
insert into SURVEY_MONKEY.RESPONSES values ( '300747984', '6070975115', '605148550', '3982038534' );
insert into SURVEY_MONKEY.RESPONSES values ( '300747984', '6070974916', '605148537', '3982038472' );
insert into SURVEY_MONKEY.RESPONSES values ( '300747984', '6070974916', '605148539', '3982038482' );
insert into SURVEY_MONKEY.RESPONSES values ( '300747984', '6070974916', '605148542', '3982038498' );
insert into SURVEY_MONKEY.RESPONSES values ( '300747984', '6070974916', '605148543', '3982038503' );
insert into SURVEY_MONKEY.RESPONSES values ( '300747984', '6070974916', '605148544', '3982038508' );
insert into SURVEY_MONKEY.RESPONSES values ( '300747984', '6070974916', '605148545', '3982038511' );
insert into SURVEY_MONKEY.RESPONSES values ( '300747984', '6070974916', '605148546', '3982038514' );
insert into SURVEY_MONKEY.RESPONSES values ( '300747984', '6070974916', '605148547', '3982038519' );
insert into SURVEY_MONKEY.RESPONSES values ( '300747984', '6070974916', '605148548', '3982038523' );
insert into SURVEY_MONKEY.RESPONSES values ( '300747984', '6070974916', '605148549', '3982038528' );
insert into SURVEY_MONKEY.RESPONSES values ( '300747984', '6070974916', '605148550', '3982038534' );
insert into SURVEY_MONKEY.RESPONSES values ( '300747984', '6070975350', '605148537', '3982038472' );
insert into SURVEY_MONKEY.RESPONSES values ( '300747984', '6070975350', '605148539', '3982038483' );
insert into SURVEY_MONKEY.RESPONSES values ( '300747984', '6070975350', '605148542', '3982038498' );
insert into SURVEY_MONKEY.RESPONSES values ( '300747984', '6070975350', '605148543', '3982038503' );
insert into SURVEY_MONKEY.RESPONSES values ( '300747984', '6070975350', '605148544', '3982038508' );
insert into SURVEY_MONKEY.RESPONSES values ( '300747984', '6070975350', '605148545', '3982038511' );
insert into SURVEY_MONKEY.RESPONSES values ( '300747984', '6070975350', '605148546', '3982038514' );
insert into SURVEY_MONKEY.RESPONSES values ( '300747984', '6070975350', '605148547', '3982038519' );
insert into SURVEY_MONKEY.RESPONSES values ( '300747984', '6070975350', '605148548', '3982038523' );
insert into SURVEY_MONKEY.RESPONSES values ( '300747984', '6070975350', '605148549', '3982038528' );
insert into SURVEY_MONKEY.RESPONSES values ( '300747984', '6070975350', '605148550', '3982038534' );
insert into SURVEY_MONKEY.RESPONSES values ( '300747984', '6070975092', '605148537', '3982038472' );
insert into SURVEY_MONKEY.RESPONSES values ( '300747984', '6070975092', '605148539', '3982038482' );
insert into SURVEY_MONKEY.RESPONSES values ( '300747984', '6070975092', '605148542', '3982038498' );
insert into SURVEY_MONKEY.RESPONSES values ( '300747984', '6070975092', '605148543', '3982038503' );
insert into SURVEY_MONKEY.RESPONSES values ( '300747984', '6070975092', '605148544', '3982038508' );
insert into SURVEY_MONKEY.RESPONSES values ( '300747984', '6070975092', '605148545', '3982038511' );
insert into SURVEY_MONKEY.RESPONSES values ( '300747984', '6070975092', '605148546', '3982038514' );
insert into SURVEY_MONKEY.RESPONSES values ( '300747984', '6070975092', '605148547', '3982038519' );
insert into SURVEY_MONKEY.RESPONSES values ( '300747984', '6070975092', '605148548', '3982038523' );
insert into SURVEY_MONKEY.RESPONSES values ( '300747984', '6070975092', '605148549', '3982038528' );
insert into SURVEY_MONKEY.RESPONSES values ( '300747984', '6070975092', '605148550', '3982038534' );
insert into SURVEY_MONKEY.RESPONSES values ( '300747984', '6070975132', '605148537', 'None' );
insert into SURVEY_MONKEY.RESPONSES values ( '300747984', '6070975132', '605148539', '3982038483' );
insert into SURVEY_MONKEY.RESPONSES values ( '300747984', '6070975132', '605148542', '3982038498' );
insert into SURVEY_MONKEY.RESPONSES values ( '300747984', '6070975132', '605148543', '3982038506' );
insert into SURVEY_MONKEY.RESPONSES values ( '300747984', '6070975132', '605148544', '3982038508' );
insert into SURVEY_MONKEY.RESPONSES values ( '300747984', '6070975132', '605148545', '3982038511' );
insert into SURVEY_MONKEY.RESPONSES values ( '300747984', '6070975132', '605148546', '3982038516' );
insert into SURVEY_MONKEY.RESPONSES values ( '300747984', '6070975132', '605148547', '3982038520' );
insert into SURVEY_MONKEY.RESPONSES values ( '300747984', '6070975132', '605148548', '3982038524' );
insert into SURVEY_MONKEY.RESPONSES values ( '300747984', '6070975132', '605148549', '3982038529' );
insert into SURVEY_MONKEY.RESPONSES values ( '300747984', '6070975132', '605148550', '3982038537' );
insert into SURVEY_MONKEY.RESPONSES values ( '300747984', '6070975132', '605148551', 'I Still dont Understand how the sudtemwodks' );
insert into SURVEY_MONKEY.RESPONSES values ( '300747984', '6070975273', '605148537', 'None' );
insert into SURVEY_MONKEY.RESPONSES values ( '300747984', '6070975273', '605148539', '3982038482' );
insert into SURVEY_MONKEY.RESPONSES values ( '300747984', '6070975273', '605148542', '3982038498' );
insert into SURVEY_MONKEY.RESPONSES values ( '300747984', '6070975273', '605148543', '3982038503' );
insert into SURVEY_MONKEY.RESPONSES values ( '300747984', '6070975273', '605148544', '3982038508' );
insert into SURVEY_MONKEY.RESPONSES values ( '300747984', '6070975273', '605148545', '3982038511' );
insert into SURVEY_MONKEY.RESPONSES values ( '300747984', '6070975273', '605148546', '3982038514' );
insert into SURVEY_MONKEY.RESPONSES values ( '300747984', '6070975273', '605148547', '3982038519' );
insert into SURVEY_MONKEY.RESPONSES values ( '300747984', '6070975273', '605148548', '3982038523' );
insert into SURVEY_MONKEY.RESPONSES values ( '300747984', '6070975273', '605148549', '3982038528' );
insert into SURVEY_MONKEY.RESPONSES values ( '300747984', '6070975273', '605148550', '3982038534' );
insert into SURVEY_MONKEY.RESPONSES values ( '300747984', '6070975273', '605148552', 'Good process for understanding the BWC process' );
insert into SURVEY_MONKEY.RESPONSES values ( '300747984', '6070975413', '605148537', 'None' );
insert into SURVEY_MONKEY.RESPONSES values ( '300747984', '6070975413', '605148539', '3982038482' );
insert into SURVEY_MONKEY.RESPONSES values ( '300747984', '6070975413', '605148542', '3982038499' );
insert into SURVEY_MONKEY.RESPONSES values ( '300747984', '6070975413', '605148543', '3982038504' );
insert into SURVEY_MONKEY.RESPONSES values ( '300747984', '6070975413', '605148544', '3982038508' );
insert into SURVEY_MONKEY.RESPONSES values ( '300747984', '6070975413', '605148545', '3982038511' );
insert into SURVEY_MONKEY.RESPONSES values ( '300747984', '6070975413', '605148546', '3982038515' );
insert into SURVEY_MONKEY.RESPONSES values ( '300747984', '6070975413', '605148547', '3982038520' );
insert into SURVEY_MONKEY.RESPONSES values ( '300747984', '6070975413', '605148548', '3982038524' );
insert into SURVEY_MONKEY.RESPONSES values ( '300747984', '6070975413', '605148549', '3982038528' );
insert into SURVEY_MONKEY.RESPONSES values ( '300747984', '6070975413', '605148550', '3982038535' );
insert into SURVEY_MONKEY.RESPONSES values ( '300747984', '6070975022', '605148537', '3982038473' );
insert into SURVEY_MONKEY.RESPONSES values ( '300747984', '6070975022', '605148539', '3982038483' );
insert into SURVEY_MONKEY.RESPONSES values ( '300747984', '6070975022', '605148542', '3982038498' );
insert into SURVEY_MONKEY.RESPONSES values ( '300747984', '6070975022', '605148543', '3982038503' );
insert into SURVEY_MONKEY.RESPONSES values ( '300747984', '6070975022', '605148544', '3982038508' );
insert into SURVEY_MONKEY.RESPONSES values ( '300747984', '6070975022', '605148545', '3982038511' );
insert into SURVEY_MONKEY.RESPONSES values ( '300747984', '6070975022', '605148546', '3982038514' );
insert into SURVEY_MONKEY.RESPONSES values ( '300747984', '6070975022', '605148547', '3982038519' );
insert into SURVEY_MONKEY.RESPONSES values ( '300747984', '6070975022', '605148548', '3982038523' );
insert into SURVEY_MONKEY.RESPONSES values ( '300747984', '6070975022', '605148549', '3982038528' );
insert into SURVEY_MONKEY.RESPONSES values ( '300747984', '6070975022', '605148550', '3982038534' );
insert into SURVEY_MONKEY.RESPONSES values ( '300747984', '6070975446', '605148537', '3982038472' );
insert into SURVEY_MONKEY.RESPONSES values ( '300747984', '6070975446', '605148539', '3982038482' );
insert into SURVEY_MONKEY.RESPONSES values ( '300747984', '6070975446', '605148542', '3982038499' );
insert into SURVEY_MONKEY.RESPONSES values ( '300747984', '6070975446', '605148543', '3982038504' );
insert into SURVEY_MONKEY.RESPONSES values ( '300747984', '6070975446', '605148544', '3982038508' );
insert into SURVEY_MONKEY.RESPONSES values ( '300747984', '6070975446', '605148545', '3982038512' );
insert into SURVEY_MONKEY.RESPONSES values ( '300747984', '6070975446', '605148546', '3982038515' );
insert into SURVEY_MONKEY.RESPONSES values ( '300747984', '6070975446', '605148547', '3982038519' );
insert into SURVEY_MONKEY.RESPONSES values ( '300747984', '6070975446', '605148548', '3982038523' );
insert into SURVEY_MONKEY.RESPONSES values ( '300747984', '6070975446', '605148549', '3982038528' );
insert into SURVEY_MONKEY.RESPONSES values ( '300747984', '6070975446', '605148550', '3982038534' );
insert into SURVEY_MONKEY.RESPONSES values ( '300747984', '6070975224', '605148537', 'None' );
insert into SURVEY_MONKEY.RESPONSES values ( '300747984', '6070975224', '605148539', '3982038482' );
insert into SURVEY_MONKEY.RESPONSES values ( '300747984', '6070975224', '605148542', '3982038498' );
insert into SURVEY_MONKEY.RESPONSES values ( '300747984', '6070975224', '605148543', '3982038505' );
insert into SURVEY_MONKEY.RESPONSES values ( '300747984', '6070975224', '605148544', '3982038508' );
insert into SURVEY_MONKEY.RESPONSES values ( '300747984', '6070975224', '605148545', '3982038511' );
insert into SURVEY_MONKEY.RESPONSES values ( '300747984', '6070975224', '605148546', '3982038515' );
insert into SURVEY_MONKEY.RESPONSES values ( '300747984', '6070975224', '605148547', '3982038520' );
insert into SURVEY_MONKEY.RESPONSES values ( '300747984', '6070975224', '605148548', '3982038523' );
insert into SURVEY_MONKEY.RESPONSES values ( '300747984', '6070975224', '605148549', '3982038528' );
insert into SURVEY_MONKEY.RESPONSES values ( '300747984', '6070975224', '605148550', '3982038534' );
insert into SURVEY_MONKEY.RESPONSES values ( '300747984', '6070975234', '605148537', '3982038472' );
insert into SURVEY_MONKEY.RESPONSES values ( '300747984', '6070975234', '605148539', '3982038486' );
insert into SURVEY_MONKEY.RESPONSES values ( '300747984', '6070975234', '605148542', '3982038499' );
insert into SURVEY_MONKEY.RESPONSES values ( '300747984', '6070975234', '605148543', '3982038504' );
insert into SURVEY_MONKEY.RESPONSES values ( '300747984', '6070975234', '605148544', '3982038508' );
insert into SURVEY_MONKEY.RESPONSES values ( '300747984', '6070975234', '605148545', '3982038511' );
insert into SURVEY_MONKEY.RESPONSES values ( '300747984', '6070975234', '605148546', '3982038515' );
insert into SURVEY_MONKEY.RESPONSES values ( '300747984', '6070975234', '605148547', '3982038533' );
insert into SURVEY_MONKEY.RESPONSES values ( '300747984', '6070975234', '605148548', '3982038524' );
insert into SURVEY_MONKEY.RESPONSES values ( '300747984', '6070975234', '605148549', '3982038529' );
insert into SURVEY_MONKEY.RESPONSES values ( '300747984', '6070975234', '605148550', '3982038535' );
insert into SURVEY_MONKEY.RESPONSES values ( '300747984', '6070975448', '605148537', '3982038472' );
insert into SURVEY_MONKEY.RESPONSES values ( '300747984', '6070975448', '605148539', '3982038487' );
insert into SURVEY_MONKEY.RESPONSES values ( '300747984', '6070975448', '605148542', '3982038498' );
insert into SURVEY_MONKEY.RESPONSES values ( '300747984', '6070975448', '605148543', '3982038503' );
insert into SURVEY_MONKEY.RESPONSES values ( '300747984', '6070975448', '605148544', '3982038508' );
insert into SURVEY_MONKEY.RESPONSES values ( '300747984', '6070975448', '605148545', '3982038511' );
insert into SURVEY_MONKEY.RESPONSES values ( '300747984', '6070975448', '605148546', '3982038514' );
insert into SURVEY_MONKEY.RESPONSES values ( '300747984', '6070975448', '605148547', '3982038519' );
insert into SURVEY_MONKEY.RESPONSES values ( '300747984', '6070975448', '605148548', '3982038523' );
insert into SURVEY_MONKEY.RESPONSES values ( '300747984', '6070975448', '605148549', '3982038528' );
insert into SURVEY_MONKEY.RESPONSES values ( '300747984', '6070975448', '605148550', '3982038534' );
insert into SURVEY_MONKEY.RESPONSES values ( '300747984', '6070975108', '605148537', 'None' );
insert into SURVEY_MONKEY.RESPONSES values ( '300747984', '6070975108', '605148539', '3982038483' );
insert into SURVEY_MONKEY.RESPONSES values ( '300747984', '6070975108', '605148542', '3982038499' );
insert into SURVEY_MONKEY.RESPONSES values ( '300747984', '6070975108', '605148543', '3982038505' );
insert into SURVEY_MONKEY.RESPONSES values ( '300747984', '6070975108', '605148544', '3982038508' );
insert into SURVEY_MONKEY.RESPONSES values ( '300747984', '6070975108', '605148545', '3982038511' );
insert into SURVEY_MONKEY.RESPONSES values ( '300747984', '6070975108', '605148546', '3982038515' );
insert into SURVEY_MONKEY.RESPONSES values ( '300747984', '6070975108', '605148547', '3982038520' );
insert into SURVEY_MONKEY.RESPONSES values ( '300747984', '6070975108', '605148548', '3982038523' );
insert into SURVEY_MONKEY.RESPONSES values ( '300747984', '6070975108', '605148549', '3982038528' );
insert into SURVEY_MONKEY.RESPONSES values ( '300747984', '6070975108', '605148550', '3982038534' );
insert into SURVEY_MONKEY.RESPONSES values ( '300747984', '6070975108', '605148552', 'It seems strange that I was audited on all three companies I have Policies with BWC for this year.  You need all that info from me, but you cannot get my payments applied when sent.......    Whole thing seems to have been targeted.       ' );
insert into SURVEY_MONKEY.RESPONSES values ( '300747984', '6070975524', '605148537', '3982038472' );
insert into SURVEY_MONKEY.RESPONSES values ( '300747984', '6070975524', '605148539', '3982038484' );
insert into SURVEY_MONKEY.RESPONSES values ( '300747984', '6070975524', '605148542', '3982038498' );
insert into SURVEY_MONKEY.RESPONSES values ( '300747984', '6070975524', '605148543', '3982038503' );
insert into SURVEY_MONKEY.RESPONSES values ( '300747984', '6070975524', '605148544', '3982038508' );
insert into SURVEY_MONKEY.RESPONSES values ( '300747984', '6070975524', '605148545', '3982038511' );
insert into SURVEY_MONKEY.RESPONSES values ( '300747984', '6070975524', '605148546', '3982038514' );
insert into SURVEY_MONKEY.RESPONSES values ( '300747984', '6070975524', '605148547', '3982038520' );
insert into SURVEY_MONKEY.RESPONSES values ( '300747984', '6070975524', '605148548', '3982038523' );
insert into SURVEY_MONKEY.RESPONSES values ( '300747984', '6070975524', '605148549', '3982038528' );
insert into SURVEY_MONKEY.RESPONSES values ( '300747984', '6070975524', '605148550', '3982038534' );
insert into SURVEY_MONKEY.RESPONSES values ( '300747984', '6070975282', '605148537', '3982038472' );
insert into SURVEY_MONKEY.RESPONSES values ( '300747984', '6070975282', '605148539', '3982038482' );
insert into SURVEY_MONKEY.RESPONSES values ( '300747984', '6070975282', '605148542', '3982038498' );
insert into SURVEY_MONKEY.RESPONSES values ( '300747984', '6070975282', '605148543', '3982038503' );
insert into SURVEY_MONKEY.RESPONSES values ( '300747984', '6070975282', '605148544', '3982038508' );
insert into SURVEY_MONKEY.RESPONSES values ( '300747984', '6070975282', '605148545', '3982038511' );
insert into SURVEY_MONKEY.RESPONSES values ( '300747984', '6070975282', '605148546', '3982038514' );
insert into SURVEY_MONKEY.RESPONSES values ( '300747984', '6070975282', '605148547', '3982038519' );
insert into SURVEY_MONKEY.RESPONSES values ( '300747984', '6070975282', '605148548', '3982038523' );
insert into SURVEY_MONKEY.RESPONSES values ( '300747984', '6070975282', '605148549', '3982038528' );
insert into SURVEY_MONKEY.RESPONSES values ( '300747984', '6070975282', '605148550', '3982038534' );
insert into SURVEY_MONKEY.RESPONSES values ( '300747984', '6129889486', '605148537', '3982038472' );
insert into SURVEY_MONKEY.RESPONSES values ( '300747984', '6129889486', '605148539', '3982038482' );
insert into SURVEY_MONKEY.RESPONSES values ( '300747984', '6129889486', '605148542', '3982038498' );
insert into SURVEY_MONKEY.RESPONSES values ( '300747984', '6129889486', '605148543', '3982038503' );
insert into SURVEY_MONKEY.RESPONSES values ( '300747984', '6129889486', '605148544', '3982038508' );
insert into SURVEY_MONKEY.RESPONSES values ( '300747984', '6129889486', '605148545', '3982038511' );
insert into SURVEY_MONKEY.RESPONSES values ( '300747984', '6129889486', '605148546', '3982038514' );
insert into SURVEY_MONKEY.RESPONSES values ( '300747984', '6129889486', '605148547', '3982038519' );
insert into SURVEY_MONKEY.RESPONSES values ( '300747984', '6129889486', '605148548', '3982038523' );
insert into SURVEY_MONKEY.RESPONSES values ( '300747984', '6129889486', '605148549', '3982038528' );
insert into SURVEY_MONKEY.RESPONSES values ( '300747984', '6129889486', '605148550', '3982038534' );
insert into SURVEY_MONKEY.RESPONSES values ( '300747984', '6129889379', '605148537', '3982038472' );
insert into SURVEY_MONKEY.RESPONSES values ( '300747984', '6129889379', '605148539', '3982038482' );
insert into SURVEY_MONKEY.RESPONSES values ( '300747984', '6129889379', '605148542', '3982038498' );
insert into SURVEY_MONKEY.RESPONSES values ( '300747984', '6129889379', '605148543', '3982038503' );
insert into SURVEY_MONKEY.RESPONSES values ( '300747984', '6129889379', '605148544', '3982038508' );
insert into SURVEY_MONKEY.RESPONSES values ( '300747984', '6129889379', '605148545', '3982038511' );
insert into SURVEY_MONKEY.RESPONSES values ( '300747984', '6129889379', '605148546', '3982038514' );
insert into SURVEY_MONKEY.RESPONSES values ( '300747984', '6129889379', '605148547', '3982038519' );
insert into SURVEY_MONKEY.RESPONSES values ( '300747984', '6129889379', '605148548', '3982038523' );
insert into SURVEY_MONKEY.RESPONSES values ( '300747984', '6129889379', '605148549', '3982038528' );
insert into SURVEY_MONKEY.RESPONSES values ( '300747984', '6129889379', '605148550', '3982038534' );
insert into SURVEY_MONKEY.RESPONSES values ( '300747984', '6129889154', '605148537', '3982038472' );
insert into SURVEY_MONKEY.RESPONSES values ( '300747984', '6129889154', '605148539', '3982038482' );
insert into SURVEY_MONKEY.RESPONSES values ( '300747984', '6129889154', '605148542', '3982038498' );
insert into SURVEY_MONKEY.RESPONSES values ( '300747984', '6129889154', '605148543', '3982038503' );
insert into SURVEY_MONKEY.RESPONSES values ( '300747984', '6129889154', '605148544', '3982038508' );
insert into SURVEY_MONKEY.RESPONSES values ( '300747984', '6129889154', '605148545', '3982038511' );
insert into SURVEY_MONKEY.RESPONSES values ( '300747984', '6129889154', '605148546', '3982038514' );
insert into SURVEY_MONKEY.RESPONSES values ( '300747984', '6129889154', '605148547', '3982038519' );
insert into SURVEY_MONKEY.RESPONSES values ( '300747984', '6129889154', '605148548', '3982038523' );
insert into SURVEY_MONKEY.RESPONSES values ( '300747984', '6129889154', '605148549', '3982038528' );
insert into SURVEY_MONKEY.RESPONSES values ( '300747984', '6129889154', '605148550', '3982038534' );
insert into SURVEY_MONKEY.RESPONSES values ( '300747984', '6129889638', '605148537', '3982038472' );
insert into SURVEY_MONKEY.RESPONSES values ( '300747984', '6129889638', '605148539', '3982038482' );
insert into SURVEY_MONKEY.RESPONSES values ( '300747984', '6129889638', '605148542', '3982038498' );
insert into SURVEY_MONKEY.RESPONSES values ( '300747984', '6129889638', '605148543', '3982038503' );
insert into SURVEY_MONKEY.RESPONSES values ( '300747984', '6129889638', '605148544', '3982038508' );
insert into SURVEY_MONKEY.RESPONSES values ( '300747984', '6129889638', '605148545', '3982038511' );
insert into SURVEY_MONKEY.RESPONSES values ( '300747984', '6129889638', '605148546', '3982038514' );
insert into SURVEY_MONKEY.RESPONSES values ( '300747984', '6129889638', '605148547', '3982038519' );
insert into SURVEY_MONKEY.RESPONSES values ( '300747984', '6129889638', '605148548', '3982038523' );
insert into SURVEY_MONKEY.RESPONSES values ( '300747984', '6129889638', '605148549', '3982038528' );
insert into SURVEY_MONKEY.RESPONSES values ( '300747984', '6129889638', '605148550', '3982038534' );
insert into SURVEY_MONKEY.RESPONSES values ( '300747984', '6129889060', '605148537', '3982038472' );
insert into SURVEY_MONKEY.RESPONSES values ( '300747984', '6129889060', '605148539', '3982038486' );
insert into SURVEY_MONKEY.RESPONSES values ( '300747984', '6129889060', '605148542', '3982038500' );
insert into SURVEY_MONKEY.RESPONSES values ( '300747984', '6129889060', '605148543', '3982038505' );
insert into SURVEY_MONKEY.RESPONSES values ( '300747984', '6129889060', '605148544', '3982038508' );
insert into SURVEY_MONKEY.RESPONSES values ( '300747984', '6129889060', '605148545', '3982038511' );
insert into SURVEY_MONKEY.RESPONSES values ( '300747984', '6129889060', '605148546', '3982038516' );
insert into SURVEY_MONKEY.RESPONSES values ( '300747984', '6129889060', '605148547', '3982038522' );
insert into SURVEY_MONKEY.RESPONSES values ( '300747984', '6129889060', '605148548', '3982038524' );
insert into SURVEY_MONKEY.RESPONSES values ( '300747984', '6129889060', '605148549', '3982038529' );
insert into SURVEY_MONKEY.RESPONSES values ( '300747984', '6129889060', '605148550', '3982038535' );
insert into SURVEY_MONKEY.RESPONSES values ( '300747984', '6129889060', '605148551', 'Many of the questions they ask are items we''ve spent a lot 
of time on and have already provided the BWC in applications or prior updates.  The auditors shouldn''t ask so many questions that they already have the answers to or can easily find by doing some extra work on their part. ' );
insert into SURVEY_MONKEY.RESPONSES values ( '300747984', '6129889060', '605148552', 'The auditors dont'' spend much time on condusting the audit, rather the burden of time and effort is placed on the employer.  This should change if the BWC will continue to audit employer groups.' );       
insert into SURVEY_MONKEY.RESPONSES values ( '300747984', '6129889435', '605148537', '3982038472' );
insert into SURVEY_MONKEY.RESPONSES values ( '300747984', '6129889435', '605148539', '3982038482' );
insert into SURVEY_MONKEY.RESPONSES values ( '300747984', '6129889435', '605148542', '3982038498' );
insert into SURVEY_MONKEY.RESPONSES values ( '300747984', '6129889435', '605148543', '3982038503' );
insert into SURVEY_MONKEY.RESPONSES values ( '300747984', '6129889435', '605148544', '3982038508' );
insert into SURVEY_MONKEY.RESPONSES values ( '300747984', '6129889435', '605148545', '3982038511' );
insert into SURVEY_MONKEY.RESPONSES values ( '300747984', '6129889435', '605148546', '3982038514' );
insert into SURVEY_MONKEY.RESPONSES values ( '300747984', '6129889435', '605148547', '3982038519' );
insert into SURVEY_MONKEY.RESPONSES values ( '300747984', '6129889435', '605148548', '3982038523' );
insert into SURVEY_MONKEY.RESPONSES values ( '300747984', '6129889435', '605148549', '3982038528' );
insert into SURVEY_MONKEY.RESPONSES values ( '300747984', '6129889435', '605148550', '3982038534' );
insert into SURVEY_MONKEY.RESPONSES values ( '300747984', '6129889633', '605148537', '3982038472' );
insert into SURVEY_MONKEY.RESPONSES values ( '300747984', '6129889633', '605148539', '3982038482' );
insert into SURVEY_MONKEY.RESPONSES values ( '300747984', '6129889633', '605148542', '3982038498' );
insert into SURVEY_MONKEY.RESPONSES values ( '300747984', '6129889633', '605148543', '3982038503' );
insert into SURVEY_MONKEY.RESPONSES values ( '300747984', '6129889633', '605148544', '3982038508' );
insert into SURVEY_MONKEY.RESPONSES values ( '300747984', '6129889633', '605148545', '3982038511' );
insert into SURVEY_MONKEY.RESPONSES values ( '300747984', '6129889633', '605148546', '3982038514' );
insert into SURVEY_MONKEY.RESPONSES values ( '300747984', '6129889633', '605148547', '3982038519' );
insert into SURVEY_MONKEY.RESPONSES values ( '300747984', '6129889633', '605148548', '3982038523' );
insert into SURVEY_MONKEY.RESPONSES values ( '300747984', '6129889633', '605148549', '3982038528' );
insert into SURVEY_MONKEY.RESPONSES values ( '300747984', '6129889633', '605148550', '3982038534' );
insert into SURVEY_MONKEY.RESPONSES values ( '300747984', '6129889266', '605148537', '3982038472' );
insert into SURVEY_MONKEY.RESPONSES values ( '300747984', '6129889266', '605148539', '3982038483' );
insert into SURVEY_MONKEY.RESPONSES values ( '300747984', '6129889266', '605148542', '3982038498' );
insert into SURVEY_MONKEY.RESPONSES values ( '300747984', '6129889266', '605148543', '3982038503' );
insert into SURVEY_MONKEY.RESPONSES values ( '300747984', '6129889266', '605148544', '3982038508' );
insert into SURVEY_MONKEY.RESPONSES values ( '300747984', '6129889266', '605148545', '3982038511' );
insert into SURVEY_MONKEY.RESPONSES values ( '300747984', '6129889266', '605148546', '3982038514' );
insert into SURVEY_MONKEY.RESPONSES values ( '300747984', '6129889266', '605148547', '3982038519' );
insert into SURVEY_MONKEY.RESPONSES values ( '300747984', '6129889266', '605148548', '3982038523' );
insert into SURVEY_MONKEY.RESPONSES values ( '300747984', '6129889266', '605148549', '3982038528' );
insert into SURVEY_MONKEY.RESPONSES values ( '300747984', '6129889266', '605148550', '3982038534' );
insert into SURVEY_MONKEY.RESPONSES values ( '300747984', '6129889280', '605148537', 'None' );
insert into SURVEY_MONKEY.RESPONSES values ( '300747984', '6129889280', '605148539', '3982038488' );
insert into SURVEY_MONKEY.RESPONSES values ( '300747984', '6129889280', '605148542', '3982038498' );
insert into SURVEY_MONKEY.RESPONSES values ( '300747984', '6129889280', '605148543', '3982038503' );
insert into SURVEY_MONKEY.RESPONSES values ( '300747984', '6129889280', '605148544', '3982038508' );
insert into SURVEY_MONKEY.RESPONSES values ( '300747984', '6129889280', '605148545', '3982038511' );
insert into SURVEY_MONKEY.RESPONSES values ( '300747984', '6129889280', '605148546', '3982038514' );
insert into SURVEY_MONKEY.RESPONSES values ( '300747984', '6129889280', '605148547', '3982038519' );
insert into SURVEY_MONKEY.RESPONSES values ( '300747984', '6129889280', '605148548', '3982038523' );
insert into SURVEY_MONKEY.RESPONSES values ( '300747984', '6129889280', '605148549', '3982038528' );
insert into SURVEY_MONKEY.RESPONSES values ( '300747984', '6129889280', '605148550', '3982038534' );
insert into SURVEY_MONKEY.RESPONSES values ( '300747984', '6129889350', '605148537', 'None' );
insert into SURVEY_MONKEY.RESPONSES values ( '300747984', '6129889350', '605148539', '3982038482' );
insert into SURVEY_MONKEY.RESPONSES values ( '300747984', '6129889350', '605148542', '3982038501' );
insert into SURVEY_MONKEY.RESPONSES values ( '300747984', '6129889350', '605148543', '3982038506' );
insert into SURVEY_MONKEY.RESPONSES values ( '300747984', '6129889350', '605148544', '3982038509' );
insert into SURVEY_MONKEY.RESPONSES values ( '300747984', '6129889350', '605148545', '3982038511' );
insert into SURVEY_MONKEY.RESPONSES values ( '300747984', '6129889350', '605148546', '3982038516' );
insert into SURVEY_MONKEY.RESPONSES values ( '300747984', '6129889350', '605148547', '3982038522' );
insert into SURVEY_MONKEY.RESPONSES values ( '300747984', '6129889350', '605148548', '3982038527' );
insert into SURVEY_MONKEY.RESPONSES values ( '300747984', '6129889350', '605148549', '3982038532' );
insert into SURVEY_MONKEY.RESPONSES values ( '300747984', '6129889350', '605148550', '3982038538' );
insert into SURVEY_MONKEY.RESPONSES values ( '300747984', '6129889350', '605148551', 'Nobody ever called me. I was waiting for a call and never received it.' );
insert into SURVEY_MONKEY.RESPONSES values ( '300747984', '6129889572', '605148537', '3982038472' );
insert into SURVEY_MONKEY.RESPONSES values ( '300747984', '6129889572', '605148539', '3982038482' );
insert into SURVEY_MONKEY.RESPONSES values ( '300747984', '6129889572', '605148542', '3982038498' );
insert into SURVEY_MONKEY.RESPONSES values ( '300747984', '6129889572', '605148543', '3982038503' );
insert into SURVEY_MONKEY.RESPONSES values ( '300747984', '6129889572', '605148544', '3982038508' );
insert into SURVEY_MONKEY.RESPONSES values ( '300747984', '6129889572', '605148545', '3982038512' );
insert into SURVEY_MONKEY.RESPONSES values ( '300747984', '6129889572', '605148546', '3982038514' );
insert into SURVEY_MONKEY.RESPONSES values ( '300747984', '6129889572', '605148547', '3982038519' );
insert into SURVEY_MONKEY.RESPONSES values ( '300747984', '6129889572', '605148548', '3982038523' );
insert into SURVEY_MONKEY.RESPONSES values ( '300747984', '6129889572', '605148549', '3982038528' );
insert into SURVEY_MONKEY.RESPONSES values ( '300747984', '6129889572', '605148550', '3982038534' );
insert into SURVEY_MONKEY.RESPONSES values ( '300747984', '6129889309', '605148537', 'None' );
insert into SURVEY_MONKEY.RESPONSES values ( '300747984', '6129889309', '605148539', '3982038482' );
insert into SURVEY_MONKEY.RESPONSES values ( '300747984', '6129889309', '605148542', '3982038498' );
insert into SURVEY_MONKEY.RESPONSES values ( '300747984', '6129889309', '605148543', '3982038503' );
insert into SURVEY_MONKEY.RESPONSES values ( '300747984', '6129889309', '605148544', '3982038508' );
insert into SURVEY_MONKEY.RESPONSES values ( '300747984', '6129889309', '605148545', '3982038512' );
insert into SURVEY_MONKEY.RESPONSES values ( '300747984', '6129889309', '605148546', '3982038514' );
insert into SURVEY_MONKEY.RESPONSES values ( '300747984', '6129889309', '605148547', '3982038519' );
insert into SURVEY_MONKEY.RESPONSES values ( '300747984', '6129889309', '605148548', '3982038523' );
insert into SURVEY_MONKEY.RESPONSES values ( '300747984', '6129889309', '605148549', '3982038529' );
insert into SURVEY_MONKEY.RESPONSES values ( '300747984', '6129889309', '605148550', '3982038535' );
insert into SURVEY_MONKEY.RESPONSES values ( '300747984', '6129889244', '605148537', '3982038472' );
insert into SURVEY_MONKEY.RESPONSES values ( '300747984', '6129889244', '605148539', '3982038482' );
insert into SURVEY_MONKEY.RESPONSES values ( '300747984', '6129889244', '605148542', '3982038498' );
insert into SURVEY_MONKEY.RESPONSES values ( '300747984', '6129889244', '605148543', '3982038503' );
insert into SURVEY_MONKEY.RESPONSES values ( '300747984', '6129889244', '605148544', '3982038508' );
insert into SURVEY_MONKEY.RESPONSES values ( '300747984', '6129889244', '605148545', '3982038511' );
insert into SURVEY_MONKEY.RESPONSES values ( '300747984', '6129889244', '605148546', '3982038514' );
insert into SURVEY_MONKEY.RESPONSES values ( '300747984', '6129889244', '605148547', '3982038519' );
insert into SURVEY_MONKEY.RESPONSES values ( '300747984', '6129889244', '605148548', '3982038523' );
insert into SURVEY_MONKEY.RESPONSES values ( '300747984', '6129889244', '605148549', '3982038528' );
insert into SURVEY_MONKEY.RESPONSES values ( '300747984', '6129889244', '605148550', '3982038534' );
insert into SURVEY_MONKEY.RESPONSES values ( '300747984', '6129889384', '605148537', '3982038472' );
insert into SURVEY_MONKEY.RESPONSES values ( '300747984', '6129889384', '605148539', '3982038483' );
insert into SURVEY_MONKEY.RESPONSES values ( '300747984', '6129889384', '605148542', '3982038498' );
insert into SURVEY_MONKEY.RESPONSES values ( '300747984', '6129889384', '605148543', '3982038503' );
insert into SURVEY_MONKEY.RESPONSES values ( '300747984', '6129889384', '605148544', '3982038508' );
insert into SURVEY_MONKEY.RESPONSES values ( '300747984', '6129889384', '605148545', '3982038511' );
insert into SURVEY_MONKEY.RESPONSES values ( '300747984', '6129889384', '605148546', '3982038514' );
insert into SURVEY_MONKEY.RESPONSES values ( '300747984', '6129889384', '605148547', '3982038519' );
insert into SURVEY_MONKEY.RESPONSES values ( '300747984', '6129889384', '605148548', '3982038523' );
insert into SURVEY_MONKEY.RESPONSES values ( '300747984', '6129889384', '605148549', '3982038528' );
insert into SURVEY_MONKEY.RESPONSES values ( '300747984', '6129889384', '605148550', '3982038534' );
insert into SURVEY_MONKEY.RESPONSES values ( '300747984', '6129889384', '605148551', 'It was very detailed and everyone I worked with was very polite and professional. ' );
insert into SURVEY_MONKEY.RESPONSES values ( '300747984', '6129889136', '605148537', '3982038472' );
insert into SURVEY_MONKEY.RESPONSES values ( '300747984', '6129889136', '605148539', '3982038482' );
insert into SURVEY_MONKEY.RESPONSES values ( '300747984', '6129889136', '605148542', '3982038499' );
insert into SURVEY_MONKEY.RESPONSES values ( '300747984', '6129889136', '605148543', '3982038504' );
insert into SURVEY_MONKEY.RESPONSES values ( '300747984', '6129889136', '605148544', '3982038508' );
insert into SURVEY_MONKEY.RESPONSES values ( '300747984', '6129889136', '605148545', '3982038512' );
insert into SURVEY_MONKEY.RESPONSES values ( '300747984', '6129889136', '605148546', '3982038515' );
insert into SURVEY_MONKEY.RESPONSES values ( '300747984', '6129889136', '605148547', '3982038520' );
insert into SURVEY_MONKEY.RESPONSES values ( '300747984', '6129889136', '605148548', '3982038524' );
insert into SURVEY_MONKEY.RESPONSES values ( '300747984', '6129889136', '605148549', '3982038529' );
insert into SURVEY_MONKEY.RESPONSES values ( '300747984', '6129889136', '605148550', '3982038535' );
insert into SURVEY_MONKEY.RESPONSES values ( '300747984', '6129889143', '605148537', '3982038472' );
insert into SURVEY_MONKEY.RESPONSES values ( '300747984', '6129889143', '605148539', '3982038484' );
insert into SURVEY_MONKEY.RESPONSES values ( '300747984', '6129889143', '605148542', '3982038498' );
insert into SURVEY_MONKEY.RESPONSES values ( '300747984', '6129889143', '605148543', '3982038503' );
insert into SURVEY_MONKEY.RESPONSES values ( '300747984', '6129889143', '605148544', '3982038508' );
insert into SURVEY_MONKEY.RESPONSES values ( '300747984', '6129889143', '605148545', '3982038511' );
insert into SURVEY_MONKEY.RESPONSES values ( '300747984', '6129889143', '605148546', '3982038514' );
insert into SURVEY_MONKEY.RESPONSES values ( '300747984', '6129889143', '605148547', '3982038520' );
insert into SURVEY_MONKEY.RESPONSES values ( '300747984', '6129889143', '605148548', '3982038523' );
insert into SURVEY_MONKEY.RESPONSES values ( '300747984', '6129889143', '605148549', '3982038528' );
insert into SURVEY_MONKEY.RESPONSES values ( '300747984', '6129889143', '605148550', '3982038534' );
insert into SURVEY_MONKEY.RESPONSES values ( '300747984', '6129889256', '605148537', '3982038472' );
insert into SURVEY_MONKEY.RESPONSES values ( '300747984', '6129889256', '605148539', '3982038482' );
insert into SURVEY_MONKEY.RESPONSES values ( '300747984', '6129889256', '605148542', '3982038500' );
insert into SURVEY_MONKEY.RESPONSES values ( '300747984', '6129889256', '605148543', '3982038506' );
insert into SURVEY_MONKEY.RESPONSES values ( '300747984', '6129889256', '605148544', '3982038509' );
insert into SURVEY_MONKEY.RESPONSES values ( '300747984', '6129889256', '605148545', '3982038512' );
insert into SURVEY_MONKEY.RESPONSES values ( '300747984', '6129889256', '605148546', '3982038517' );
insert into SURVEY_MONKEY.RESPONSES values ( '300747984', '6129889256', '605148547', '3982038533' );
insert into SURVEY_MONKEY.RESPONSES values ( '300747984', '6129889256', '605148548', '3982038525' );
insert into SURVEY_MONKEY.RESPONSES values ( '300747984', '6129889256', '605148549', '3982038530' );
insert into SURVEY_MONKEY.RESPONSES values ( '300747984', '6129889256', '605148550', '3982038537' );
insert into SURVEY_MONKEY.RESPONSES values ( '300747984', '6129889256', '605148551', 'I do not remember having a conversation with anyone in regard to our audit. I believe all that I did was send in a paper with my contact info.' );
insert into SURVEY_MONKEY.RESPONSES values ( '300747984', '6129889256', '605148552', 'There was no explanation process of the survey, or the result. Just brief email asking for my contact info, and then another email relaying the result, but no explanation that I could forward to the business owner.' );
insert into SURVEY_MONKEY.RESPONSES values ( '300747984', '6129889411', '605148537', '3982038472' );
insert into SURVEY_MONKEY.RESPONSES values ( '300747984', '6129889411', '605148539', '3982038484' );
insert into SURVEY_MONKEY.RESPONSES values ( '300747984', '6129889411', '605148542', '3982038498' );
insert into SURVEY_MONKEY.RESPONSES values ( '300747984', '6129889411', '605148543', '3982038504' );
insert into SURVEY_MONKEY.RESPONSES values ( '300747984', '6129889411', '605148544', '3982038509' );
insert into SURVEY_MONKEY.RESPONSES values ( '300747984', '6129889411', '605148545', '3982038511' );
insert into SURVEY_MONKEY.RESPONSES values ( '300747984', '6129889411', '605148546', '3982038515' );
insert into SURVEY_MONKEY.RESPONSES values ( '300747984', '6129889411', '605148547', '3982038519' );
insert into SURVEY_MONKEY.RESPONSES values ( '300747984', '6129889411', '605148548', '3982038523' );
insert into SURVEY_MONKEY.RESPONSES values ( '300747984', '6129889411', '605148549', '3982038528' );
insert into SURVEY_MONKEY.RESPONSES values ( '300747984', '6129889411', '605148550', '3982038534' );
insert into SURVEY_MONKEY.RESPONSES values ( '300747984', '6129889105', '605148537', 'None' );
insert into SURVEY_MONKEY.RESPONSES values ( '300747984', '6129889105', '605148539', '3982038482' );
insert into SURVEY_MONKEY.RESPONSES values ( '300747984', '6129889105', '605148542', '3982038498' );
insert into SURVEY_MONKEY.RESPONSES values ( '300747984', '6129889105', '605148543', '3982038503' );
insert into SURVEY_MONKEY.RESPONSES values ( '300747984', '6129889105', '605148544', '3982038508' );
insert into SURVEY_MONKEY.RESPONSES values ( '300747984', '6129889105', '605148545', '3982038511' );
insert into SURVEY_MONKEY.RESPONSES values ( '300747984', '6129889105', '605148546', '3982038514' );
insert into SURVEY_MONKEY.RESPONSES values ( '300747984', '6129889105', '605148547', '3982038519' );
insert into SURVEY_MONKEY.RESPONSES values ( '300747984', '6129889105', '605148548', '3982038523' );
insert into SURVEY_MONKEY.RESPONSES values ( '300747984', '6129889105', '605148549', '3982038528' );
insert into SURVEY_MONKEY.RESPONSES values ( '300747984', '6129889105', '605148550', '3982038534' );
insert into SURVEY_MONKEY.RESPONSES values ( '300747984', '6129889559', '605148537', '3982038472' );
insert into SURVEY_MONKEY.RESPONSES values ( '300747984', '6129889559', '605148539', '3982038483' );
insert into SURVEY_MONKEY.RESPONSES values ( '300747984', '6129889559', '605148542', '3982038498' );
insert into SURVEY_MONKEY.RESPONSES values ( '300747984', '6129889559', '605148543', '3982038503' );
insert into SURVEY_MONKEY.RESPONSES values ( '300747984', '6129889559', '605148544', '3982038508' );
insert into SURVEY_MONKEY.RESPONSES values ( '300747984', '6129889559', '605148545', '3982038511' );
insert into SURVEY_MONKEY.RESPONSES values ( '300747984', '6129889559', '605148546', '3982038514' );
insert into SURVEY_MONKEY.RESPONSES values ( '300747984', '6129889559', '605148547', '3982038519' );
insert into SURVEY_MONKEY.RESPONSES values ( '300747984', '6129889559', '605148548', '3982038523' );
insert into SURVEY_MONKEY.RESPONSES values ( '300747984', '6129889559', '605148549', '3982038528' );
insert into SURVEY_MONKEY.RESPONSES values ( '300747984', '6129889559', '605148550', '3982038534' );
insert into SURVEY_MONKEY.RESPONSES values ( '300747984', '6129889559', '605148552', 'The audit experience was a lot better than expected. We are 
a very small employer in OH but he was very attentive and listened and made sure we were classified correctly and I understood the process.' );   
insert into SURVEY_MONKEY.RESPONSES values ( '300747984', '6129889236', '605148537', '3982038472' );
insert into SURVEY_MONKEY.RESPONSES values ( '300747984', '6129889236', '605148539', '3982038484' );
insert into SURVEY_MONKEY.RESPONSES values ( '300747984', '6129889236', '605148542', '3982038500' );
insert into SURVEY_MONKEY.RESPONSES values ( '300747984', '6129889236', '605148543', '3982038505' );
insert into SURVEY_MONKEY.RESPONSES values ( '300747984', '6129889236', '605148544', '3982038509' );
insert into SURVEY_MONKEY.RESPONSES values ( '300747984', '6129889236', '605148545', '3982038512' );
insert into SURVEY_MONKEY.RESPONSES values ( '300747984', '6129889236', '605148546', '3982038516' );
insert into SURVEY_MONKEY.RESPONSES values ( '300747984', '6129889236', '605148547', '3982038533' );
insert into SURVEY_MONKEY.RESPONSES values ( '300747984', '6129889236', '605148548', '3982038525' );
insert into SURVEY_MONKEY.RESPONSES values ( '300747984', '6129889236', '605148549', '3982038530' );
insert into SURVEY_MONKEY.RESPONSES values ( '300747984', '6129889236', '605148550', '3982038536' );
insert into SURVEY_MONKEY.RESPONSES values ( '300747984', '6129889039', '605148537', '3982038472' );
insert into SURVEY_MONKEY.RESPONSES values ( '300747984', '6129889039', '605148539', '3982038482' );
insert into SURVEY_MONKEY.RESPONSES values ( '300747984', '6129889039', '605148542', '3982038498' );
insert into SURVEY_MONKEY.RESPONSES values ( '300747984', '6129889039', '605148543', '3982038503' );
insert into SURVEY_MONKEY.RESPONSES values ( '300747984', '6129889039', '605148544', '3982038508' );
insert into SURVEY_MONKEY.RESPONSES values ( '300747984', '6129889039', '605148545', '3982038511' );
insert into SURVEY_MONKEY.RESPONSES values ( '300747984', '6129889039', '605148546', '3982038514' );
insert into SURVEY_MONKEY.RESPONSES values ( '300747984', '6129889039', '605148547', '3982038519' );
insert into SURVEY_MONKEY.RESPONSES values ( '300747984', '6129889039', '605148548', '3982038523' );
insert into SURVEY_MONKEY.RESPONSES values ( '300747984', '6129889039', '605148549', '3982038528' );
insert into SURVEY_MONKEY.RESPONSES values ( '300747984', '6129889039', '605148550', '3982038534' );
insert into SURVEY_MONKEY.RESPONSES values ( '300747984', '6129889555', '605148537', '3982038472' );
insert into SURVEY_MONKEY.RESPONSES values ( '300747984', '6129889555', '605148539', '3982038482' );
insert into SURVEY_MONKEY.RESPONSES values ( '300747984', '6129889555', '605148542', '3982038498' );
insert into SURVEY_MONKEY.RESPONSES values ( '300747984', '6129889555', '605148543', '3982038503' );
insert into SURVEY_MONKEY.RESPONSES values ( '300747984', '6129889555', '605148544', '3982038508' );
insert into SURVEY_MONKEY.RESPONSES values ( '300747984', '6129889555', '605148545', '3982038511' );
insert into SURVEY_MONKEY.RESPONSES values ( '300747984', '6129889555', '605148546', '3982038514' );
insert into SURVEY_MONKEY.RESPONSES values ( '300747984', '6129889555', '605148547', '3982038519' );
insert into SURVEY_MONKEY.RESPONSES values ( '300747984', '6129889555', '605148548', '3982038523' );
insert into SURVEY_MONKEY.RESPONSES values ( '300747984', '6129889555', '605148549', '3982038528' );
insert into SURVEY_MONKEY.RESPONSES values ( '300747984', '6129889555', '605148550', '3982038534' );
insert into SURVEY_MONKEY.RESPONSES values ( '300747984', '6129889416', '605148537', '3982038472' );
insert into SURVEY_MONKEY.RESPONSES values ( '300747984', '6129889416', '605148539', '3982038483' );
insert into SURVEY_MONKEY.RESPONSES values ( '300747984', '6129889416', '605148542', '3982038500' );
insert into SURVEY_MONKEY.RESPONSES values ( '300747984', '6129889416', '605148543', '3982038505' );
insert into SURVEY_MONKEY.RESPONSES values ( '300747984', '6129889416', '605148544', '3982038509' );
insert into SURVEY_MONKEY.RESPONSES values ( '300747984', '6129889416', '605148545', '3982038512' );
insert into SURVEY_MONKEY.RESPONSES values ( '300747984', '6129889416', '605148546', '3982038516' );
insert into SURVEY_MONKEY.RESPONSES values ( '300747984', '6129889416', '605148547', '3982038533' );
insert into SURVEY_MONKEY.RESPONSES values ( '300747984', '6129889416', '605148548', '3982038525' );
insert into SURVEY_MONKEY.RESPONSES values ( '300747984', '6129889416', '605148549', '3982038529' );
insert into SURVEY_MONKEY.RESPONSES values ( '300747984', '6129889416', '605148550', '3982038536' );
insert into SURVEY_MONKEY.RESPONSES values ( '300747984', '6129889510', '605148537', '3982038472' );
insert into SURVEY_MONKEY.RESPONSES values ( '300747984', '6129889510', '605148539', '3982038482' );
insert into SURVEY_MONKEY.RESPONSES values ( '300747984', '6129889510', '605148542', '3982038498' );
insert into SURVEY_MONKEY.RESPONSES values ( '300747984', '6129889510', '605148543', '3982038503' );
insert into SURVEY_MONKEY.RESPONSES values ( '300747984', '6129889510', '605148544', '3982038508' );
insert into SURVEY_MONKEY.RESPONSES values ( '300747984', '6129889510', '605148545', '3982038511' );
insert into SURVEY_MONKEY.RESPONSES values ( '300747984', '6129889510', '605148546', '3982038514' );
insert into SURVEY_MONKEY.RESPONSES values ( '300747984', '6129889510', '605148547', '3982038519' );
insert into SURVEY_MONKEY.RESPONSES values ( '300747984', '6129889510', '605148548', '3982038523' );
insert into SURVEY_MONKEY.RESPONSES values ( '300747984', '6129889510', '605148549', '3982038528' );
insert into SURVEY_MONKEY.RESPONSES values ( '300747984', '6129889510', '605148550', '3982038534' );
insert into SURVEY_MONKEY.RESPONSES values ( '300747984', '6129889510', '605148551', 'All is well' );
insert into SURVEY_MONKEY.RESPONSES values ( '300747984', '6129889313', '605148537', '3982038472' );
insert into SURVEY_MONKEY.RESPONSES values ( '300747984', '6129889313', '605148539', '3982038482' );
insert into SURVEY_MONKEY.RESPONSES values ( '300747984', '6129889313', '605148542', '3982038498' );
insert into SURVEY_MONKEY.RESPONSES values ( '300747984', '6129889313', '605148543', '3982038503' );
insert into SURVEY_MONKEY.RESPONSES values ( '300747984', '6129889313', '605148544', '3982038508' );
insert into SURVEY_MONKEY.RESPONSES values ( '300747984', '6129889313', '605148545', '3982038512' );
insert into SURVEY_MONKEY.RESPONSES values ( '300747984', '6129889313', '605148546', '3982038514' );
insert into SURVEY_MONKEY.RESPONSES values ( '300747984', '6129889313', '605148547', '3982038519' );
insert into SURVEY_MONKEY.RESPONSES values ( '300747984', '6129889313', '605148548', '3982038523' );
insert into SURVEY_MONKEY.RESPONSES values ( '300747984', '6129889313', '605148549', '3982038528' );
insert into SURVEY_MONKEY.RESPONSES values ( '300747984', '6129889313', '605148550', '3982038534' );
insert into SURVEY_MONKEY.RESPONSES values ( '300747984', '6129889403', '605148537', '3982038472' );
insert into SURVEY_MONKEY.RESPONSES values ( '300747984', '6129889403', '605148539', '3982038482' );
insert into SURVEY_MONKEY.RESPONSES values ( '300747984', '6129889403', '605148542', '3982038498' );
insert into SURVEY_MONKEY.RESPONSES values ( '300747984', '6129889403', '605148543', '3982038503' );
insert into SURVEY_MONKEY.RESPONSES values ( '300747984', '6129889403', '605148544', '3982038508' );
insert into SURVEY_MONKEY.RESPONSES values ( '300747984', '6129889403', '605148545', '3982038511' );
insert into SURVEY_MONKEY.RESPONSES values ( '300747984', '6129889403', '605148546', '3982038514' );
insert into SURVEY_MONKEY.RESPONSES values ( '300747984', '6129889403', '605148547', '3982038519' );
insert into SURVEY_MONKEY.RESPONSES values ( '300747984', '6129889403', '605148548', '3982038523' );
insert into SURVEY_MONKEY.RESPONSES values ( '300747984', '6129889403', '605148549', '3982038528' );
insert into SURVEY_MONKEY.RESPONSES values ( '300747984', '6129889403', '605148550', '3982038534' );
insert into SURVEY_MONKEY.RESPONSES values ( '300747984', '6129889450', '605148537', '3982038472' );
insert into SURVEY_MONKEY.RESPONSES values ( '300747984', '6129889450', '605148539', '3982038485' );
insert into SURVEY_MONKEY.RESPONSES values ( '300747984', '6129889450', '605148542', '3982038499' );
insert into SURVEY_MONKEY.RESPONSES values ( '300747984', '6129889450', '605148543', '3982038504' );
insert into SURVEY_MONKEY.RESPONSES values ( '300747984', '6129889450', '605148544', '3982038508' );
insert into SURVEY_MONKEY.RESPONSES values ( '300747984', '6129889450', '605148545', '3982038511' );
insert into SURVEY_MONKEY.RESPONSES values ( '300747984', '6129889450', '605148546', '3982038514' );
insert into SURVEY_MONKEY.RESPONSES values ( '300747984', '6129889450', '605148547', '3982038533' );
insert into SURVEY_MONKEY.RESPONSES values ( '300747984', '6129889450', '605148548', '3982038523' );
insert into SURVEY_MONKEY.RESPONSES values ( '300747984', '6129889450', '605148549', '3982038528' );
insert into SURVEY_MONKEY.RESPONSES values ( '300747984', '6129889450', '605148550', '3982038534' );
insert into SURVEY_MONKEY.RESPONSES values ( '300747984', '6129889010', '605148537', '3982038472' );
insert into SURVEY_MONKEY.RESPONSES values ( '300747984', '6129889010', '605148539', '3982038484' );
insert into SURVEY_MONKEY.RESPONSES values ( '300747984', '6129889010', '605148542', '3982038500' );
insert into SURVEY_MONKEY.RESPONSES values ( '300747984', '6129889010', '605148543', '3982038504' );
insert into SURVEY_MONKEY.RESPONSES values ( '300747984', '6129889010', '605148544', '3982038509' );
insert into SURVEY_MONKEY.RESPONSES values ( '300747984', '6129889010', '605148545', '3982038511' );
insert into SURVEY_MONKEY.RESPONSES values ( '300747984', '6129889010', '605148546', '3982038515' );
insert into SURVEY_MONKEY.RESPONSES values ( '300747984', '6129889010', '605148547', '3982038520' );
insert into SURVEY_MONKEY.RESPONSES values ( '300747984', '6129889010', '605148548', '3982038525' );
insert into SURVEY_MONKEY.RESPONSES values ( '300747984', '6129889010', '605148549', '3982038528' );
insert into SURVEY_MONKEY.RESPONSES values ( '300747984', '6129889010', '605148550', '3982038535' );
insert into SURVEY_MONKEY.RESPONSES values ( '300747984', '6129889010', '605148551', 'I wish the auditor would have called to review the audit results. I read through everything and didn''t get a clear answer of how it went.' );
insert into SURVEY_MONKEY.RESPONSES values ( '300747984', '6129889151', '605148537', '3982038472' );
insert into SURVEY_MONKEY.RESPONSES values ( '300747984', '6129889151', '605148539', '3982038483' );
insert into SURVEY_MONKEY.RESPONSES values ( '300747984', '6129889151', '605148542', '3982038498' );
insert into SURVEY_MONKEY.RESPONSES values ( '300747984', '6129889151', '605148543', '3982038503' );
insert into SURVEY_MONKEY.RESPONSES values ( '300747984', '6129889151', '605148544', '3982038508' );
insert into SURVEY_MONKEY.RESPONSES values ( '300747984', '6129889151', '605148545', '3982038511' );
insert into SURVEY_MONKEY.RESPONSES values ( '300747984', '6129889151', '605148546', '3982038514' );
insert into SURVEY_MONKEY.RESPONSES values ( '300747984', '6129889151', '605148547', '3982038519' );
insert into SURVEY_MONKEY.RESPONSES values ( '300747984', '6129889151', '605148548', '3982038523' );
insert into SURVEY_MONKEY.RESPONSES values ( '300747984', '6129889151', '605148549', '3982038528' );
insert into SURVEY_MONKEY.RESPONSES values ( '300747984', '6129889151', '605148550', '3982038534' );
insert into SURVEY_MONKEY.RESPONSES values ( '300747984', '6129889458', '605148537', '3982038472' );
insert into SURVEY_MONKEY.RESPONSES values ( '300747984', '6129889458', '605148539', '3982038483' );
insert into SURVEY_MONKEY.RESPONSES values ( '300747984', '6129889458', '605148542', '3982038498' );
insert into SURVEY_MONKEY.RESPONSES values ( '300747984', '6129889458', '605148543', '3982038503' );
insert into SURVEY_MONKEY.RESPONSES values ( '300747984', '6129889458', '605148544', '3982038508' );
insert into SURVEY_MONKEY.RESPONSES values ( '300747984', '6129889458', '605148545', '3982038511' );
insert into SURVEY_MONKEY.RESPONSES values ( '300747984', '6129889458', '605148546', '3982038514' );
insert into SURVEY_MONKEY.RESPONSES values ( '300747984', '6129889458', '605148547', '3982038519' );
insert into SURVEY_MONKEY.RESPONSES values ( '300747984', '6129889458', '605148548', '3982038523' );
insert into SURVEY_MONKEY.RESPONSES values ( '300747984', '6129889458', '605148549', '3982038528' );
insert into SURVEY_MONKEY.RESPONSES values ( '300747984', '6129889458', '605148550', '3982038534' );
insert into SURVEY_MONKEY.RESPONSES values ( '300747984', '6129889458', '605148551', 'Very Satisfied' );
insert into SURVEY_MONKEY.RESPONSES values ( '300747984', '6129889282', '605148537', '3982038472' );
insert into SURVEY_MONKEY.RESPONSES values ( '300747984', '6129889282', '605148539', '3982038484' );
insert into SURVEY_MONKEY.RESPONSES values ( '300747984', '6129889282', '605148542', '3982038499' );
insert into SURVEY_MONKEY.RESPONSES values ( '300747984', '6129889282', '605148543', '3982038504' );
insert into SURVEY_MONKEY.RESPONSES values ( '300747984', '6129889282', '605148544', '3982038508' );
insert into SURVEY_MONKEY.RESPONSES values ( '300747984', '6129889282', '605148545', '3982038511' );
insert into SURVEY_MONKEY.RESPONSES values ( '300747984', '6129889282', '605148546', '3982038515' );
insert into SURVEY_MONKEY.RESPONSES values ( '300747984', '6129889282', '605148547', '3982038520' );
insert into SURVEY_MONKEY.RESPONSES values ( '300747984', '6129889282', '605148548', '3982038524' );
insert into SURVEY_MONKEY.RESPONSES values ( '300747984', '6129889282', '605148549', '3982038529' );
insert into SURVEY_MONKEY.RESPONSES values ( '300747984', '6129889282', '605148550', '3982038535' );
insert into SURVEY_MONKEY.RESPONSES values ( '300747984', '6129889509', '605148537', '3982038472' );
insert into SURVEY_MONKEY.RESPONSES values ( '300747984', '6129889509', '605148539', '3982038482' );
insert into SURVEY_MONKEY.RESPONSES values ( '300747984', '6129889509', '605148542', '3982038499' );
insert into SURVEY_MONKEY.RESPONSES values ( '300747984', '6129889509', '605148543', '3982038503' );
insert into SURVEY_MONKEY.RESPONSES values ( '300747984', '6129889509', '605148544', '3982038508' );
insert into SURVEY_MONKEY.RESPONSES values ( '300747984', '6129889509', '605148545', '3982038511' );
insert into SURVEY_MONKEY.RESPONSES values ( '300747984', '6129889509', '605148546', '3982038514' );
insert into SURVEY_MONKEY.RESPONSES values ( '300747984', '6129889509', '605148547', '3982038519' );
insert into SURVEY_MONKEY.RESPONSES values ( '300747984', '6129889509', '605148548', '3982038523' );
insert into SURVEY_MONKEY.RESPONSES values ( '300747984', '6129889509', '605148549', '3982038529' );
insert into SURVEY_MONKEY.RESPONSES values ( '300747984', '6129889509', '605148550', '3982038534' );
insert into SURVEY_MONKEY.RESPONSES values ( '300747984', '6129889076', '605148537', '3982038472' );
insert into SURVEY_MONKEY.RESPONSES values ( '300747984', '6129889076', '605148539', '3982038485' );
insert into SURVEY_MONKEY.RESPONSES values ( '300747984', '6129889076', '605148542', '3982038499' );
insert into SURVEY_MONKEY.RESPONSES values ( '300747984', '6129889076', '605148543', '3982038504' );
insert into SURVEY_MONKEY.RESPONSES values ( '300747984', '6129889076', '605148544', '3982038508' );
insert into SURVEY_MONKEY.RESPONSES values ( '300747984', '6129889076', '605148545', '3982038511' );
insert into SURVEY_MONKEY.RESPONSES values ( '300747984', '6129889076', '605148546', '3982038515' );
insert into SURVEY_MONKEY.RESPONSES values ( '300747984', '6129889076', '605148547', '3982038520' );
insert into SURVEY_MONKEY.RESPONSES values ( '300747984', '6129889076', '605148548', '3982038524' );
insert into SURVEY_MONKEY.RESPONSES values ( '300747984', '6129889076', '605148549', '3982038529' );
insert into SURVEY_MONKEY.RESPONSES values ( '300747984', '6129889076', '605148550', '3982038535' );
insert into SURVEY_MONKEY.RESPONSES values ( '300747984', '6129889382', '605148537', '3982038472' );
insert into SURVEY_MONKEY.RESPONSES values ( '300747984', '6129889382', '605148539', '3982038482' );
insert into SURVEY_MONKEY.RESPONSES values ( '300747984', '6129889382', '605148543', '3982038503' );
insert into SURVEY_MONKEY.RESPONSES values ( '300747984', '6129889382', '605148544', '3982038508' );
insert into SURVEY_MONKEY.RESPONSES values ( '300747984', '6129889382', '605148545', '3982038511' );
insert into SURVEY_MONKEY.RESPONSES values ( '300747984', '6129889382', '605148546', '3982038514' );
insert into SURVEY_MONKEY.RESPONSES values ( '300747984', '6129889382', '605148547', '3982038519' );
insert into SURVEY_MONKEY.RESPONSES values ( '300747984', '6129889382', '605148548', '3982038523' );
insert into SURVEY_MONKEY.RESPONSES values ( '300747984', '6129889382', '605148549', '3982038528' );
insert into SURVEY_MONKEY.RESPONSES values ( '300747984', '6129889382', '605148550', '3982038534' );
insert into SURVEY_MONKEY.RESPONSES values ( '300747984', '6129889158', '605148537', '3982038472' );
insert into SURVEY_MONKEY.RESPONSES values ( '300747984', '6129889158', '605148539', '3982038484' );
insert into SURVEY_MONKEY.RESPONSES values ( '300747984', '6129889158', '605148542', '3982038498' );
insert into SURVEY_MONKEY.RESPONSES values ( '300747984', '6129889158', '605148543', '3982038503' );
insert into SURVEY_MONKEY.RESPONSES values ( '300747984', '6129889158', '605148544', '3982038508' );
insert into SURVEY_MONKEY.RESPONSES values ( '300747984', '6129889158', '605148545', '3982038511' );
insert into SURVEY_MONKEY.RESPONSES values ( '300747984', '6129889158', '605148546', '3982038514' );
insert into SURVEY_MONKEY.RESPONSES values ( '300747984', '6129889158', '605148547', '3982038519' );
insert into SURVEY_MONKEY.RESPONSES values ( '300747984', '6129889158', '605148548', '3982038523' );
insert into SURVEY_MONKEY.RESPONSES values ( '300747984', '6129889158', '605148549', '3982038528' );
insert into SURVEY_MONKEY.RESPONSES values ( '300747984', '6129889158', '605148550', '3982038534' );
insert into SURVEY_MONKEY.RESPONSES values ( '300747984', '6129889158', '605148551', 'n/a' );
insert into SURVEY_MONKEY.RESPONSES values ( '300747984', '6129889158', '605148552', 'Auditor was polite, friendly, and took the time to explain classifications and address other questions.' );
insert into SURVEY_MONKEY.RESPONSES values ( '300747984', '6129889624', '605148537', '3982038472' );
insert into SURVEY_MONKEY.RESPONSES values ( '300747984', '6129889624', '605148539', '3982038482' );
insert into SURVEY_MONKEY.RESPONSES values ( '300747984', '6129889624', '605148542', '3982038498' );
insert into SURVEY_MONKEY.RESPONSES values ( '300747984', '6129889624', '605148543', '3982038503' );
insert into SURVEY_MONKEY.RESPONSES values ( '300747984', '6129889624', '605148544', '3982038509' );
insert into SURVEY_MONKEY.RESPONSES values ( '300747984', '6129889624', '605148545', '3982038512' );
insert into SURVEY_MONKEY.RESPONSES values ( '300747984', '6129889624', '605148546', '3982038514' );
insert into SURVEY_MONKEY.RESPONSES values ( '300747984', '6129889624', '605148547', '3982038519' );
insert into SURVEY_MONKEY.RESPONSES values ( '300747984', '6129889624', '605148548', '3982038523' );
insert into SURVEY_MONKEY.RESPONSES values ( '300747984', '6129889624', '605148549', '3982038528' );
insert into SURVEY_MONKEY.RESPONSES values ( '300747984', '6129889624', '605148550', '3982038534' );
insert into SURVEY_MONKEY.RESPONSES values ( '300747984', '6129889328', '605148537', '3982038472' );
insert into SURVEY_MONKEY.RESPONSES values ( '300747984', '6129889328', '605148539', '3982038483' );
insert into SURVEY_MONKEY.RESPONSES values ( '300747984', '6129889328', '605148542', '3982038499' );
insert into SURVEY_MONKEY.RESPONSES values ( '300747984', '6129889328', '605148543', '3982038505' );
insert into SURVEY_MONKEY.RESPONSES values ( '300747984', '6129889328', '605148544', '3982038508' );
insert into SURVEY_MONKEY.RESPONSES values ( '300747984', '6129889328', '605148545', '3982038511' );
insert into SURVEY_MONKEY.RESPONSES values ( '300747984', '6129889328', '605148546', '3982038515' );
insert into SURVEY_MONKEY.RESPONSES values ( '300747984', '6129889328', '605148547', '3982038520' );
insert into SURVEY_MONKEY.RESPONSES values ( '300747984', '6129889328', '605148548', '3982038524' );
insert into SURVEY_MONKEY.RESPONSES values ( '300747984', '6129889328', '605148549', '3982038529' );
insert into SURVEY_MONKEY.RESPONSES values ( '300747984', '6129889328', '605148550', '3982038535' );
insert into SURVEY_MONKEY.RESPONSES values ( '300747984', '6129889054', '605148537', '3982038472' );
insert into SURVEY_MONKEY.RESPONSES values ( '300747984', '6129889054', '605148539', '3982038482' );
insert into SURVEY_MONKEY.RESPONSES values ( '300747984', '6129889054', '605148542', '3982038498' );
insert into SURVEY_MONKEY.RESPONSES values ( '300747984', '6129889054', '605148543', '3982038503' );
insert into SURVEY_MONKEY.RESPONSES values ( '300747984', '6129889054', '605148544', '3982038508' );
insert into SURVEY_MONKEY.RESPONSES values ( '300747984', '6129889054', '605148545', '3982038511' );
insert into SURVEY_MONKEY.RESPONSES values ( '300747984', '6129889054', '605148546', '3982038514' );
insert into SURVEY_MONKEY.RESPONSES values ( '300747984', '6129889054', '605148547', '3982038519' );
insert into SURVEY_MONKEY.RESPONSES values ( '300747984', '6129889054', '605148548', '3982038523' );
insert into SURVEY_MONKEY.RESPONSES values ( '300747984', '6129889054', '605148549', '3982038528' );
insert into SURVEY_MONKEY.RESPONSES values ( '300747984', '6129889054', '605148550', '3982038534' );
insert into SURVEY_MONKEY.RESPONSES values ( '300747984', '6129889054', '605148552', 'Dawn did a very good job answering questions that I had. She was very knowledgeable, professional and courteous.  ' );
insert into SURVEY_MONKEY.RESPONSES values ( '300747984', '6129889065', '605148537', '3982038472' );
insert into SURVEY_MONKEY.RESPONSES values ( '300747984', '6129889065', '605148539', '3982038488' );
insert into SURVEY_MONKEY.RESPONSES values ( '300747984', '6129889065', '605148542', '3982038498' );
insert into SURVEY_MONKEY.RESPONSES values ( '300747984', '6129889065', '605148543', '3982038503' );
insert into SURVEY_MONKEY.RESPONSES values ( '300747984', '6129889065', '605148544', '3982038508' );
insert into SURVEY_MONKEY.RESPONSES values ( '300747984', '6129889065', '605148545', '3982038511' );
insert into SURVEY_MONKEY.RESPONSES values ( '300747984', '6129889065', '605148546', '3982038514' );
insert into SURVEY_MONKEY.RESPONSES values ( '300747984', '6129889065', '605148547', '3982038519' );
insert into SURVEY_MONKEY.RESPONSES values ( '300747984', '6129889065', '605148548', '3982038523' );
insert into SURVEY_MONKEY.RESPONSES values ( '300747984', '6129889065', '605148549', '3982038528' );
insert into SURVEY_MONKEY.RESPONSES values ( '300747984', '6129889065', '605148550', '3982038534' );
insert into SURVEY_MONKEY.RESPONSES values ( '300747984', '6129889065', '605148552', 'Lee had a lot of patience with me. This was my first audit with HC Companies. I appreciate all the time and understanding he showed me. ' );
insert into SURVEY_MONKEY.RESPONSES values ( '300747984', '6129889229', '605148537', '3982038472' );
insert into SURVEY_MONKEY.RESPONSES values ( '300747984', '6129889229', '605148539', '3982038482' );
insert into SURVEY_MONKEY.RESPONSES values ( '300747984', '6129889229', '605148542', '3982038498' );
insert into SURVEY_MONKEY.RESPONSES values ( '300747984', '6129889229', '605148543', '3982038504' );
insert into SURVEY_MONKEY.RESPONSES values ( '300747984', '6129889229', '605148544', '3982038508' );
insert into SURVEY_MONKEY.RESPONSES values ( '300747984', '6129889229', '605148545', '3982038511' );
insert into SURVEY_MONKEY.RESPONSES values ( '300747984', '6129889229', '605148546', '3982038514' );
insert into SURVEY_MONKEY.RESPONSES values ( '300747984', '6129889229', '605148547', '3982038519' );
insert into SURVEY_MONKEY.RESPONSES values ( '300747984', '6129889229', '605148548', '3982038523' );
insert into SURVEY_MONKEY.RESPONSES values ( '300747984', '6129889229', '605148549', '3982038528' );
insert into SURVEY_MONKEY.RESPONSES values ( '300747984', '6129889229', '605148550', '3982038534' );
insert into SURVEY_MONKEY.RESPONSES values ( '300747984', '6129889603', '605148537', '3982038472' );
insert into SURVEY_MONKEY.RESPONSES values ( '300747984', '6129889603', '605148539', '3982038482' );
insert into SURVEY_MONKEY.RESPONSES values ( '300747984', '6129889603', '605148542', '3982038498' );
insert into SURVEY_MONKEY.RESPONSES values ( '300747984', '6129889603', '605148543', '3982038503' );
insert into SURVEY_MONKEY.RESPONSES values ( '300747984', '6129889603', '605148544', '3982038509' );
insert into SURVEY_MONKEY.RESPONSES values ( '300747984', '6129889603', '605148545', '3982038511' );
insert into SURVEY_MONKEY.RESPONSES values ( '300747984', '6129889603', '605148546', '3982038515' );
insert into SURVEY_MONKEY.RESPONSES values ( '300747984', '6129889603', '605148547', '3982038520' );
insert into SURVEY_MONKEY.RESPONSES values ( '300747984', '6129889603', '605148548', '3982038524' );
insert into SURVEY_MONKEY.RESPONSES values ( '300747984', '6129889603', '605148549', '3982038529' );
insert into SURVEY_MONKEY.RESPONSES values ( '300747984', '6129889603', '605148550', '3982038535' );