trans_dt,total_sales,total_sales_t30d
2022-12-31,402811.48,9552721.82
2022-12-28,311972.04,9430161.14
2022-12-27,315262.41,9427338.52
2022-12-26,313920.35,9438561.31
2022-12-25,330513.31,9447246.38
2022-12-24,331565.67,9429926.97
2022-12-23,313084.51,9402042.74
2022-12-22,303771.97,9383233.17
2022-12-21,320498.79,9389491.65
2022-12-20,315945.87,9388739.98
2022-12-19,319809.84,9367418.10
2022-12-18,320095.11,9373246.07
2022-12-17,299074.60,9357179.16
2022-12-16,321631.49,9355812.17
2022-12-15,287965.72,9343060.14
2022-12-14,296659.47,9365236.51
2022-12-13,319230.33,9384239.51
2022-12-12,314746.93,9352528.23
2022-12-11,304269.00,9334685.50
2022-12-30,315080.02,9455519.27
2022-12-29,345606.59,9466310.97
2022-12-10,314562.95,9329265.59
2022-12-09,307734.77,9342097.16
2022-12-08,334652.01,9362582.44
2022-12-07,325575.35,9354568.60
2022-12-06,330379.12,9342689.51
2022-12-05,297562.80,9320493.94
2022-12-04,331560.07,9343885.57
2022-12-03,302081.67,9326680.49
2022-12-02,305097.58,9339236.33
2022-12-01,305608.93,9348805.68
2022-11-30,325871.72,9370398.01
2022-11-29,309456.76,9353206.85
2022-11-28,309149.42,9352268.36
2022-11-27,326485.20,9381587.01
2022-11-26,322605.42,9375049.26
2022-11-25,313193.90,9363671.84
2022-11-24,303681.44,9394275.28
2022-11-23,294274.94,9433594.40
2022-11-22,310030.45,9488439.95
2022-11-21,319747.12,9480441.16
2022-11-20,294623.99,9478571.53
2022-11-19,325637.81,9505690.58
2022-11-18,304028.20,9500328.18
2022-11-17,297707.61,9516751.40
2022-11-16,308879.46,9542292.11
2022-11-15,310142.09,9566830.92
2022-11-14,315662.47,9582115.68
2022-11-13,287519.05,9599873.98
2022-11-12,296904.20,9640350.58
2022-11-11,298849.09,9672093.99
2022-11-10,327394.52,9691863.85
2022-11-09,328220.05,9685977.98
2022-11-08,326638.17,9702139.07
2022-11-07,313696.26,9703230.01
2022-11-06,308183.55,9723748.08
2022-11-05,320954.43,9758543.06
2022-11-04,314354.99,9757754.58
2022-11-03,314637.51,9809388.78
2022-11-02,314666.93,9815554.03
2022-11-01,327201.26,9838550.61
2022-10-31,308680.56,9836541.68
2022-10-30,308518.27,9870649.66
2022-10-29,338468.07,9911177.48
2022-10-28,319947.45,9902652.37
2022-10-27,311228.00,9925487.98
2022-10-26,343797.34,9956120.66
2022-10-25,343000.56,9941441.82
2022-10-24,349120.49,9944532.73
2022-10-23,302031.66,9915916.77
2022-10-22,317877.49,9935519.07
2022-10-21,321743.04,9963727.12
2022-10-20,320275.41,9978865.08
2022-10-19,320451.42,9988052.93
2022-10-18,323248.32,10027743.67
2022-10-17,333418.27,10035131.37
2022-10-16,325426.85,10034519.99
2022-10-15,333420.77,10063282.67
2022-10-14,327995.65,10049073.72
2022-10-13,328647.61,10057314.26
2022-10-12,318618.95,10042663.63
2022-10-11,321508.65,10062916.45
2022-10-10,344381.14,10094620.38
2022-10-09,327729.11,10101903.21
2022-10-08,334214.33,10148867.45
2022-10-07,342978.53,10143663.80
2022-10-06,320165.95,10137351.46
2022-10-05,365989.19,10171597.33
2022-10-04,320802.76,10186063.30
2022-10-03,337663.51,10220023.56
2022-10-02,325192.33,10245840.46
2022-10-01,342788.54,10269516.16
2022-09-30,349046.09,10278266.08
2022-09-29,329942.96,10272470.77
2022-09-28,342783.06,10305748.83
2022-09-27,341860.68,10302211.01
2022-09-26,329118.50,10269992.08
2022-09-25,346091.47,10284198.79
2022-09-24,320504.53,10296226.59
2022-09-23,321633.96,10313576.56
2022-09-22,346085.54,10348001.75
2022-09-21,336881.00,10339387.24
2022-09-20,329463.26,10343144.96
2022-09-19,360142.16,10367225.86
2022-09-18,330636.02,10346756.66
2022-09-17,332806.89,10375380.75
2022-09-16,354189.53,10389744.80
2022-09-15,319211.82,10383103.80
2022-09-14,336236.19,10408804.18
2022-09-13,313996.98,10413201.77
2022-09-12,338871.77,10443515.37
2022-09-11,353212.58,10452687.05
2022-09-10,351663.97,10442792.78
2022-09-09,374693.35,10431727.11
2022-09-08,329010.68,10399834.31
2022-09-07,336666.19,10412409.10
2022-09-06,354411.82,10437877.06
2022-09-05,380455.16,10448071.72
2022-09-04,354763.02,10455980.70
2022-09-03,363480.41,10451005.94
2022-09-02,348868.03,10436482.92
2022-09-01,351538.46,10439792.81
2022-08-31,343250.78,10457511.73
2022-08-30,363221.02,10488846.53
2022-08-29,339245.24,10467815.40
2022-08-28,309641.75,10506483.40
2022-08-27,343325.21,10541608.56
2022-08-26,358119.27,10550835.59
2022-08-25,337854.50,10557374.78
2022-08-24,356059.15,10582720.94
2022-08-23,337471.03,10586006.71
2022-08-22,340638.72,10615367.53
2022-08-21,353544.16,10653118.30
2022-08-20,339672.96,10661771.36
2022-08-19,359260.11,10688524.01
2022-08-18,347170.94,10689587.01
2022-08-17,347548.53,10686432.71
2022-08-16,344912.20,10705548.69
2022-08-15,340633.78,10731166.41
2022-08-14,344310.58,10719972.07
2022-08-13,348043.45,10727575.87
2022-08-12,343318.31,10772354.38
2022-08-11,340598.30,10793469.31
2022-08-10,342800.55,10811444.60
2022-08-09,341585.47,10825918.00
2022-08-08,362134.15,10829008.81
2022-08-07,364606.48,10807009.87
2022-08-06,388364.14,10780467.14
2022-08-05,349788.26,10756495.98
2022-08-04,348957.39,10769866.29
2022-08-03,352177.92,10764014.91
2022-08-02,369257.38,10783908.25
2022-08-01,374585.58,10760903.38
2022-07-31,342189.89,10747431.53
2022-07-30,377913.24,10779549.75
2022-07-29,344766.91,10745073.99
2022-07-28,352552.24,10768779.12
2022-07-27,364658.46,10772079.25
2022-07-26,363200.66,10777963.58
2022-07-25,359344.92,10782835.52
2022-07-24,366831.85,10797455.68
2022-07-23,378389.49,10789259.23
2022-07-22,362197.22,10789934.71
2022-07-21,366425.61,10795837.58
2022-07-20,360323.11,10804640.17
2022-07-19,344016.64,10815028.96
2022-07-18,366664.51,10847249.84
2022-07-17,370529.92,10858901.88
2022-07-16,329439.44,10881601.05
2022-07-15,351914.38,10927388.88
2022-07-14,392821.96,10941892.62
2022-07-13,364433.24,10933745.77
2022-07-12,358573.59,10956072.99
2022-07-11,357273.95,10972247.56
2022-07-10,344676.28,10968584.18
2022-07-09,340135.21,10997827.67
2022-07-08,338063.75,11064073.34
2022-07-07,364392.98,11096925.08
2022-07-06,363158.57,11089365.07
2022-07-05,343106.01,11109706.05
2022-07-04,372071.26,11120294.76
2022-07-03,346252.51,11117869.25
2022-07-02,361113.73,11139093.90
2022-07-01,374308.11,11160488.91
2022-06-30,343437.48,11164732.36
2022-06-29,368472.04,11179278.38
2022-06-28,355852.37,11200735.67
2022-06-27,370542.79,11222955.45
2022-06-26,368072.60,11236610.41
2022-06-25,373965.08,11242413.05
2022-06-24,358635.40,11232976.11
2022-06-23,379064.97,11240996.21
2022-06-22,368100.09,11240599.07
2022-06-21,375228.20,11253053.61
2022-06-20,370711.90,11262234.11
2022-06-19,376237.52,11259800.62
2022-06-18,378316.55,11255596.80
2022-06-17,393229.09,11253051.22
2022-06-16,375227.27,11213906.27
2022-06-15,366418.12,11224571.07
2022-06-14,384675.11,11193333.92
2022-06-13,386760.46,11203026.80
2022-06-12,374748.16,11186492.97
2022-06-11,353610.57,11207921.42
2022-06-10,373919.77,11247258.02
2022-06-09,406380.88,11228329.41
2022-06-08,370915.49,11210539.51
2022-06-07,356832.97,11241152.63
2022-06-06,383499.55,11251805.43
2022-06-05,353694.72,11276607.42
2022-06-04,369645.75,11307147.66
2022-06-03,367477.16,11316297.11
2022-06-02,382508.74,11329357.10
2022-06-01,378551.56,11345727.95
2022-05-31,357983.50,11363497.69
2022-05-30,389929.33,11405096.92
2022-05-29,378072.15,11418570.68
2022-05-28,384197.75,11422069.80
2022-05-27,373875.24,11408916.75
2022-05-26,364528.14,11399298.47
2022-05-25,366655.50,11403224.44
2022-05-24,378667.83,11410705.23
2022-05-23,380554.63,11438399.20
2022-05-22,384408.70,11416971.12
2022-05-21,368278.41,11420092.07
2022-05-20,372033.70,11444452.97
2022-05-19,375770.97,11482904.52
2022-05-18,354084.14,11515361.42
2022-05-17,385892.07,11552067.97
2022-05-16,335180.97,11560186.89
2022-05-15,394367.99,11610044.75
2022-05-14,370226.63,11619706.42
2022-05-13,396176.61,11634347.34
2022-05-12,392947.17,11641577.29
2022-05-11,354991.16,11635343.95
2022-05-10,388590.98,11680296.32
2022-05-09,401528.61,11691241.62
2022-05-08,367485.77,11688988.26
2022-05-07,408301.54,11703507.14
2022-05-06,384234.96,11689650.96
2022-05-05,378795.20,11690441.21
2022-05-04,380537.15,11689082.61
2022-05-03,398879.59,11685539.12
2022-05-02,396321.30,11713207.46
2022-05-01,399582.73,11698945.14
2022-04-30,403403.09,11680126.17
2022-04-29,381571.27,11653922.78
2022-04-28,371044.70,11660223.09
2022-04-27,364256.96,11667083.23
2022-04-26,368454.11,11700333.18
2022-04-25,374136.29,11749815.93
2022-04-24,406361.80,11775309.09
2022-04-23,359126.55,11756364.64
2022-04-22,387529.65,11765977.92
2022-04-21,392639.31,11790342.66
2022-04-20,410485.25,11784709.29
2022-04-19,408227.87,11752296.61
2022-04-18,390790.69,11747673.05
2022-04-17,394010.99,11760743.57
2022-04-16,385038.83,11747662.43
2022-04-15,404029.66,11746261.70
2022-04-14,384867.55,11730086.46
2022-04-13,403406.56,11725699.89
2022-04-12,386713.83,11709044.79
2022-04-11,399943.53,11690395.36
2022-04-10,399536.28,11673210.31
2022-04-09,399275.25,11664271.96
2022-04-08,382004.65,11669389.41
2022-04-07,394445.36,11679244.23
2022-04-06,385025.21,11667943.35
2022-04-05,377436.60,11669539.45
2022-04-04,376993.66,11661074.87
2022-04-03,426547.93,11662852.73
2022-04-02,382058.98,11613921.92
2022-04-01,380763.76,11637568.45
2022-03-31,377199.70,11660928.71
2022-03-30,387871.58,11659997.09
2022-03-29,377904.84,11694464.83
2022-03-28,397506.91,11723035.98
2022-03-27,417936.86,11737069.87
2022-03-26,399629.45,11744679.35
2022-03-25,387417.35,11748902.36
2022-03-24,368739.83,11757830.34
2022-03-23,411894.39,11783312.94
2022-03-22,387005.94,11777052.05
2022-03-21,378072.57,11793270.90
2022-03-20,403604.31,11818864.58
2022-03-19,403861.21,11798736.82
2022-03-18,380929.85,11794522.72
2022-03-17,383638.10,11802008.61
2022-03-16,387854.42,11799461.80
2022-03-15,380480.98,11801521.88
2022-03-14,386751.46,11830476.64
2022-03-13,368064.40,11810146.86
2022-03-12,382758.48,11835732.52
2022-03-11,390597.93,11845573.15
2022-03-10,404392.70,11856510.91
2022-03-09,391859.47,11847990.33
2022-03-08,383144.48,11879961.50
2022-03-07,386621.31,11883245.97
2022-03-06,368972.02,11888302.37
2022-03-05,378771.52,11909566.28
2022-03-04,377617.12,11929508.89
2022-03-03,405705.51,11957527.42
2022-03-02,404124.02,11983226.97
2022-03-01,376268.08,11970689.00
2022-02-28,422339.32,11990066.80
2022-02-27,406475.99,11978813.83
2022-02-26,411540.80,11973541.55
2022-02-25,425546.34,11966863.54
2022-02-24,403852.46,11964073.05
2022-02-23,396345.33,11948713.73
2022-02-22,394222.43,11962367.12
2022-02-21,405633.50,11943395.93
2022-02-20,403224.79,11940718.04
2022-02-19,403666.25,11931668.58
2022-02-18,383476.55,11932813.77
2022-02-17,399647.11,11926774.32
2022-02-16,388415.74,11928805.33
2022-02-15,381091.29,11952471.42
2022-02-14,389914.50,11947084.18
2022-02-13,409435.74,11965434.16
2022-02-12,366421.68,11930572.43
2022-02-11,393650.06,11981412.78
2022-02-10,392599.11,12009016.20
2022-02-09,401535.69,12039986.94
2022-02-08,395872.12,12043245.82
2022-02-07,423830.64,12059688.32
2022-02-06,386428.95,12018351.00
2022-02-05,391677.71,12028987.98
2022-02-04,390235.93,12005487.77
2022-02-03,398714.13,11997115.03
2022-02-02,405635.65,11988531.87
2022-02-01,431405.06,12007113.29
2022-01-31,391586.05,11963105.01
2022-01-30,395645.88,11959005.49
2022-01-29,411086.35,11960433.48
2022-01-28,401203.71,11947453.79
2022-01-27,404862.79,11954652.80
2022-01-26,422755.85,11925581.22
2022-01-25,388493.14,11911851.50
2022-01-24,409998.72,11937241.23
2022-01-23,375251.24,11906304.48
2022-01-22,402955.61,11922058.45
2022-01-21,394175.33,11884736.36
2022-01-20,404811.44,11883901.32
2022-01-19,377437.10,11883796.34
2022-01-18,401678.12,11901051.84
2022-01-17,412081.83,11909582.75
2022-01-16,375704.05,11887542.29
2022-01-15,408264.48,11886930.87
2022-01-14,374574.01,11864934.27
2022-01-13,417262.03,11901880.67
2022-01-12,421253.48,11863979.31
2022-01-11,423569.85,11860601.28
2022-01-10,404794.57,11824190.20
2022-01-09,412314.62,11828237.54
2022-01-08,382493.32,11817850.35
2022-01-07,397065.93,11835211.08
2022-01-06,368177.50,11853558.63
2022-01-05,381863.19,11882435.47
2022-01-04,390130.97,11890044.44
2022-01-03,424217.07,11883822.09
2022-01-02,387396.78,11874552.93
2022-01-01,387486.53,11878765.64
2021-12-31,397073.87,11872487.73
2021-12-30,398106.66,11880635.07
2021-12-29,408402.72,11881090.61
2021-12-28,375791.21,11867882.89
2021-12-27,409026.13,11908367.36
2021-12-26,413882.87,11900640.56
2021-12-25,379061.97,11857642.58
2021-12-24,391005.21,11880215.21
2021-12-23,365633.52,11896013.42
2021-12-22,393340.29,11940830.58
2021-12-21,404706.46,11920794.14
2021-12-20,394692.60,11906735.16
2021-12-19,410209.03,11908297.09
2021-12-18,390041.37,11902053.44
2021-12-17,375092.63,11916134.22
2021-12-16,386267.88,11951994.46
2021-12-15,411520.41,11967583.42
2021-12-14,379360.67,11958210.19
2021-12-13,417875.45,11966210.14
2021-12-12,387158.77,11955561.53
2021-12-11,408841.91,11984603.49
2021-12-10,401927.43,12000567.41
2021-12-09,399854.05,12004919.89
2021-12-08,415413.48,12019214.00
2021-12-07,397054.34,11995494.23
2021-12-06,389472.16,11975558.15
2021-12-05,383908.62,11969004.43
2021-12-04,414947.91,11983952.97
2021-12-03,391609.49,11959001.13
2021-12-02,381208.62,11968601.26
2021-12-01,405221.21,11969989.51
2021-11-30,398562.20,11952638.31
2021-11-29,395195.00,11970939.65
2021-11-28,416275.68,11966754.03
2021-11-27,401299.33,11955666.62
2021-11-26,370884.89,11976107.44
2021-11-25,401634.60,12014695.89
2021-11-24,406803.42,11996708.34
2021-11-23,410450.68,11961445.76
2021-11-22,373303.85,11940680.10
2021-11-21,390647.48,11980352.02
2021-11-20,396254.53,11991005.91
2021-11-19,403965.38,11985054.80
2021-11-18,404122.15,11963023.91
2021-11-17,410952.87,11963227.56
2021-11-16,401856.84,11941046.40
2021-11-15,402147.18,11937679.22
2021-11-14,387360.62,11926776.75
2021-11-13,407226.84,11931847.24
2021-11-12,416200.73,11906806.74
2021-11-11,424805.83,11882118.78
2021-11-10,406279.91,11829584.37
2021-11-09,414148.16,11818682.86
2021-11-08,391693.71,11813430.29
2021-11-07,377118.26,11788638.27
2021-11-06,382918.44,11794236.01
2021-11-05,398857.16,11814737.13
2021-11-04,389996.07,11801037.89
2021-11-03,401209.62,11810043.78
2021-11-02,382596.87,11799235.57
2021-11-01,387870.01,11790555.56
2021-10-31,416863.54,11760377.75
2021-10-30,391009.38,11732633.12
2021-10-29,405188.27,11728233.23
2021-10-28,421740.15,11703223.14
2021-10-27,409473.34,11675592.01
2021-10-26,383647.05,11663796.07
2021-10-25,371540.84,11681781.57
2021-10-24,389685.02,11710840.39
2021-10-23,412975.77,11708568.22
2021-10-22,401301.37,11684652.72
2021-10-21,390303.42,11673066.98
2021-10-20,381934.49,11685868.40
2021-10-19,404325.80,11680310.67
2021-10-18,388771.71,11635223.25
2021-10-17,398489.66,11668527.22
2021-10-16,391244.71,11668858.64
2021-10-15,392431.11,11652390.82
2021-10-14,382186.34,11637005.08
2021-10-13,391512.77,11657394.90
2021-10-12,372271.42,11646536.24
2021-10-11,395378.40,11671077.08
2021-10-10,408895.59,11663520.43
2021-10-09,366901.69,11629826.77
2021-10-08,382716.00,11636222.38
2021-10-07,403419.56,11635673.43
2021-10-06,385157.92,11606959.56
2021-10-05,399001.96,11614131.69
2021-10-04,390401.41,11618253.62
2021-10-03,373916.86,11599871.59
2021-10-02,357692.20,11609561.50
2021-10-01,389118.91,11653488.04
2021-09-30,386609.49,11670525.42
2021-09-29,380178.18,11686584.74
2021-09-28,394109.02,11674072.84
2021-09-27,397677.40,11658287.27
2021-09-26,401632.55,11646116.63
2021-09-25,400599.66,11618159.97
2021-09-24,387412.85,11591730.10
2021-09-23,389060.27,11597725.24
2021-09-22,389715.63,11585689.65
2021-09-21,403104.84,11568378.50
2021-09-20,376376.76,11535957.04
2021-09-19,359238.38,11526154.73
2021-09-18,422075.68,11553347.93
2021-09-17,398821.08,11500508.84
2021-09-16,374776.89,11488088.28
2021-09-15,377045.37,11483319.04
2021-09-14,402576.16,11497568.22
2021-09-13,380654.11,11480355.50
2021-09-12,396812.26,11474111.86
2021-09-11,387821.75,11434515.55
2021-09-10,375201.93,11418267.23
2021-09-09,373297.30,11426349.59
2021-09-08,382167.05,11436656.91
2021-09-07,374705.69,11415389.91
2021-09-06,392330.05,11398817.71
2021-09-05,403123.89,11372455.31
2021-09-04,372019.38,11355482.18
2021-09-03,383606.77,11373080.34
2021-09-02,401618.74,11376118.36
2021-09-01,406156.29,11352993.96
2021-08-31,402668.81,11308542.23
2021-08-30,367666.28,11293918.48
2021-08-29,378323.45,11293048.04
2021-08-28,385506.76,11292100.67
2021-08-27,373675.89,11280984.40
2021-08-26,374169.79,11275942.01
2021-08-25,393407.99,11296754.02
2021-08-24,377024.68,11250998.69
2021-08-23,372404.48,11248585.91
2021-08-22,370683.38,11242349.58
2021-08-21,366574.45,11264301.31
2021-08-20,386431.58,11266560.60
2021-08-19,369236.59,11270971.55
2021-08-18,386400.52,11277823.24
2021-08-17,370007.65,11263660.76
2021-08-16,391294.55,11269651.98
2021-08-15,385363.44,11240269.96
2021-08-14,374410.47,11250304.87
2021-08-13,357215.95,11239752.15
2021-08-12,371573.43,11276174.37
2021-08-11,383284.29,11273337.33
2021-08-10,383604.62,11249200.86
2021-08-09,360900.05,11243417.24
2021-08-08,358133.49,11271767.23
2021-08-07,365967.65,11276309.64
2021-08-06,386150.76,11278646.54
2021-08-05,389617.54,11253678.08
2021-08-04,386644.79,11258558.84
2021-08-03,378494.34,11230127.46
2021-08-02,361704.56,11216499.33
2021-08-01,388045.06,11226672.37
2021-07-31,366795.84,11210733.50
2021-07-30,377376.08,11197251.69
2021-07-29,374390.49,11194116.84
2021-07-28,368633.50,11181962.90
2021-07-27,394981.80,11187024.29
2021-07-26,347652.66,11129970.76
2021-07-25,374611.90,11126075.21
2021-07-24,366168.15,11077711.83
2021-07-23,392635.11,11074073.19
2021-07-22,368833.74,11039884.09
2021-07-21,390842.53,11057410.23
2021-07-20,376088.28,11035320.39
2021-07-19,372238.04,11004656.10
2021-07-18,375998.87,11000862.37
2021-07-17,361912.53,10982287.38
2021-07-16,395398.35,10988871.49
2021-07-15,363857.75,10952056.10
2021-07-14,393638.17,10959315.50
2021-07-13,368736.39,10933262.59
2021-07-12,359147.82,10905869.61
2021-07-11,377821.00,10895490.35
2021-07-10,389250.04,10848767.42
2021-07-09,362675.90,10844605.03
2021-07-08,368304.55,10830742.92
2021-07-07,361182.30,10849398.67
2021-07-06,394498.30,10848956.13
2021-07-05,358213.41,10836897.03
2021-07-04,364866.21,10837175.39
2021-07-03,371877.60,10839173.80
2021-07-02,372106.19,10815148.86
2021-07-01,353314.03,10807328.86
2021-06-30,374241.23,10812945.88
2021-06-29,362236.55,10806859.25
2021-06-28,373694.89,10811927.39
2021-06-27,337928.27,10797084.15
2021-06-26,343757.11,10830347.65
2021-06-25,326248.52,10845951.55
2021-06-24,362529.51,10883678.90
2021-06-23,358446.01,10882334.57
2021-06-22,386359.88,10904038.86
2021-06-21,368752.69,10881304.89
2021-06-20,345423.99,10862514.74
2021-06-19,368444.31,10886607.61
2021-06-18,357423.88,10842357.73
2021-06-17,368496.64,10865895.46
2021-06-16,358582.96,10843617.94
2021-06-15,371117.15,10861794.13
2021-06-14,367585.26,10828826.91
2021-06-13,341343.41,10804572.64
2021-06-12,348768.56,10807335.70
2021-06-11,331098.07,10812652.65
2021-06-10,385087.65,10807780.61
2021-06-09,348813.79,10787831.05
2021-06-08,386960.30,10796786.59
2021-06-07,360739.76,10755117.18
2021-06-06,382439.20,10747226.49
2021-06-05,358491.77,10721798.25
2021-06-04,366864.62,10696498.30
2021-06-03,347852.66,10692079.36
2021-06-02,364286.19,10693409.12
2021-06-01,358931.05,10698727.79
2021-05-31,368154.60,10685952.05
2021-05-30,367304.69,10678790.86
2021-05-29,358851.65,10655431.31
2021-05-28,371191.77,10642737.44
2021-05-27,359361.01,10635656.80
2021-05-26,363975.87,10640544.45
2021-05-25,361185.18,10592884.00
2021-05-24,380150.30,10576734.38
2021-05-23,363625.91,10538422.45
2021-05-22,349962.54,10517149.94
2021-05-21,369516.86,10525038.27
2021-05-20,324194.43,10503736.75
2021-05-19,380961.61,10537600.82
2021-05-18,346219.12,10506108.20
2021-05-17,376759.15,10511638.55
2021-05-16,338149.93,10445680.25
2021-05-15,343330.99,10471616.58
2021-05-14,344106.47,10501076.57
2021-05-13,354085.51,10503157.19
2021-05-12,326226.03,10486349.80
2021-05-11,365138.09,10493803.57
2021-05-10,357769.33,10493878.97
2021-05-09,345290.89,10471145.69
2021-05-08,352849.07,10463752.51
2021-05-07,357010.96,10456695.33
2021-05-06,333191.82,10433933.46
2021-05-05,362445.68,10434925.77
2021-05-04,349182.42,10402086.10
2021-05-03,369604.86,10382687.72
2021-05-02,346155.31,10369749.74
2021-05-01,360993.41,10347299.26
2021-04-30,343945.14,10303661.18
2021-04-29,346157.78,10301682.01
2021-04-28,364111.13,10291664.44
2021-04-27,364248.66,10251720.44
2021-04-26,316315.42,10247509.90
2021-04-25,345035.56,10281396.41
2021-04-24,341838.37,10283352.90
2021-04-23,342353.40,10272621.00
2021-04-22,357850.87,10267453.51
2021-04-21,348215.34,10254141.31
2021-04-20,358058.50,10250869.96
2021-04-19,349468.99,10239247.09
2021-04-18,351749.47,10206878.79
2021-04-17,310800.85,10192512.86
2021-04-16,364086.26,10207019.18
2021-04-15,372790.98,10175747.86
2021-04-14,346187.09,10121793.99
2021-04-13,337278.12,10099366.88
2021-04-12,333679.80,10086491.24
2021-04-11,365213.49,10073072.92
2021-04-10,335036.05,10034815.42
2021-04-09,337897.71,10037054.09
2021-04-08,345791.89,10032183.60
2021-04-07,334249.09,10003568.88
2021-04-06,334184.13,9995790.57
2021-04-05,329606.01,9993538.69
2021-04-04,329784.04,10007944.14
2021-04-03,356666.88,10006645.42
2021-04-02,323704.83,9969700.63
2021-04-01,317355.33,9963935.35
2021-03-31,341965.97,9980494.44
2021-03-30,336140.21,9988732.12
2021-03-29,324167.13,9967777.09
2021-03-28,360038.12,9974966.35
2021-03-27,350201.93,9944827.33
2021-03-26,346992.05,9940874.47
2021-03-25,331106.47,9949456.00
2021-03-24,337185.91,9933690.43
2021-03-23,344538.67,9935547.27
2021-03-22,344943.99,9911721.49
2021-03-21,346435.63,9887690.29
2021-03-20,317100.69,9883117.38
2021-03-19,337383.54,9882649.02
2021-03-18,325307.17,9865867.26
2021-03-17,332814.94,9853588.16
2021-03-16,318837.11,9826902.89
2021-03-15,323759.98,9835844.89
2021-03-14,324402.48,9809327.36
2021-03-13,320261.48,9796125.20
2021-03-12,326955.99,9788829.90
2021-03-11,337274.72,9790802.72
2021-03-10,333027.22,9771227.10
2021-03-09,317177.17,9753439.02
2021-03-08,326470.78,9748157.56
2021-03-07,331932.25,9757560.91
2021-03-06,344011.46,9771950.24
2021-03-05,328485.32,9761525.30
2021-03-04,319722.09,9742695.21
2021-03-03,317939.55,9739071.71
2021-03-02,333914.42,9740675.17
2021-03-01,350203.65,9736527.31
2021-02-28,315185.18,9701837.66
2021-02-27,331356.39,9695052.09
2021-02-26,329899.10,9691464.86
2021-02-25,346249.07,9650643.61
2021-02-24,355573.58,9624339.84
2021-02-23,315340.90,9566192.87
2021-02-22,339042.75,9549659.65
2021-02-21,320712.89,9535279.87
2021-02-20,320912.79,9535829.63
2021-02-19,341862.72,9528154.38
2021-02-18,316632.33,9496329.87
2021-02-17,320601.78,9498039.91
2021-02-16,313028.07,9481096.08
2021-02-15,306129.67,9461397.13
2021-02-14,327779.11,9466789.30
2021-02-13,297242.45,9432715.93
2021-02-12,311200.32,9419576.97
2021-02-11,312966.18,9408750.16
2021-02-10,328928.81,9400696.59
2021-02-09,317699.10,9389961.53
2021-02-08,315239.14,9378327.42
2021-02-07,311895.71,9353982.97
2021-02-06,335874.13,9326207.08
2021-02-05,346321.58,9301030.41
2021-02-04,333586.52,9252084.48
2021-02-03,309655.23,9247328.21
2021-02-02,316098.59,9237923.28
2021-02-01,319543.01,9204176.12
2021-01-31,329766.56,9188003.18
2021-01-30,315514.00,9165643.08
2021-01-29,308399.61,9139518.82
2021-01-28,327769.16,9127489.45
2021-01-27,289077.85,9091367.44
2021-01-26,319945.30,9096729.41
2021-01-25,297426.61,9074631.54
2021-01-24,298807.68,9077852.39
2021-01-23,324662.97,9094335.57
2021-01-22,321262.65,9053775.70
2021-01-21,313237.54,9034016.37
2021-01-20,310038.21,8995898.01
2021-01-19,318342.37,8990855.68
2021-01-18,303657.95,8947105.13
2021-01-17,293329.12,8922259.07
2021-01-16,311521.84,8911731.54
2021-01-15,293705.74,8896501.79
2021-01-14,284103.49,8898058.96
2021-01-13,300373.51,8876979.66
2021-01-12,304912.61,8844947.15
2021-01-11,318193.75,8820902.74
2021-01-10,306064.99,8783506.84
2021-01-09,290894.69,8765104.12
2021-01-08,284119.82,8749466.51
2021-01-07,310697.46,8754183.18
2021-01-06,297375.65,8727914.32
2021-01-05,328830.25,8711715.85
2021-01-04,300250.30,8678344.75
2021-01-03,282351.43,8662277.64
2021-01-02,303370.07,8669434.03
2021-01-01,307406.46,8646180.40
2020-12-31,289389.74,8619578.13
2020-12-30,296370.24,8612362.37
2020-12-29,291647.15,8594855.08
2020-12-28,294439.82,8590263.57
2020-12-27,297847.43,8606860.55
2020-12-26,300647.46,8582762.13
2020-12-25,315290.86,8545016.92
2020-12-24,284103.10,8528862.22
2020-12-23,301503.32,8530587.46
2020-12-22,275119.18,8479984.36
2020-12-21,304995.88,8504387.40
2020-12-20,274591.82,8482919.50
2020-12-19,278811.89,8487196.01
2020-12-18,282801.59,8488479.77
2020-12-17,296292.09,8489135.76
2020-12-16,295262.91,8483449.61
2020-12-15,263024.19,8444432.80
2020-12-14,268341.00,8479364.94
2020-12-13,280868.20,8476132.22
2020-12-12,280797.85,8470688.48
2020-12-11,287662.27,8478726.62
2020-12-10,275257.08,8472012.28
2020-12-09,288836.49,8449897.71
2020-12-08,284428.60,8433717.41
2020-12-07,281177.18,8419801.93
2020-12-06,295459.15,8419355.42
2020-12-05,284183.19,8397842.31
2020-12-04,289507.82,8383410.77
2020-12-03,280116.44,8362079.72
2020-12-02,280804.19,8352280.81
2020-12-01,282173.98,8365074.13
2020-11-30,278862.95,8352206.82
2020-11-29,287055.64,8322554.21
2020-11-28,311036.80,8287317.23
2020-11-27,273749.01,8213014.36
2020-11-26,262902.25,8220707.56
2020-11-25,299136.16,8226135.95
2020-11-24,285828.34,8212676.74
2020-11-23,250900.22,8196139.71
2020-11-22,299522.22,8217352.19
2020-11-21,283527.98,8199139.44
2020-11-20,278868.33,8172943.25
2020-11-19,280095.65,8163067.23
2020-11-18,283457.58,8122201.23
2020-11-17,290605.94,8114195.49
2020-11-16,256246.10,8080025.86
2020-11-15,297956.33,8074808.77
2020-11-14,265108.28,8041468.03
2020-11-13,275424.46,8025090.58
2020-11-12,288835.99,7997448.48
2020-11-11,280947.93,7947223.89
2020-11-10,253142.51,7905135.59
2020-11-09,272656.19,7916118.58
2020-11-08,270513.12,7886314.83
2020-11-07,280730.67,7853891.14
2020-11-06,273946.04,7821667.50
2020-11-05,269751.65,7795736.67
2020-11-04,268176.77,7765789.89
2020-11-03,270317.53,7750755.66
2020-11-02,293597.51,7733979.25
2020-11-01,269306.67,7688867.13
2020-10-31,249210.34,7681788.46
2020-10-30,251818.66,7693203.21
2020-10-29,236733.93,7702308.22
2020-10-28,281442.21,7716757.42
2020-10-27,268330.64,7711287.76
2020-10-26,285676.95,7699284.83
2020-10-25,269291.31,7692323.35
2020-10-24,272112.70,7655321.88
2020-10-23,281309.47,7630700.35
2020-10-22,257331.79,7577364.07
2020-10-21,268992.31,7567888.74
2020-10-20,239229.65,7534697.85
2020-10-19,275451.84,7533666.48
2020-10-18,256436.31,7487370.56
2020-10-17,251029.01,7468909.70
2020-10-16,264615.59,7469120.93
2020-10-15,248730.83,7448170.18
2020-10-14,247782.36,7418427.31
2020-10-13,238611.40,7397965.06
2020-10-12,238859.63,7408147.88
2020-10-11,264125.50,7403520.60
2020-10-10,242852.44,7358071.47
2020-10-09,238089.43,7351714.35
2020-10-08,248507.03,7384597.28
2020-10-07,248015.21,7368639.94
2020-10-06,239804.87,7334564.47
2020-10-05,253142.54,7329690.40
2020-10-04,253541.12,7316570.27
2020-10-03,248485.39,7290576.84
2020-10-02,262228.00,7284838.55
2020-10-01,260625.09,7270078.89
2020-09-30,260923.67,7251698.20
2020-09-29,251183.13,7235621.51
2020-09-28,275972.55,7212933.72
2020-09-27,256327.71,7171456.25
2020-09-26,278715.47,7161085.33
2020-09-25,232289.84,7105069.77
2020-09-24,247491.17,7092122.46
2020-09-23,227973.19,7064457.53
2020-09-22,247856.46,7078603.63
2020-09-21,235801.42,7063733.34
2020-09-20,238198.28,7059114.62
2020-09-19,229155.92,7045680.11
2020-09-18,237975.45,7053858.83
2020-09-17,251240.24,7040642.16
2020-09-16,243664.84,7003179.66
2020-09-15,218987.96,6983420.94
2020-09-14,227320.11,6971694.48
2020-09-13,248794.22,6958906.27
2020-09-12,234232.35,6950933.24
2020-09-11,218676.37,6925233.74
2020-09-10,236495.32,6929811.93
2020-09-09,270972.36,6920543.48
2020-09-08,232549.69,6868109.51
2020-09-07,213939.74,6863351.47
2020-09-06,234930.80,6868156.11
2020-09-05,240022.41,6855937.02
2020-09-04,227547.69,6826890.95
2020-09-03,242747.10,6810256.72
2020-09-02,247468.34,6758240.80
2020-09-01,242244.40,6723810.07
2020-08-31,244846.98,6696355.47
2020-08-30,228495.34,6654658.80
2020-08-29,234495.08,6656916.84
2020-08-28,245956.79,6647244.02
2020-08-27,222699.91,6598060.96
2020-08-26,219342.53,6578534.53
2020-08-25,219826.24,6558268.36
2020-08-24,242119.29,6529812.05
2020-08-23,232986.17,6506612.52
2020-08-22,231182.70,6492142.51
2020-08-21,224763.77,6470180.79
2020-08-20,237334.64,6443762.49
2020-08-19,224758.78,6408501.08
2020-08-18,213777.74,6390323.83
2020-08-17,223906.12,6381079.77
2020-08-16,207261.50,6375098.04
2020-08-15,214531.90,6391633.17
2020-08-14,240821.19,6379190.90
2020-08-13,208532.85,6339853.08
2020-08-12,223254.56,6329118.62
2020-08-11,227226.87,6291898.34
2020-08-10,218538.39,6266087.54
2020-08-09,227791.65,6262750.95
2020-08-08,218744.38,6236917.68
2020-08-07,222711.71,6217763.97
2020-08-06,210976.34,6208713.51
2020-08-05,210913.46,6182128.01
2020-08-04,190731.18,6164323.90
2020-08-03,213037.61,6189222.15
2020-08-02,214789.80,6180803.33
2020-08-01,203150.31,6185541.22
2020-07-31,230753.38,6173208.27
2020-07-30,224822.26,6141319.50
2020-07-29,196773.73,6126069.64
2020-07-28,203173.48,6113742.19
2020-07-27,199076.36,6112403.83
2020-07-26,191369.93,6096117.23
2020-07-25,218919.76,6097394.60
2020-07-24,218516.16,6050596.53
2020-07-23,209220.98,6025602.11
2020-07-22,198345.47,6022007.22
2020-07-21,202073.23,6018513.63
2020-07-20,206581.53,6012249.99
2020-07-19,204533.68,5991517.86
2020-07-18,217924.39,6003008.72
2020-07-17,223796.63,5953338.43
2020-07-16,202089.63,5924825.45
2020-07-15,201483.37,5910458.11
2020-07-14,197798.39,5896852.68
2020-07-13,186034.28,5876496.96
2020-07-12,201416.07,5867656.86
2020-07-11,215201.80,5829613.88
2020-07-10,201958.38,5784288.54
2020-07-09,199590.67,5749251.95
2020-07-08,213661.25,5742669.95
2020-07-07,184390.84,5719275.93
2020-07-06,193109.35,5708381.26
2020-07-05,215629.43,5686716.43
2020-07-04,204618.79,5650834.81
2020-07-03,219527.69,5632290.78
2020-07-02,190817.36,5575233.52
2020-07-01,198864.61,5545833.80
2020-06-30,209572.40,5507945.17
2020-06-29,184446.28,5471062.64
2020-06-28,201835.12,5482165.24
2020-06-27,182789.76,5453808.69
2020-06-26,192647.30,5459760.90
2020-06-25,172121.69,5460217.07
2020-06-24,193521.74,5463340.14
2020-06-23,205626.09,5446298.64
2020-06-22,194851.88,5416493.66
2020-06-21,195809.59,5394777.57
2020-06-20,185849.40,5382887.42
2020-06-19,216024.54,5371296.80
2020-06-18,168254.10,5326663.18
2020-06-17,195283.65,5298530.76
2020-06-16,187722.29,5261010.03
2020-06-15,187877.94,5268535.75
2020-06-14,177442.67,5253030.07
2020-06-13,177194.18,5244961.30
2020-06-12,163373.09,5232539.81
2020-06-11,169876.46,5229062.76
2020-06-10,166921.79,5243558.21
2020-06-09,193008.67,5254578.48
2020-06-08,190267.23,5221449.64
2020-06-07,173496.17,5206018.78
2020-06-06,171444.52,5190674.81
2020-06-05,179747.81,5191806.75
2020-06-04,186074.76,5170042.41
2020-06-03,162470.43,5151832.53
2020-06-02,161417.64,5159837.41
2020-06-01,160975.98,5152351.16
2020-05-31,172689.87,5163280.74
2020-05-23,173135.79,4912416.90
2020-05-22,183919.44,4886138.68
2020-05-21,174258.78,4856054.54
2020-05-20,171390.92,4822723.74
2020-05-19,140121.68,4817202.78
2020-05-18,157762.92,4839129.23
2020-05-17,195248.01,4830714.18
2020-05-16,172372.26,4780804.01
2020-05-15,169373.90,4754004.69
2020-05-14,164772.69,4710132.97
2020-05-13,159896.04,4699405.41
2020-05-12,184371.91,4683878.35
2020-05-11,177942.06,4634168.92
2020-05-10,159879.83,4610176.56
2020-05-09,174836.37,4615978.91
2020-05-08,158152.20,4586257.00
2020-05-07,172576.46,4565856.22
2020-05-06,157983.47,4533335.15
2020-05-05,167864.88,4524631.78
2020-05-04,170475.31,4484981.77
2020-05-03,153931.39,4448962.24
2020-05-02,171905.56,4430289.81
2020-05-01,128520.16,4400289.46
2020-04-30,159792.67,4414948.74
2020-04-29,161652.29,4405433.82
2020-04-28,160465.12,4378740.91
2020-04-27,137014.11,4349233.93
2020-04-26,156275.97,4362054.36
2020-04-25,149559.50,4332280.32
2020-04-24,146965.21,4319812.08
2020-04-23,146857.57,4315592.31
2020-04-22,153835.30,4297657.48
2020-04-21,140927.98,4278432.62
2020-04-20,165869.96,4255710.78
2020-04-19,162048.13,4224091.28
2020-04-18,149347.87,4173146.63
2020-04-17,145337.84,4153702.23
2020-04-16,145572.94,4135071.17
2020-04-15,125502.18,4118364.52
2020-04-14,154045.13,4133383.95
2020-04-13,144368.98,4109217.99
2020-04-12,134662.48,4101704.85
2020-04-11,153949.70,4092352.41
2020-04-10,165682.18,4057355.61
2020-04-09,145114.46,4019260.27
2020-04-08,137751.42,4001609.83
2020-04-07,140055.39,3989145.24
2020-04-06,149280.10,3978785.34
2020-04-05,128214.87,3952193.60
2020-04-04,134455.78,3940085.81
2020-04-03,135258.96,3918950.89
2020-04-02,141905.21,3912226.42
2020-04-01,143179.44,3899656.67
2020-03-31,150277.75,3887426.93
2020-03-30,134959.38,3872877.42
2020-03-29,130958.14,3868424.36
2020-03-28,149834.54,3882439.60
2020-03-27,126501.93,3851849.63
2020-03-26,137091.26,3849786.05
2020-03-25,142745.44,3828477.22
2020-03-24,128922.74,3804809.05
2020-03-23,134610.44,3788018.47
2020-03-22,118206.14,3751951.80
2020-03-21,134250.46,3752113.32
2020-03-20,111103.48,3731261.33
2020-03-19,129903.47,3739687.17
2020-03-18,126706.78,3712117.14
2020-03-17,128866.29,3710695.83
2020-03-16,140521.61,3699074.54
2020-03-15,129879.17,3676403.05
2020-03-14,136855.84,3660909.99
2020-03-13,125310.04,3632955.74
2020-03-12,118952.90,3618485.76
2020-03-11,127586.84,3609380.22
2020-03-10,127464.02,3580458.95
2020-03-09,125286.83,3557300.10
2020-03-08,129695.49,3549326.28
2020-03-07,122688.36,3535530.25
2020-03-06,116107.08,3515202.51
2020-03-05,113320.86,3506070.89
2020-03-04,128534.49,3504868.13
2020-03-03,129335.46,3472974.93
2020-03-02,130949.70,3442514.15
2020-03-01,135728.24,3416557.88
2020-02-29,130506.32,3373069.24
2020-02-28,144973.38,3347718.01
2020-02-27,119244.57,3295642.26
2020-02-26,124438.35,3270411.66
2020-02-25,115782.43,3254489.80
2020-02-24,119077.27,3237951.33
2020-02-23,112132.16,3228845.05
2020-02-22,98543.77,3217853.69
2020-02-21,118367.66,3226952.27
2020-02-20,113398.47,3216221.14
2020-02-19,119529.32,3202370.45
2020-02-18,102333.44,3178879.24
2020-02-17,125285.47,3179123.20
2020-02-16,117245.00,3135807.54
2020-02-15,117850.12,3119920.84
2020-02-14,114386.11,3101126.13
2020-02-13,108901.59,3075368.76
2020-02-12,110840.06,3069230.17
2020-02-11,109847.36,3054265.86
2020-02-10,98665.57,3038256.04
2020-02-09,104305.17,3026089.18
2020-02-08,117313.01,3008301.09
2020-02-07,115899.46,2986912.13
2020-02-06,102360.62,2963548.23
2020-02-05,106975.46,2954329.61
2020-02-04,112118.10,2932349.20
2020-02-03,96641.29,2900877.01
2020-02-02,98874.68,2893305.32
2020-02-01,104993.43,2887127.73
2020-01-31,92239.60,2852718.04
2020-01-30,105155.09,2838342.99
2020-01-29,92897.63,2733187.90
2020-01-28,94013.97,2640290.27
2020-01-27,108516.49,2546276.30
2020-01-26,99243.96,2437759.81
2020-01-25,109970.99,2338515.85
2020-01-24,101140.80,2228544.86
2020-01-23,107642.35,2127404.06
2020-01-22,107636.53,2019761.71
2020-01-21,99547.78,1912125.18
2020-01-20,96038.11,1812577.40
2020-01-19,102577.40,1716539.29
2020-01-18,81969.81,1613961.89
2020-01-17,101358.30,1531992.08
2020-01-16,99055.41,1430633.78
2020-01-15,88628.74,1331578.37
2020-01-14,102763.00,1242949.63
2020-01-13,95875.75,1140186.63
2020-01-12,93837.54,1044310.88
2020-01-11,86498.71,950473.34
2020-01-10,86517.08,863974.63
2020-01-09,95924.05,777457.55
2020-01-08,92535.56,681533.50
2020-01-07,93142.00,588997.94
2020-01-06,84995.05,495855.94
2020-01-05,80645.91,410860.89
2020-01-04,89069.60,330214.98
2020-01-03,92697.09,241145.38
2020-01-02,70583.74,148448.29
2020-01-01,77864.55,77864.55
2020-05-30,195548.88,5119111.03
2020-05-29,173478.57,5083354.82
2020-05-28,188741.97,5071528.54
2020-05-27,193103.47,5043251.69
2020-05-26,175244.76,4987162.33
2020-05-25,176480.24,4968193.54
2020-05-24,175821.11,4941272.80
